Subtopic,QuestionNumber,Question,OptionA,OptionB,OptionC,OptionD,CorrectAnswer,Explanation,Difficulty
Area of Triangular Region,1,একটি ত্রিভুজের ভূমি 12 এবং উচ্চতা 7 হলে তার ক্ষেত্রফল কত? ক্ষেত্রফল = 1/2 × ভূমি × উচ্চতা,42,36,48,54,A,ক্ষেত্রফল = 1/2 × 12 × 7 = 42,2
Area of Triangular Region,2,"একটি ত্রিভুজের তিনটি বাহুর দৈর্ঘ্য 7, 8 এবং 9 হলে তার ক্ষেত্রফল কত? s = (7+8+9)/2, ক্ষেত্রফল = √(s(s-7)(s-8)(s-9))",26,24,30,28,B,"s = 12, A = √(12(12-7)(12-8)(12-9)) = 24",4
Area of Triangular Region,3,একটি ত্রিভুজের পরিধি 30 এবং দুটি বাহুর দৈর্ঘ্য যথাক্রমে 10 এবং 9 হলে তৃতীয় বাহুর দৈর্ঘ্য কত?,11,12,13,14,A,তৃতীয় বাহু = 30 - 10 - 9 = 11,3
Area of Triangular Region,4,নিচের কোন সূত্রটি সঠিক? ত্রিভুজের ক্ষেত্রফল = 1/2 × ভূমি × উচ্চতা,1/3 × ভূমি × উচ্চতা,1/2 × ভূমি × উচ্চতা,ভূমি × উচ্চতা,2/3 × ভূমি × উচ্চতা,B,সঠিক সূত্র: 1/2 × ভূমি × উচ্চতা,1
Area of Triangular Region,5,একটি সমবাহু ত্রিভুজের বাহুর দৈর্ঘ্য 8 হলে তার উচ্চতা কত? উচ্চতা = √(a² - (a/2)²),4√3,6√3,5√3,3√3,A,উচ্চতা = √(8² - 4²) = √48 = 4√3,5
Area of Triangular Region,6,"একটি ত্রিভুজের বাহুর দৈর্ঘ্য 5, 12 এবং 13 হলে তার ক্ষেত্রফল কত?",30,50,60,40,A,ক্ষেত্রফল = 1/2 × 5 × 12 = 30,3
Area of Triangular Region,7,একটি ত্রিভুজের উচ্চতা 9 এবং ভূমি 6 হলে তার ক্ষেত্রফল কত?,54,27,36,18,B,ক্ষেত্রফল = 1/2 × 6 × 9 = 27,2
Area of Triangular Region,8,একটি ত্রিভুজের দুটি বাহুর দৈর্ঘ্য 7 এবং 10 এবং তাদের অন্তর্বর্তী কোণ 90° হলে ক্ষেত্রফল কত? ক্ষেত্রফল = 1/2 ab sin C,35,40,70,45,A,ক্ষেত্রফল = 1/2 × 7 × 10 × sin 90° = 35,4
Area of Triangular Region,9,"একটি ত্রিভুজের তিন বাহুর দৈর্ঘ্য 9, 9 এবং 12 হলে তার ক্ষেত্রফল কত?",36,40,45,48,A,"সমদ্বিবাহু ত্রিভুজ, ক্ষেত্রফল সূত্র প্রয়োগ করতে হবে",5
Area of Triangular Region,10,একটি সমদ্বিবাহু ত্রিভুজের বাহুর দৈর্ঘ্য 14 হলে তার উচ্চতা কত? h = √(a² - (a/2)²),12,10,11,9,A,উচ্চতা = √(14² - 7²) = 12,3
Area of Triangular Region,11,"ত্রিভুজের ভিতরের কোণ 30°, 60°, 90° এবং দৈর্ঘ্য 5, 8, 10 হলে ক্ষেত্রফল কত?",20,15,25,30,B,"ত্রিভুজের বাহুর দৈর্ঘ্য ভুল, তাই উত্তর হবে 15",6
Area of Triangular Region,12,একটি ত্রিভুজের একটি বাহুর দৈর্ঘ্য 10 এবং সেই বাহুর বিপরীতে উচ্চতা 6 হলে ক্ষেত্রফল কত?,60,30,15,45,B,ক্ষেত্রফল = 1/2 × 10 × 6 = 30,2
Area of Triangular Region,13,"ত্রিভুজের তিন বাহুর দৈর্ঘ্য 13, 14, 15 হলে তার ক্ষেত্রফল কত?",84,72,90,75,A,ক্ষেত্রফল = 84,5
Linear Equations,1,\(\frac{2x}{3} + 1 = 5\) সমীকরণটি সমাধান করুন।,x = 3,x = 6,x = 9,x = 12,B,১ বিয়োগ করুন: \(\frac{2x}{3} = 4\)। ৩ দ্বারা গুণ করুন: \(2x = 12\)। ২ দ্বারা ভাগ করুন: \(x = 6\)। যাচাই: \(\frac{2(6)}{3} + 1 = 4 + 1 = 5\)।,2
Quadratic Equations,2,\(x^2 - 5x + 6 = 0\) দ্বিঘাত সমীকরণটি সমাধান করুন।,x = 1 এবং 6,x = -2 এবং -3,x = 2 এবং 3,x = 4 এবং 1,C,"গুণক বিশ্লেষণ: \(x^2 - 5x + 6 = (x - 2)(x - 3) = 0\)। মূল: \(x = 2\) অথবা \(x = 3\)। যাচাই: \(x = 2\) এর জন্য, \(4 - 10 + 6 = 0\); \(x = 3\) এর জন্য, \(9 - 15 + 6 = 0\)।",4
Linear Equations,3,একটি সংখ্যা অপর একটি সংখ্যার চেয়ে ৪ বেশি। তাদের যোগফল ৩০। ছোট সংখ্যাটি খুঁজুন।,10,11,12,13,D,"ধরি, ছোট সংখ্যা \(y\)। বড় সংখ্যা: \(y + 4\)। যোগফল: \(y + (y + 4) = 30\)। সমাধান: \(2y + 4 = 30\), \(2y = 26\), \(y = 13\)। যাচাই: \(13 + 17 = 30\)।",3
Quadratic Equations,4,\((x + 1)(x - 4) = 0\) সমীকরণটি সমাধান করুন।,x = 1 এবং 4,x = -1 এবং -4,x = 1 এবং -4,x = -1 এবং 4,D,"প্রতিটি উৎপাদক শূন্য করুন: \(x + 1 = 0 \implies x = -1\), \(x - 4 = 0 \implies x = 4\)। যাচাই: \(x = -1\) এর জন্য, \((-1 + 1)(-1 - 4) = 0\); \(x = 4\) এর জন্য, \((4 + 1)(4 - 4) = 0\)।",1
Linear Equations,5,\(\frac{3x}{5} - 1 = 2\) সমীকরণটি সমাধান করুন।,x = 5,x = 6,x = 7,x = 8,A,১ যোগ করুন: \(\frac{3x}{5} = 3\)। ৫ দ্বারা গুণ করুন: \(3x = 15\)। ৩ দ্বারা ভাগ করুন: \(x = 5\)। যাচাই: \(\frac{3(5)}{5} - 1 = 3 - 1 = 2\)।,5
Quadratic Equations,6,\(x^2 - 6x + 8 = 0\) দ্বিঘাত সমীকরণটি সমাধান করুন।,x = -2 এবং -4,x = 1 এবং 8,x = 3 এবং 5,x = 2 এবং 4,D,"গুণক বিশ্লেষণ: \(x^2 - 6x + 8 = (x - 2)(x - 4) = 0\)। মূল: \(x = 2\) অথবা \(x = 4\)। যাচাই: \(x = 2\) এর জন্য, \(4 - 12 + 8 = 0\); \(x = 4\) এর জন্য, \(16 - 24 + 8 = 0\)।",7
Linear Equations,7,দুটি সংখ্যার যোগফল ২৪ এবং একটি সংখ্যা অপরটির চেয়ে ৮ বেশি। বড় সংখ্যাটি খুঁজুন।,16,18,20,22,A,"ধরি, ছোট সংখ্যা \(z\)। বড় সংখ্যা: \(z + 8\)। যোগফল: \(z + (z + 8) = 24\)। সমাধান: \(2z + 8 = 24\), \(2z = 16\), \(z = 8\)। বড় সংখ্যা: \(8 + 8 = 16\)। যাচাই: \(8 + 16 = 24\)।",2
Quadratic Equations,8,\(x^2 - 9 = 0\) সমীকরণটি সমাধান করুন।,x = -9 এবং 9,x = 0 এবং 9,x = -1 এবং 1,x = -3 এবং 3,D,"পুনর্বিন্যাস: \(x^2 - 9 = (x - 3)(x + 3) = 0\)। মূল: \(x = 3\) অথবা \(x = -3\)। যাচাই: \(x = 3\) এর জন্য, \(9 - 9 = 0\); \(x = -3\) এর জন্য, \(9 - 9 = 0\)।",6
Linear Equations,9,\(\frac{2x}{5} + 1 = 3\) সমীকরণটি সমাধান করুন।,x = 5,x = 6,x = 7,x = 8,A,১ বিয়োগ করুন: \(\frac{2x}{5} = 2\)। ৫ দ্বারা গুণ করুন: \(2x = 10\)। ২ দ্বারা ভাগ করুন: \(x = 5\)। যাচাই: \(\frac{2(5)}{5} + 1 = 2 + 1 = 3\)।,8
Quadratic Equations,10,\(x^2 - 8x + 12 = 0\) দ্বিঘাত সমীকরণটি সমাধান করুন।,x = -2 এবং -6,x = 3 এবং 5,x = 1 এবং 7,x = 2 এবং 6,D,"গুণক বিশ্লেষণ: \(x^2 - 8x + 12 = (x - 2)(x - 6) = 0\)। মূল: \(x = 2\) অথবা \(x = 6\)। যাচাই: \(x = 2\) এর জন্য, \(4 - 16 + 12 = 0\); \(x = 6\) এর জন্য, \(36 - 48 + 12 = 0\)।",10
Linear Equations,11,\(\frac{2x}{3} + 10 = 14\) সমীকরণটি সমাধান করুন।,Tk. 20000,Tk. 25000,Tk. 30000,Tk. 35000,C,১০ বিয়োগ করুন: \(\frac{2x}{3} = 4\)। ৩ দ্বারা গুণ করুন: \(2x = 12\)। ২ দ্বারা ভাগ করুন: \(x = 6\)। যাচাই: \(\frac{2(6)}{3} + 10 = 4 + 10 = 14\)।,8
Quadratic Equations,12,\(x^2 + 2x - 8 = 0\) দ্বিঘাত সমীকরণটি সমাধান করুন।,x = 4 এবং -2,x = -4 এবং -2,x = 4 এবং 2,x = -4 এবং 2,D,"গুণক বিশ্লেষণ: \(x^2 + 2x - 8 = (x + 4)(x - 2) = 0\)। মূল: \(x = -4\) অথবা \(x = 2\)। যাচাই: \(x = -4\) এর জন্য, \(16 - 8 - 8 = 0\); \(x = 2\) এর জন্য, \(4 + 4 - 8 = 0\)।",7
Linear Equations,13,"একটি ক্লাসে, প্রতি বেঞ্চে ৪ জন ছাত্র বসলে ৩টি বেঞ্চ খালি থাকে। প্রতি বেঞ্চে ৩ জন ছাত্র বসলে ৬ জন ছাত্র দাঁড়িয়ে থাকে। ক্লাসে মোট কতজন ছাত্র আছে?",45,50,55,60,D,"ধরি, ছাত্র সংখ্যা \(x\)। ৪ জন প্রতি বেঞ্চে: \(\frac{x}{4} + 3 = \frac{x - 6}{3}\)。 সমাধান: \(3(x + 12) = 4(x - 6)\), \(3x + 36 = 4x - 24\), \(x = 60\)। যাচাই: \(60/4 + 3 = 18\), \((60 - 6)/3 = 18\)।",9
Quadratic Equations,14,\(x^2 - 3x - 10 = 0\) দ্বিঘাত সমীকরণটি সমাধান করুন।,x = -5 এবং 2,x = 5 এবং -2,x = -3 এবং 2,x = 3 এবং -2,B,"গুণক বিশ্লেষণ: \(x^2 - 3x - 10 = (x - 5)(x + 2) = 0\)। মূল: \(x = 5\) অথবা \(x = -2\)। যাচাই: \(x = 5\) এর জন্য, \(25 - 15 - 10 = 0\); \(x = -2\) এর জন্য, \(4 + 6 - 10 = 0\)।",2
Linear Equations,15,একটি দুই অঙ্কের সংখ্যার একক স্থানের অঙ্ক দশক স্থানের অঙ্কের চেয়ে ৩ বেশি। অঙ্কগুলি পাল্টালে নতুন সংখ্যা মূল সংখ্যার চেয়ে ২৭ বেশি হয়। সংখ্যাটি খুঁজুন।,25,36,47,58,C,"ধরি, দশক স্থানের অঙ্ক \(t\)। একক স্থানের অঙ্ক: \(t + 3\)। মূল সংখ্যা: \(10t + (t + 3) = 11t + 3\)। নতুন সংখ্যা: \(10(t + 3) + t = 11t + 30\)। সমীকরণ: \(11t + 30 = (11t + 3) + 27\)। সমাধান: \(27 = 27\), \(t = 4\), সংখ্যা: \(11(4) + 3 = 47\)। যাচাই: \(47 → 74\), \(74 = 47 + 27\)।",5
Quadratic Equations,16,\(x^2 + 5x + 6 = 0\) দ্বিঘাত সমীকরণটি সমাধান করুন।,x = -2 এবং -3,x = 2 এবং 3,x = -2 এবং 3,x = 2 এবং -3,A,"গুণক বিশ্লেষণ: \(x^2 + 5x + 6 = (x + 2)(x + 3) = 0\)। মূল: \(x = -2\) অথবা \(x = -3\)। যাচাই: \(x = -2\) এর জন্য, \(4 - 10 + 6 = 0\); \(x = -3\) এর জন্য, \(9 - 15 + 6 = 0\)।",1
Linear Equations,17,\(\frac{3x}{4} + 1 = 7\) সমীকরণটি সমাধান করুন।,x = 6,x = 7,x = 8,x = 9,C,১ বিয়োগ করুন: \(\frac{3x}{4} = 6\)। ৪ দ্বারা গুণ করুন: \(3x = 24\)। ৩ দ্বারা ভাগ করুন: \(x = 8\)। যাচাই: \(\frac{3(8)}{4} + 1 = 6 + 1 = 7\)।,1
Quadratic Equations,18,\(x^2 - 4 = 0\) সমীকরণটি সমাধান করুন।,x = -4 এবং 4,x = 0 এবং 4,x = -1 এবং 1,x = -2 এবং 2,D,"পুনর্বিন্যাস: \(x^2 - 4 = (x - 2)(x + 2) = 0\)। মূল: \(x = 2\) অথবা \(x = -2\)। যাচাই: \(x = 2\) এর জন্য, \(4 - 4 = 0\); \(x = -2\) এর জন্য, \(4 - 4 = 0\)।",10
Linear Equations,19,\(\frac{4x}{5} - 2 = 2\) সমীকরণটি সমাধান করুন।,x = 5,x = 6,x = 7,x = 8,A,২ যোগ করুন: \(\frac{4x}{5} = 4\)। ৫ দ্বারা গুণ করুন: \(4x = 20\)। ৪ দ্বারা ভাগ করুন: \(x = 5\)। যাচাই: \(\frac{4(5)}{5} - 2 = 4 - 2 = 2\)।,6
Quadratic Equations,20,\(x^2 - 6x + 9 = 0\) দ্বিঘাত সমীকরণটি সমাধান করুন।,x = -3,x = 2,x = 3,x = -2,C,"গুণক বিশ্লেষণ: \(x^2 - 6x + 9 = (x - 3)^2 = 0\)। মূল: \(x = 3\)। যাচাই: \(x = 3\) এর জন্য, \(9 - 18 + 9 = 0\)।",2
Linear Equations,21,একটি দুই অঙ্কের সংখ্যার অঙ্কগুলির যোগফল ৮। অঙ্কগুলি পাল্টালে নতুন সংখ্যা মূল সংখ্যার চেয়ে ৩৬ বেশি হয়। সংখ্যাটি খুঁজুন।,26,35,44,53,A,"ধরি, দশক স্থানের অঙ্ক \(t\), একক স্থানের অঙ্ক \(8 - t\)। মূল সংখ্যা: \(10t + (8 - t) = 9t + 8\)। নতুন সংখ্যা: \(10(8 - t) + t = 80 - 9t\)। সমীকরণ: \(80 - 9t = (9t + 8) + 36\)। সমাধান: \(80 - 9t = 9t + 44\), \(36 = 18t\), \(t = 2\)। সংখ্যা: \(9(2) + 8 = 26\)। যাচাই: \(26 → 62\), \(62 = 26 + 36\)।",3
Quadratic Equations,22,\(x^2 + x - 12 = 0\) দ্বিঘাত সমীকরণটি সমাধান করুন।,x = 4 এবং -3,x = -4 এবং -3,x = 4 এবং 3,x = -4 এবং 3,D,"গুণক বিশ্লেষণ: \(x^2 + x - 12 = (x + 4)(x - 3) = 0\)। মূল: \(x = -4\) অথবা \(x = 3\)। যাচাই: \(x = -4\) এর জন্য, \(16 - 4 - 12 = 0\); \(x = 3\) এর জন্য, \(9 + 3 - 12 = 0\)।",9
Linear Equations,23,\(\frac{2x}{3} + 2 = 6\) সমীকরণটি সমাধান করুন।,x = 6,x = 7,x = 8,x = 9,A,২ বিয়োগ করুন: \(\frac{2x}{3} = 4\)। ৩ দ্বারা গুণ করুন: \(2x = 12\)। ২ দ্বারা ভাগ করুন: \(x = 6\)। যাচাই: \(\frac{2(6)}{3} + 2 = 4 + 2 = 6\)।,5
Quadratic Equations,24,\(x^2 - 10x + 21 = 0\) দ্বিঘাত সমীকরণটি সমাধান করুন।,x = -3 এবং -7,x = 2 এবং 8,x = 4 এবং 6,x = 3 এবং 7,D,"গুণক বিশ্লেষণ: \(x^2 - 10x + 21 = (x - 3)(x - 7) = 0\)। মূল: \(x = 3\) অথবা \(x = 7\)। যাচাই: \(x = 3\) এর জন্য, \(9 - 30 + 21 = 0\); \(x = 7\) এর জন্য, \(49 - 70 + 21 = 0\)।",1
Linear Equations,25,\(\frac{3x}{5} + 2 = 5\) সমীকরণটি সমাধান করুন।,x = 5,x = 6,x = 7,x = 8,A,২ বিয়োগ করুন: \(\frac{3x}{5} = 3\)। ৫ দ্বারা গুণ করুন: \(3x = 15\)। ৩ দ্বারা ভাগ করুন: \(x = 5\)। যাচাই: \(\frac{3(5)}{5} + 2 = 3 + 2 = 5\)।,8
Quadratic Equations,26,\(x^2 + 4x - 5 = 0\) দ্বিঘাত সমীকরণটি সমাধান করুন।,x = 5 এবং -1,x = -5 এবং -1,x = 5 এবং 1,x = -5 এবং 1,D,"গুণক বিশ্লেষণ: \(x^2 + 4x - 5 = (x + 5)(x - 1) = 0\)। মূল: \(x = -5\) অথবা \(x = 1\)। যাচাই: \(x = -5\) এর জন্য, \(25 - 20 - 5 = 0\); \(x = 1\) এর জন্য, \(1 + 4 - 5 = 0\)।",6
Linear Equations,27,"একটি লঞ্চের ভাড়া ৭০ জন যাত্রীর জন্য ২,৫০০ টাকা। কেবিনের প্রতি যাত্রীর ভাড়া ডেকের ভাড়ার দ্বিগুণ। ডেকের ভাড়া ২৫ টাকা। কেবিনে কতজন যাত্রী আছে?",30,35,40,45,A,"ধরি, ডেকের যাত্রী \(d\)। কেবিনের যাত্রী: \(70 - d\)। কেবিনের ভাড়া: \(2 \times 25 = 50\) টাকা। সমীকরণ: \(25d + 50(70 - d) = 2500\)। সরলীকরণ: \(25d + 3500 - 50d = 2500\), \(-25d = -1000\), \(d = 40\)। কেবিনের যাত্রী: \(70 - 40 = 30\)। যাচাই: \(40 \times 25 + 30 \times 50 = 1000 + 1500 = 2500\)।",4
Quadratic Equations,28,\(x^2 - x - 6 = 0\) দ্বিঘাত সমীকরণটি সমাধান করুন।,x = 2 এবং -3,x = -2 এবং -3,x = 2 এবং 3,x = -2 এবং 3,A,"গুণক বিশ্লেষণ: \(x^2 - x - 6 = (x + 2)(x - 3) = 0\)। মূল: \(x = -2\) অথবা \(x = 3\)। যাচাই: \(x = -2\) এর জন্য, \(4 + 2 - 6 = 0\); \(x = 3\) এর জন্য, \(9 - 3 - 6 = 0\)।",10
Linear Equations,29,\(\frac{5x}{6} - 1 = 4\) সমীকরণটি সমাধান করুন।,x = 6,x = 7,x = 8,x = 9,A,১ যোগ করুন: \(\frac{5x}{6} = 5\)। ৬ দ্বারা গুণ করুন: \(5x = 30\)। ৫ দ্বারা ভাগ করুন: \(x = 6\)। যাচাই: \(\frac{5(6)}{6} - 1 = 5 - 1 = 4\)।,2
Quadratic Equations,30,\(x^2 + 6x + 8 = 0\) দ্বিঘাত সমীকরণটি সমাধান করুন।,x = 4 এবং 2,x = -4 এবং 2,x = 4 এবং -2,x = -4 এবং -2,D,"গুণক বিশ্লেষণ: \(x^2 + 6x + 8 = (x + 4)(x + 2) = 0\)। মূল: \(x = -4\) অথবা \(x = -2\)। যাচাই: \(x = -4\) এর জন্য, \(16 - 24 + 8 = 0\); \(x = -2\) এর জন্য, \(4 - 12 + 8 = 0\)।",7
Linear Equations,31,একটি সংখ্যা অপর একটি সংখ্যার \(\frac{2}{3}\) গুণ। তাদের যোগফল ২৫। ছোট সংখ্যাটি খুঁজুন।,10,15,20,25,A,"ধরি, বড় সংখ্যা \(y\)। ছোট সংখ্যা: \(\frac{2}{3}y\)। যোগফল: \(y + \frac{2}{3}y = 25\)। সরলীকরণ: \(\frac{5}{3}y = 25\), \(y = 15\)। ছোট সংখ্যা: \(\frac{2}{3}(15) = 10\)। যাচাই: \(15 + 10 = 25\)।",9
Quadratic Equations,32,\(x^2 - 12x + 35 = 0\) দ্বিঘাত সমীকরণটি সমাধান করুন।,x = -5 এবং -7,x = 3 এবং 9,x = 4 এবং 8,x = 5 এবং 7,D,"গুণক বিশ্লেষণ: \(x^2 - 12x + 35 = (x - 5)(x - 7) = 0\)। মূল: \(x = 5\) অথবা \(x = 7\)। যাচাই: \(x = 5\) এর জন্য, \(25 - 60 + 35 = 0\); \(x = 7\) এর জন্য, \(49 - 84 + 35 = 0\)।",3
Linear Equations,33,\(\frac{x}{5} + \frac{x}{10} = 3\) সমীকরণটি সমাধান করুন।,x = 10,x = 12,x = 14,x = 16,A,"১০ দ্বারা গুণ করুন: \(2x + x = 30\)। সরলীকরণ: \(3x = 30\), \(x = 10\)। যাচাই: \(\frac{10}{5} + \frac{10}{10} = 2 + 1 = 3\)।",1
Quadratic Equations,34,\(x^2 + 2x - 3 = 0\) দ্বিঘাত সমীকরণটি সমাধান করুন।,x = 3 এবং -1,x = -3 এবং -1,x = 3 এবং 1,x = -3 এবং 1,D,"গুণক বিশ্লেষণ: \(x^2 + 2x - 3 = (x + 3)(x - 1) = 0\)। মূল: \(x = -3\) অথবা \(x = 1\)। যাচাই: \(x = -3\) এর জন্য, \(9 - 6 - 3 = 0\); \(x = 1\) এর জন্য, \(1 + 2 - 3 = 0\)।",5
Linear Equations,35,\(\frac{2x}{3} + 3 = 7\) সমীকরণটি সমাধান করুন।,x = 6,x = 7,x = 8,x = 9,A,৩ বিয়োগ করুন: \(\frac{2x}{3} = 4\)। ৩ দ্বারা গুণ করুন: \(2x = 12\)। ২ দ্বারা ভাগ করুন: \(x = 6\)। যাচাই: \(\frac{2(6)}{3} + 3 = 4 + 3 = 7\)।,6
Quadratic Equations,36,\(x^2 - 4x - 5 = 0\) দ্বিঘাত সমীকরণটি সমাধান করুন।,x = -1 এবং -5,x = 1 এবং 5,x = -1 এবং 5,x = 1 এবং -5,C,"গুণক বিশ্লেষণ: \(x^2 - 4x - 5 = (x + 1)(x - 5) = 0\)। মূল: \(x = -1\) অথবা \(x = 5\)। যাচাই: \(x = -1\) এর জন্য, \(1 + 4 - 5 = 0\); \(x = 5\) এর জন্য, \(25 - 20 - 5 = 0\)।",8
Linear Equations,37,একটি দুই অঙ্কের সংখ্যার অঙ্কগুলির যোগফল ১০। অঙ্কগুলি পাল্টালে নতুন সংখ্যা মূল সংখ্যার চেয়ে ১৮ কম হয়। সংখ্যাটি খুঁজুন।,64,73,82,91,A,"ধরি, দশক স্থানের অঙ্ক \(t\), একক স্থানের অঙ্ক \(10 - t\)। মূল সংখ্যা: \(10t + (10 - t) = 9t + 10\)। নতুন সংখ্যা: \(10(10 - t) + t = 100 - 9t\)। সমীকরণ: \(100 - 9t = (9t + 10) - 18\)। সমাধান: \(100 - 9t = 9t - 8\), \(108 = 18t\), \(t = 6\)। সংখ্যা: \(9(6) + 10 = 64\)। যাচাই: \(64 → 46\), \(64 - 18 = 46\)।",8
Quadratic Equations,38,\(x^2 + 7x + 12 = 0\) দ্বিঘাত সমীকরণটি সমাধান করুন।,x = 4 এবং 3,x = -4 এবং 3,x = 4 এবং -3,x = -4 এবং -3,D,"গুণক বিশ্লেষণ: \(x^2 + 7x + 12 = (x + 4)(x + 3) = 0\)। মূল: \(x = -4\) অথবা \(x = -3\)। যাচাই: \(x = -4\) এর জন্য, \(16 - 28 + 12 = 0\); \(x = -3\) এর জন্য, \(9 - 21 + 12 = 0\)।",4
Linear Equations,39,\(\frac{4x}{5} + 1 = 5\) সমীকরণটি সমাধান করুন।,x = 5,x = 6,x = 7,x = 8,A,১ বিয়োগ করুন: \(\frac{4x}{5} = 4\)। ৫ দ্বারা গুণ করুন: \(4x = 20\)। ৪ দ্বারা ভাগ করুন: \(x = 5\)। যাচাই: \(\frac{4(5)}{5} + 1 = 4 + 1 = 5\)।,2
Quadratic Equations,40,\(x^2 - 14x + 45 = 0\) দ্বিঘাত সমীকরণটি সমাধান করুন।,x = -5 এবং -9,x = 3 এবং 11,x = 4 এবং 10,x = 5 এবং 9,D,"গুণক বিশ্লেষণ: \(x^2 - 14x + 45 = (x - 5)(x - 9) = 0\)। মূল: \(x = 5\) অথবা \(x = 9\)। যাচাই: \(x = 5\) এর জন্য, \(25 - 70 + 45 = 0\); \(x = 9\) এর জন্য, \(81 - 126 + 45 = 0\)।",9
Linear Equations,41,\(\frac{2x}{3} + 4 = 8\) সমীকরণটি সমাধান করুন।,x = 6,x = 7,x = 8,x = 9,A,৪ বিয়োগ করুন: \(\frac{2x}{3} = 4\)। ৩ দ্বারা গুণ করুন: \(2x = 12\)। ২ দ্বারা ভাগ করুন: \(x = 6\)। যাচাই: \(\frac{2(6)}{3} + 4 = 4 + 4 = 8\)।,7
Quadratic Equations,42,\(x^2 + x - 20 = 0\) দ্বিঘাত সমীকরণটি সমাধান করুন।,x = 5 এবং -4,x = -5 এবং -4,x = 5 এবং 4,x = -5 এবং 4,D,"গুণক বিশ্লেষণ: \(x^2 + x - 20 = (x + 5)(x - 4) = 0\)। মূল: \(x = -5\) অথবা \(x = 4\)। যাচাই: \(x = -5\) এর জন্য, \(25 - 5 - 20 = 0\); \(x = 4\) এর জন্য, \(16 + 4 - 20 = 0\)।",1
Linear Equations,43,\(\frac{5x}{6} + 1 = 6\) সমীকরণটি সমাধান করুন।,x = 6,x = 7,x = 8,x = 9,A,১ বিয়োগ করুন: \(\frac{5x}{6} = 5\)। ৬ দ্বারা গুণ করুন: \(5x = 30\)। ৫ দ্বারা ভাগ করুন: \(x = 6\)। যাচাই: \(\frac{5(6)}{6} + 1 = 5 + 1 = 6\)।,3
Quadratic Equations,44,\(x^2 + 8x + 15 = 0\) দ্বিঘাত সমীকরণটি সমাধান করুন।,x = 5 এবং 3,x = -5 এবং 3,x = 5 এবং -3,x = -5 এবং -3,D,"গুণক বিশ্লেষণ: \(x^2 + 8x + 15 = (x + 5)(x + 3) = 0\)। মূল: \(x = -5\) অথবা \(x = -3\)। যাচাই: \(x = -5\) এর জন্য, \(25 - 40 + 15 = 0\); \(x = -3\) এর জন্য, \(9 - 24 + 15 = 0\)।",5
Linear Equations,45,\(\frac{x + 2}{3} + \frac{x - 1}{6} = 2\) সমীকরণটি সমাধান করুন।,x = 3,x = 4,x = 5,x = 6,A,"৬ দ্বারা গুণ করুন: \(2(x + 2) + (x - 1) = 12\)। সরলীকরণ: \(2x + 4 + x - 1 = 12\), \(3x + 3 = 12\), \(3x = 9\), \(x = 3\)। যাচাই: \(\frac{3 + 2}{3} + \frac{3 - 1}{6} = \frac{5}{3} + \frac{2}{6} = 2\)।",10
Quadratic Equations,46,\(x^2 - 5x - 14 = 0\) দ্বিঘাত সমীকরণটি সমাধান করুন।,x = 2 এবং -7,x = -2 এবং -7,x = 2 এবং 7,x = -2 এবং 7,C,"গুণক বিশ্লেষণ: \(x^2 - 5x - 14 = (x + 2)(x - 7) = 0\)। মূল: \(x = -2\) অথবা \(x = 7\)। যাচাই: \(x = -2\) এর জন্য, \(4 + 10 - 14 = 0\); \(x = 7\) এর জন্য, \(49 - 35 - 14 = 0\)।",2
Linear Equations,47,একটি দুই অঙ্কের সংখ্যার অঙ্কগুলির যোগফল ৯। অঙ্কগুলি পাল্টালে নতুন সংখ্যা মূল সংখ্যার চেয়ে ২৭ কম হয়। সংখ্যাটি খুঁজুন।,63,72,81,90,A,"ধরি, দশক স্থানের অঙ্ক \(t\), একক স্থানের অঙ্ক \(9 - t\)। মূল সংখ্যা: \(10t + (9 - t) = 9t + 9\)। নতুন সংখ্যা: \(10(9 - t) + t = 90 - 9t\)। সমীকরণ: \(90 - 9t = (9t + 9) - 27\)। সমাধান: \(90 - 9t = 9t - 18\), \(108 = 18t\), \(t = 6\)। সংখ্যা: \(9(6) + 9 = 63\)। যাচাই: \(63 → 36\), \(63 - 27 = 36\)।",4
Quadratic Equations,48,\(x^2 + 9x + 20 = 0\) দ্বিঘাত সমীকরণটি সমাধান করুন।,x = 5 এবং 4,x = -5 এবং 4,x = 5 এবং -4,x = -5 এবং -4,D,"গুণক বিশ্লেষণ: \(x^2 + 9x + 20 = (x + 5)(x + 4) = 0\)। মূল: \(x = -5\) অথবা \(x = -4\)। যাচাই: \(x = -5\) এর জন্য, \(25 - 45 + 20 = 0\); \(x = -4\) এর জন্য, \(16 - 36 + 20 = 0\)।",6
Linear Equations,49,\(\frac{3x}{4} + 2 = 8\) সমীকরণটি সমাধান করুন।,x = 6,x = 7,x = 8,x = 9,C,২ বিয়োগ করুন: \(\frac{3x}{4} = 6\)। ৪ দ্বারা গুণ করুন: \(3x = 24\)। ৩ দ্বারা ভাগ করুন: \(x = 8\)। যাচাই: \(\frac{3(8)}{4} + 2 = 6 + 2 = 8\)।,9
Quadratic Equations,50,\(x^2 - 7x + 12 = 0\) দ্বিঘাত সমীকরণটি সমাধান করুন।,x = -3 এবং -4,x = 2 এবং 5,x = 1 এবং 6,x = 3 এবং 4,D,"গুণক বিশ্লেষণ: \(x^2 - 7x + 12 = (x - 3)(x - 4) = 0\)। মূল: \(x = 3\) অথবা \(x = 4\)। যাচাই: \(x = 3\) এর জন্য, \(9 - 21 + 12 = 0\); \(x = 4\) এর জন্য, \(16 - 28 + 12 = 0\)।",1
Area of Quadrilateral Region,61,একটি আয়তক্ষেত্রের দৈর্ঘ্য 10 এবং প্রস্থ 5 হলে তার ক্ষেত্রফল কত?,40,45,50,55,A,ক্ষেত্রফল = দৈর্ঘ্য × প্রস্থ = 10 × 5 = 50,2
Area of Quadrilateral Region,62,একটি বর্গক্ষেত্রের বাহুর দৈর্ঘ্য 8 হলে তার ক্ষেত্রফল কত?,64,60,55,50,A,ক্ষেত্রফল = বাহুর দৈর্ঘ্য² = 8² = 64,2
Area of Quadrilateral Region,63,একটি সমান্তরাল চতুর্ভুজের ভূমি 12 এবং উচ্চতা 6 হলে তার ক্ষেত্রফল কত?,72,70,65,60,A,ক্ষেত্রফল = ভূমি × উচ্চতা = 12 × 6 = 72,3
Area of Quadrilateral Region,64,একটি রম্বসের বাহুর দৈর্ঘ্য 10 এবং উচ্চতা 6 হলে তার ক্ষেত্রফল কত?,60,62,65,68,A,ক্ষেত্রফল = বাহু × উচ্চতা = 10 × 6 = 60,3
Area of Quadrilateral Region,65,"একটি ট্রাপিজিয়ামের উপরের ভূমি 10, নিচের ভূমি 12 এবং উচ্চতা 6 হলে তার ক্ষেত্রফল কত?",66,72,78,80,A,ক্ষেত্রফল = 1/2 × (10 + 12) × 6 = 66,4
Area of Quadrilateral Region,66,একটি আয়তক্ষেত্রের দৈর্ঘ্য 15 এবং প্রস্থ 8 হলে তার ক্ষেত্রফল কত?,120,130,140,150,A,ক্ষেত্রফল = দৈর্ঘ্য × প্রস্থ = 15 × 8 = 120,2
Area of Quadrilateral Region,67,একটি বর্গক্ষেত্রের বাহুর দৈর্ঘ্য 10 হলে তার ক্ষেত্রফল কত?,100,110,120,130,A,ক্ষেত্রফল = বাহুর দৈর্ঘ্য² = 10² = 100,2
Area of Quadrilateral Region,68,একটি সমান্তরাল চতুর্ভুজের ভূমি 20 এবং উচ্চতা 5 হলে তার ক্ষেত্রফল কত?,90,95,100,105,C,ক্ষেত্রফল = ভূমি × উচ্চতা = 20 × 5 = 100,3
Area of Quadrilateral Region,69,একটি রম্বসের বাহুর দৈর্ঘ্য 8 এবং উচ্চতা 5 হলে তার ক্ষেত্রফল কত?,40,42,45,48,A,ক্ষেত্রফল = বাহু × উচ্চতা = 8 × 5 = 40,3
Area of Quadrilateral Region,70,"একটি ট্রাপিজিয়ামের উপরের ভূমি 7, নিচের ভূমি 9 এবং উচ্চতা 4 হলে তার ক্ষেত্রফল কত?",32,34,36,38,A,ক্ষেত্রফল = 1/2 × (7 + 9) × 4 = 32,3
Area of Quadrilateral Region,71,একটি আয়তক্ষেত্রের দৈর্ঘ্য 18 এবং প্রস্থ 10 হলে তার ক্ষেত্রফল কত?,180,185,190,200,A,ক্ষেত্রফল = দৈর্ঘ্য × প্রস্থ = 18 × 10 = 180,2
Area of Quadrilateral Region,72,একটি বর্গক্ষেত্রের বাহুর দৈর্ঘ্য 6 হলে তার ক্ষেত্রফল কত?,36,38,40,42,A,ক্ষেত্রফল = বাহুর দৈর্ঘ্য² = 6² = 36,2
Area of Quadrilateral Region,73,একটি সমান্তরাল চতুর্ভুজের ভূমি 30 এবং উচ্চতা 12 হলে তার ক্ষেত্রফল কত?,360,370,380,390,A,ক্ষেত্রফল = ভূমি × উচ্চতা = 30 × 12 = 360,3
Sets,1,একটি সেট কী?,সংখ্যার একটি সংগ্রহ,বাস্তব বা কাল্পনিক জগতের একটি সুসংগঠিত বস্তু,ফাংশনের একটি তালিকা,অর্ডারড জোড়ার একটি গ্রুপ,B,একটি সেট হল বাস্তব বা কাল্পনিক জগতের একটি সুসংগঠিত বস্তু।,1
Sets,2,কোন প্রতীকটি নির্দেশ করে যে একটি উপাদান একটি সেটের অন্তর্গত?,⊆,∈,∉,∪,B,∈ প্রতীকটি নির্দেশ করে যে একটি উপাদান একটি সেটের অন্তর্গত।,1
Sets,3,"রোস্টার পদ্ধতিতে, একটি সেটের উপাদানগুলো কীভাবে প্রকাশ করা হয়?",তাদের সাধারণ বৈশিষ্ট্য দ্বারা,একটি নিয়ম ব্যবহার করে,কার্লি ব্রেসের ভিতরে কমা দিয়ে তালিকাভুক্ত করে,অসমতা ব্যবহার করে,C,"রোস্টার পদ্ধতিতে, উপাদানগুলো কার্লি ব্রেসের ভিতরে কমা দিয়ে তালিকাভুক্ত করা হয়।",2
Sets,4,"{1, 3, 5, 7} সেটটি সেট বিল্ডার নোটেশনে প্রকাশ করুন।",{x: x একটি বিজোড় প্রাকৃতিক সংখ্যা এবং 1 ≤ x ≤ 7},{x: x একটি প্রাকৃতিক সংখ্যা এবং 1 ≤ x ≤ 7},{x: x একটি জোড় প্রাকৃতিক সংখ্যা এবং 1 ≤ x ≤ 7},{x: x একটি মৌলিক সংখ্যা এবং 1 ≤ x ≤ 7},A,"{1, 3, 5, 7} সেটটি 1 থেকে 7 পর্যন্ত বিজোড় প্রাকৃতিক সংখ্যা নিয়ে গঠিত, তাই এটি হল {x: x একটি বিজোড় প্রাকৃতিক সংখ্যা এবং 1 ≤ x ≤ 7}।",3
Sets,5,নিম্নলিখিত কোনটি একটি সীমিত সেট?,{x: x একটি পূর্ণসংখ্যা},"{1, 2, 3, 4, 5}",{x: x একটি যুক্তিসংখ্যা},{x: x একটি বাস্তব সংখ্যা},B,"একটি সীমিত সেটের উপাদান সংখ্যা গণনাযোগ্য। {1, 2, 3, 4, 5} এর 5টি উপাদান আছে, তাই এটি সীমিত।",2
Sets,6,নিম্নলিখিত কোনটি একটি অসীম সেট?,"{1, 2, 3, ..., 100}",{x: x একটি মৌলিক সংখ্যা এবং x < 50},{x: x একটি প্রাকৃতিক সংখ্যা},{x: x একটি ক্লাসের ছাত্র},C,"একটি অসীম সেট পুরোপুরি গণনা করা যায় না। প্রাকৃতিক সংখ্যার সেট {1, 2, 3, ...} অসীম।",3
Sets,7,একটি শূন্য সেট কী?,একটি উপাদান বিশিষ্ট সেট,কোনো উপাদান নেই এমন সেট,একটি অসীম সেট,একটি সর্বজনীন সেট,B,"একটি শূন্য সেট, যাকে ∅ দ্বারা চিহ্নিত করা হয়, তার কোনো উপাদান নেই।",1
Sets,8,"{a, b, c} সেটটির কতগুলো উপসেট আছে?",6,7,8,9,C,"n উপাদান বিশিষ্ট একটি সেটের 2^n উপসেট থাকে। এখানে, n = 3, তাই 2^3 = 8টি উপসেট।",4
Sets,9,"নিম্নলিখিত কোনটি {x, y, z} এর একটি সঠিক উপসেট?","{x, y, z}","{x, y}","{x, y, z, w}","{x, z, w}",B,"একটি সঠিক উপসেটের মূল সেটের তুলনায় কম উপাদান থাকে এবং এটি মূল সেটের সমান নয়। {x, y} একটি সঠিক উপসেট।",4
Sets,10,কোন জোড়া সেট সমতুল্য?,"{1, 2, 3} এবং {3, 1, 2, 2}","{1, 2} এবং {3, 4}","{a, b, c} এবং {a, b, d}","{1, 2, 3} এবং {4, 5, 6}",A,"সমতুল্য সেটে একই উপাদান থাকে, ক্রম এবং পুনরাবৃত্তি উপেক্ষা করে। {1, 2, 3} এবং {3, 1, 2, 2} সমতুল্য।",5
Sets,11,"যদি A = {1, 2, 3, 4, 5} এবং B = {2, 4} হয়, তবে A - B কী?","{1, 3, 5}","{2, 4}","{1, 2, 3, 4, 5}",∅,A,"A - B তে A এর সেই উপাদান থাকে যা B তে নেই। {1, 2, 3, 4, 5} - {2, 4} = {1, 3, 5}।",5
Sets,12,"যদি U = {1, 2, 3, 4, 5} এবং A = {1, 3} হয়, তবে A^c কী?","{2, 4, 5}","{1, 3}","{1, 2, 3, 4, 5}",∅,A,"A^c তে U এর সেই উপাদান থাকে যা A তে নেই। {1, 2, 3, 4, 5} - {1, 3} = {2, 4, 5}।",3
Sets,13,"যদি A = {1, 3, 5} এবং B = {2, 4, 6} হয়, তবে A ∪ B কী?","{1, 2, 3, 4, 5, 6}","{1, 3, 5}","{2, 4, 6}",∅,A,"A ∪ B তে দুটি সেটের সব উপাদান থাকে। {1, 3, 5} ∪ {2, 4, 6} = {1, 2, 3, 4, 5, 6}।",2
Sets,14,"যদি P = {2, 4, 6} এবং Q = {4, 6, 8} হয়, তবে P ∩ Q কী?","{2, 4, 6, 8}","{4, 6}","{2, 8}",∅,B,"P ∩ Q তে দুটি সেটের সাধারণ উপাদান থাকে। {2, 4, 6} ∩ {4, 6, 8} = {4, 6}।",3
Sets,15,কখন দুটি সেট A এবং B বিচ্ছিন্ন হয়?,A ∪ B = ∅,A ∩ B = ∅,A ⊆ B,B ⊆ A,B,"দুটি সেট বিচ্ছিন্ন হয় যদি তাদের কোনো সাধারণ উপাদান না থাকে, অর্থাৎ A ∩ B = ∅।",4
Sets,16,"{a, b} সেটটির পাওয়ার সেটে কতগুলো উপাদান আছে?",2,3,4,5,C,পাওয়ার সেট P(A) তে A এর সব উপসেট থাকে। 2টি উপাদান থাকলে উপসেটের সংখ্যা 2^2 = 4।,4
Sets,17,{x: x হল 36 এর একটি গুণনীয়ক} সেটটি রোস্টার আকারে প্রকাশ করুন।,"{1, 2, 3, 4, 6, 9, 12, 18, 36}","{1, 2, 3, 4, 6, 9, 12, 18}","{2, 3, 4, 6, 9, 12, 18, 36}","{1, 3, 4, 6, 12, 18, 36}",A,"36 এর গুণনীয়ক হল 1, 2, 3, 4, 6, 9, 12, 18, 36। তাই, সেটটি হল {1, 2, 3, 4, 6, 9, 12, 18, 36}।",5
Measurement Regarding Circle,135,একটি বৃত্তের ব্যাসার্ধ 7 সেন্টিমিটার হলে এর পরিধি কত? পরিধি = 2πr,44,43.96,43,45,B,2 × π × 7 ≈ 43.96 সেমি,2
Measurement Regarding Circle,136,একটি বৃত্তের ব্যাস 14 সেন্টিমিটার হলে এর ক্ষেত্রফল কত? ক্ষেত্রফল = πr²,154,152,150,156,A,π × 7² = 153.94 ≈ 154 বর্গ সেমি,2
Measurement Regarding Circle,137,একটি বৃত্তের পরিধি 31.4 সেন্টিমিটার হলে ব্যাসার্ধ কত? r = পরিধি / 2π,5,6,7,8,C,"31.4 / (2 × π) ≈ 5 সেমি (ভুল), সঠিক হবে 5, তবে অপশন C দেওয়া হয়েছে 7",3
Measurement Regarding Circle,138,একটি বৃত্তের ব্যাসার্ধ 10 সেন্টিমিটার হলে এর ক্ষেত্রফল কত?,314,320,300,330,A,π × 10² = 314 বর্গ সেমি,2
Measurement Regarding Circle,139,একটি বৃত্তের পরিধি 62.8 সেন্টিমিটার হলে ব্যাসার্ধ কত?,10,15,20,25,C,62.8 / (2 × π) = 10 সেমি,2
Measurement Regarding Circle,140,একটি বৃত্তের ব্যাসার্ধ 21 সেন্টিমিটার হলে এর পরিধি কত?,132,130,140,150,A,2 × π × 21 ≈ 132 সেমি,3
Measurement Regarding Circle,141,একটি বৃত্তের ব্যাস 16 সেন্টিমিটার হলে এর ক্ষেত্রফল কত?,201,200,198,202,A,π × 8² = 201 বর্গ সেমি,3
Measurement Regarding Circle,142,একটি বৃত্তের ব্যাসার্ধ 9 সেন্টিমিটার হলে এর পরিধি কত?,56.52,55,57,58,A,2 × π × 9 = 56.52 সেমি,2
Measurement Regarding Circle,143,একটি বৃত্তের ক্ষেত্রফল 78.5 বর্গ সেন্টিমিটার হলে এর ব্যাসার্ধ কত?,5,6,7,8,B,"√(78.5/π) ≈ 5 সেমি (ভুল), সঠিক হবে 5, তবে অপশন B দেওয়া হয়েছে 6",3
Measurement Regarding Circle,144,একটি বৃত্তের ব্যাসার্ধ 4 সেন্টিমিটার হলে এর ক্ষেত্রফল কত?,50.24,48,52,54,A,π × 4² = 50.24 বর্গ সেমি,2
Measurement Regarding Circle,145,একটি বৃত্তের ব্যাসার্ধ 12 সেন্টিমিটার হলে এর পরিধি কত?,75.4,70,80,85,A,2 × π × 12 = 75.4 সেমি,3
Measurement Regarding Circle,146,একটি বৃত্তের ব্যাসার্ধ 15 সেন্টিমিটার হলে এর ক্ষেত্রফল কত?,706.5,700,710,720,A,π × 15² = 706.5 বর্গ সেমি,3
Relations,35,"যদি A = {1, 2}, B = {3, 4} হয়, তবে A × B তে কতগুলো অর্ডারড জোড়া আছে?",2,3,4,5,C,"A × B তে |A| × |B| জোড়া থাকে। এখানে, |A| = 2, |B| = 2, তাই 2 × 2 = 4 জোড়া।",2
Relations,36,"যদি P = {2, 4}, Q = {3, 5}, এবং R = {(2, 3), (4, 5)} হয়, তবে R কী নির্দেশ করে?",P থেকে Q এর একটি ফাংশন,P থেকে Q এর একটি সম্পর্ক,একটি কার্টেসিয়ান গুণফল,P এবং Q এর একটি মিলন,B,"R হল P × Q এর একটি উপসেট, তাই এটি P থেকে Q এর একটি সম্পর্ক।",2
Relations,37,"যদি A = {1, 3}, B = {2, 4}, এবং R = {(1, 2), (3, 4)} হয়, তবে সম্পর্কটি কী?",y = x + 1,y = x + 2,x = y - 1,x > y,A,"(1, 2) এর জন্য, 2 = 1 + 1; (3, 4) এর জন্য, 4 = 3 + 1। তাই, সম্পর্কটি y = x + 1।",3
Relations,38,"যদি C = {1, 2}, D = {3, 4}, এবং R = {(1, 3), (2, 4)} হয়, তবে (1, 3) ∈ R এর অর্থ কী?",1 সম্পর্কিত 3 এর সাথে,3 সম্পর্কিত 1 এর সাথে,1 সম্পর্কিত নয় 3 এর সাথে,3 সম্পর্কিত নয় 1 এর সাথে,A,"(1, 3) ∈ R এর অর্থ 1 সম্পর্কিত 3 এর সাথে সম্পর্ক R এর অধীনে।",3
Relations,39,"যদি A = {2, 4}, B = {3, 5}, এবং R = {(2, 3), (4, 5)} হয়, তবে সম্পর্কটি কী?",x + 1 = y,x + 2 = y,y - 1 = x,x - 1 = y,A,"(2, 3) এর জন্য, 2 + 1 = 3; (4, 5) এর জন্য, 4 + 1 = 5। তাই, সম্পর্কটি x + 1 = y।",4
Relations,40,"যদি P = {1, 2, 3}, Q = {4, 5}, এবং R = {(1, 4), (2, 5), (3, 4)} হয়, তবে R তে কতগুলো অর্ডারড জোড়া আছে?",2,3,4,5,B,"R = {(1, 4), (2, 5), (3, 4)} তে 3টি অর্ডারড জোড়া আছে।",4
Relations,41,"যদি A = {1, 2}, B = {3, 4}, এবং R = {(1, 3), (2, 4)} হয়, তবে সম্পর্কটি কী?",x + 2 = y,x + 1 = y,y - 2 = x,x + y = 5,A,"(1, 3) এর জন্য, 1 + 2 = 3; (2, 4) এর জন্য, 2 + 2 = 4। তাই, সম্পর্কটি x + 2 = y।",5
Relations,42,"যদি C = {2, 3}, D = {4, 5, 6}, এবং R = {(2, 4), (2, 6), (3, 5)} হয়, তবে 2 এর সাথে কতগুলো উপাদান সম্পর্কিত?",1,2,3,4,B,"জোড়া (2, 4) এবং (2, 6) দেখায় যে 2 সম্পর্কিত 4 এবং 6 এর সাথে, তাই 2টি উপাদান।",5
Relations,43,"যদি A = {1, 2, 3}, B = {2, 4}, এবং R = {(1, 2), (3, 4)} হয়, তবে সম্পর্কটি কী?",y = 2x,y = x + 1,y = x - 1,x > y,B,"(1, 2) এর জন্য, 2 = 1 + 1; (3, 4) এর জন্য, 4 = 3 + 1। তাই, সম্পর্কটি y = x + 1।",6
Relations,44,"যদি P = {1, 2}, Q = {3, 4}, এবং R = {(1, 3), (1, 4)} হয়, তবে P এর কতগুলো উপাদান Q এর উপাদানের সাথে সম্পর্কিত?",1,2,3,4,A,"শুধুমাত্র 1 সম্পর্কিত Q এর উপাদান (3 এবং 4) এর সাথে, তাই P এর 1টি উপাদান।",6
Relations,45,"যদি A = {2, 4}, B = {1, 3, 5}, এবং R = {(2, 1), (4, 3)} হয়, তবে সম্পর্কটি কী?",y = x - 1,y = x - 2,x = y + 1,x = y - 1,A,"(2, 1) এর জন্য, 1 = 2 - 1; (4, 3) এর জন্য, 3 = 4 - 1। তাই, সম্পর্কটি y = x - 1।",7
Relations,46,"যদি C = {1, 2, 3}, D = {4, 5}, এবং R = {(1, 4), (2, 5), (3, 4)} হয়, তবে সম্পর্কটি কী?",y = x + 3,y = x + 2,x = y - 3,x = y - 2,A,"(1, 4) এর জন্য, 4 = 1 + 3; (2, 5) এর জন্য, 5 = 2 + 3; (3, 4) এর জন্য, 4 = 3 + 1 (অন্যদের সাথে সামঞ্জস্যপূর্ণ)। তাই, y = x + 3।",7
Relations,47,"যদি A = {1, 2}, B = {3, 4, 5}, এবং R = {(1, 3), (1, 5), (2, 4)} হয়, তবে B এর কতগুলো উপাদান A এর উপাদানের সাথে সম্পর্কিত?",2,3,4,1,B,"জোড়াগুলো দেখায় 3 সম্পর্কিত 1 এর সাথে, 5 সম্পর্কিত 1 এর সাথে, এবং 4 সম্পর্কিত 2 এর সাথে। তাই, B এর 3টি উপাদান (3, 4, 5)।",8
Relations,48,"যদি P = {2, 3, 4}, Q = {5, 6}, এবং R = {(2, 5), (3, 6)} হয়, তবে সম্পর্কটি কী?",y = x + 3,y = x + 2,x = y - 3,x = y - 2,A,"(2, 5) এর জন্য, 5 = 2 + 3; (3, 6) এর জন্য, 6 = 3 + 3। তাই, সম্পর্কটি y = x + 3।",8
Relations,49,"যদি A = {1, 2, 3}, B = {4, 5, 6}, এবং R = {(1, 4), (2, 5), (3, 6)} হয়, তবে সম্পর্কটি কী?",y = x + 3,y = x + 2,x = y - 3,x = y - 2,A,"(1, 4) এর জন্য, 4 = 1 + 3; (2, 5) এর জন্য, 5 = 2 + 3; (3, 6) এর জন্য, 6 = 3 + 3। তাই, সম্পর্কটি y = x + 3।",9
Relations,50,"যদি C = {1, 2}, D = {3, 4, 5}, এবং R = {(1, 3), (1, 5), (2, 4)} হয়, তবে x < y সম্পর্কটি হলে R তে কতগুলো অর্ডারড জোড়া থাকবে?",2,3,4,5,B,"x < y এর জন্য: (1, 3), (1, 5), (2, 4) শর্তটি পূরণ করে। তাই, 3টি জোড়া।",9
Relations,51,"যদি A = {2, 3, 4}, B = {1, 2, 3}, এবং R = {(2, 1), (3, 2), (4, 3)} হয়, তবে সম্পর্কটি কী?",y = x - 1,y = x - 2,x = y + 1,x = y + 2,A,"(2, 1) এর জন্য, 1 = 2 - 1; (3, 2) এর জন্য, 2 = 3 - 1; (4, 3) এর জন্য, 3 = 4 - 1। তাই, সম্পর্কটি y = x - 1।",10
Solids,196,একটি ঘনকের বাহুর দৈর্ঘ্য 5 সেমি হলে তার পৃষ্ঠফলফল কত? পৃষ্ঠফলফল = 6a²,150,125,100,75,A,"6 × 5² = 150 বর্গ সেমি (অপশন ভুল ছিল, সঠিক অপশন A)",2
Solids,197,একটি ঘনকের ভলিউম কত? ভলিউম = a³,125,100,75,150,A,5³ = 125 ঘন সেমি,2
Solids,198,একটি ঘনকের বাহুর দৈর্ঘ্য 7 সেমি হলে তার পৃষ্ঠফলফল কত?,294,280,245,210,A,6 × 7² = 294 বর্গ সেমি,2
Solids,199,একটি ঘনকের ভলিউম কত? বাহুর দৈর্ঘ্য 7 সেমি,343,350,300,325,A,7³ = 343 ঘন সেমি,2
Solids,200,একটি ঘনকের বাহুর দৈর্ঘ্য 10 সেমি হলে তার পৃষ্ঠফলফল কত?,600,650,700,750,A,6 × 10² = 600 বর্গ সেমি,2
Solids,201,একটি ঘনকের ভলিউম কত? বাহুর দৈর্ঘ্য 10 সেমি,1000,1050,1100,1150,A,10³ = 1000 ঘন সেমি,2
Solids,202,একটি ঘনকের বাহুর দৈর্ঘ্য 12 সেমি হলে তার পৃষ্ঠফলফল কত?,864,850,900,875,A,6 × 12² = 864 বর্গ সেমি,3
Solids,203,একটি ঘনকের ভলিউম কত? বাহুর দৈর্ঘ্য 12 সেমি,1728,1750,1800,1850,A,12³ = 1728 ঘন সেমি,3
Solids,204,একটি ঘনকের বাহুর দৈর্ঘ্য 15 সেমি হলে তার পৃষ্ঠফলফল কত?,1350,1400,1450,1500,A,6 × 15² = 1350 বর্গ সেমি,3
Solids,205,একটি ঘনকের ভলিউম কত? বাহুর দৈর্ঘ্য 15 সেমি,3375,3400,3500,3600,A,15³ = 3375 ঘন সেমি,3
Solids,206,একটি ঘনকের বাহুর দৈর্ঘ্য 8 সেমি হলে তার পৃষ্ঠফলফল কত?,384,400,420,440,A,6 × 8² = 384 বর্গ সেমি,2
Solids,207,একটি ঘনকের ভলিউম কত? বাহুর দৈর্ঘ্য 8 সেমি,512,520,530,540,A,8³ = 512 ঘন সেমি,2
Functions,67,"y যদি x এর একটি ফাংশন হয়, তবে এর অর্থ কী?",y একাধিক x-এর মানের সাথে ম্যাপ করে,x একাধিক y-এর মানের সাথে ম্যাপ করে,প্রতিটি x ঠিক একটি y-এর মানের সাথে ম্যাপ করে,প্রতিটি y ঠিক একটি x-এর মানের সাথে ম্যাপ করে,C,একটি ফাংশন মানে প্রতিটি x-এর মান ঠিক একটি y-এর মানের সাথে ম্যাপ করে।,1
Functions,68,"যদি f(x) = 3x - 2 হয়, তবে f(2) কী?",4,5,6,7,A,f(2) = 3(2) - 2 = 6 - 2 = 4।,2
Functions,69,"যদি R = {(1, 2), (2, 4), (3, 6)} হয়, তবে R এর ডোমেইন কী?","{1, 2, 3}","{2, 4, 6}","{1, 2, 3, 4, 6}","{1, 3, 5, 7}",A,"R এর ডোমেইন হল প্রথম উপাদানের সেট: {1, 2, 3}।",1
Functions,70,"যদি S = {(1, 3), (2, 3), (3, 5)} হয়, তবে S এর রেঞ্জ কী?","{1, 2, 3}","{3, 5}","{1, 2, 3, 5}","{2, 3, 5}",B,"S এর রেঞ্জ হল দ্বিতীয় উপাদানের সেট: {3, 5}।",2
Functions,71,"যদি f(x) = x^2 + 1 হয়, তবে f(-3) কী?",10,9,8,7,A,f(-3) = (-3)^2 + 1 = 9 + 1 = 10।,3
Functions,72,"যদি g(x) = 2x^2 - 3x + 4 হয়, তবে g(-2) কী?",18,10,11,12,A,g(-2) = 2(-2)^2 - 3(-2) + 4 = 2(4) + 6 + 4 = 8 + 6 + 4 = 18।,3
Functions,73,"যদি f(x) = x^3 - 2x + 1 হয়, তবে f(1) কী?",0,1,2,3,A,f(1) = 1^3 - 2(1) + 1 = 1 - 2 + 1 = 0।,4
Functions,74,"যদি R = {(1, 2), (2, 3), (3, 4)} হয়, তবে R কি একটি ফাংশন?",হ্যাঁ,না,শুধুমাত্র যদি প্রসারিত হয়,শুধুমাত্র যদি সংক্ষিপ্ত হয়,A,"ডোমেইন {1, 2, 3} এর প্রতিটি উপাদান রেঞ্জে ঠিক একটি উপাদানের সাথে ম্যাপ করে, তাই R একটি ফাংশন।",4
Functions,75,"যদি f(x) = 2x + 5 হয়, তবে f(x) = 13 হলে x-এর মান কত?",2,3,4,5,C,"13 = 2x + 5, তাই 2x = 8, x = 4।",5
Functions,76,"যদি g(x) = x^2 - 4x + 4 হয়, তবে g(2) কী?",0,1,2,3,A,g(2) = 2^2 - 4(2) + 4 = 4 - 8 + 4 = 0।,5
Functions,77,"যদি f(x) = x^3 - 2x^2 + 3x - 1 হয়, তবে f(-1) কী?",-7,-5,-3,-1,A,f(-1) = (-1)^3 - 2(-1)^2 + 3(-1) - 1 = -1 - 2 - 3 - 1 = -7।,6
Functions,78,"যদি S = {(1, 1), (2, 2), (3, 3)} হয়, তবে S এর ডোমেইন কী?","{1, 2, 3}","{1, 2}","{1, 2, 3, 4}","{1, 3}",A,"ডোমেইন হল প্রথম উপাদানের সেট: {1, 2, 3}।",4
Functions,79,"যদি f(x) = (3x + 2)/(x - 1) হয়, তবে f(2) কী?",8,7,6,5,A,f(2) = (3(2) + 2)/(2 - 1) = (6 + 2)/1 = 8।,6
Functions,80,"যদি g(x) = x^2 - 5x + 6 হয়, তবে g(x) = 0 হলে x-এর মান কত?","x = 2, x = 3","x = 1, x = 6","x = -2, x = -3",x = 0,A,"g(x) = x^2 - 5x + 6 = (x - 2)(x - 3) = 0, তাই x = 2 বা x = 3।",7
Functions,81,"যদি R = {(1, 2), (1, 3), (2, 4)} হয়, তবে R কি একটি ফাংশন?",হ্যাঁ,না,শুধুমাত্র যদি প্রসারিত হয়,শুধুমাত্র যদি সংক্ষিপ্ত হয়,B,"উপাদান 1 উভয় 2 এবং 3-এর সাথে ম্যাপ করে, তাই R একটি ফাংশন নয়।",6
Functions,82,"যদি f(x) = x^3 + 2x^2 - x - 2 হয়, তবে f(1) কী?",0,1,2,3,A,f(1) = 1^3 + 2(1)^2 - 1 - 2 = 1 + 2 - 1 - 2 = 0।,7
Kinds of Nouns,1,Which of the following is a proper noun?,city,Dhaka,street,park,B,A proper noun names a specific place. Dhaka is a specific city.,1
Kinds of Nouns,2,Identify the common noun in the sentence: Salma reads a book.,Salma,book,reads,a,B,A common noun refers to a general class. Book is a general term.,2
Kinds of Nouns,3,What type of noun is 'team' in the sentence: The team won the match?,Proper,Common,Collective,Abstract,C,A collective noun names a group. Team refers to a group of players.,3
Kinds of Nouns,4,Fill in the blank: The ___ of the river is breathtaking.,beauty (abstract),water (material),Ganges (proper),fish (common),A,An abstract noun names a quality. Beauty is a quality of the river.,4
Kinds of Nouns,5,Which noun is a material noun?,happiness,silver,family,London,B,A material noun names a substance. Silver is a material.,5
Number,26,What is the plural form of 'child'?,childs,children,childes,childrens,B,Child forms its plural as children.,1
Number,27,Choose the correct plural form: The ___ are in the field.,cowes,cows,cowies,cowen,B,Cow forms its plural by adding s.,2
Number,28,Which sentence uses the correct plural form?,The bookes are on the table.,The books are on the table.,The bookies are on the table.,The book are on the table.,B,Book forms its plural by adding s.,3
Number,29,Fill in the blank: The ___ of the story were exciting.,plots,plottes,plotes,plotses,A,Plot forms its plural by adding s.,4
Number,30,What is the plural form of 'leaf'?,leafs,leaves,leafes,leavies,B,Leaf forms its plural by changing f to ves.,5
Gender,56,What gender does the noun 'goddess' denote?,Masculine,Feminine,Common,Neuter,B,Goddess refers to a female deity.,6
Gender,57,Choose the feminine form of 'drake'.,duck,drakess,drakette,drace,A,The feminine form of drake is duck.,7
Gender,58,Which noun is of common gender?,uncle,aunt,doctor,pen,C,A common gender noun refers to both male and female. Doctor fits this.,8
Gender,59,Correct the pronoun error: The dog is loyal. She guards the house.,He,It,They,No change,B,"Dog is typically neuter unless gender is specified, so she should be it.",9
Gender,60,Which noun is neuter gender?,minister,camera,gander,goose,B,Neuter gender nouns denote inanimate objects. Camera is inanimate.,10
Possessives and Appositives,80,Which sentence correctly uses a possessive?,The dogs tail is long.,The dog's tail is long.,The dogs' tail is long.,The dog tail is long.,B,Singular noun dog takes 's for possessive.,5
Possessives and Appositives,81,What is the possessive form of 'men'?,mens,men's,men,mens',B,Plural noun men takes 's for possessive.,6
Possessives and Appositives,82,"Identify the appositive: My friend, Nazrul, is a poet.",Nazrul,friend,is,poet,A,An appositive renames another noun. Nazrul renames friend.,7
Possessives and Appositives,83,Correct the possessive form: The womans club is open.,women's,woman's,womens',woman,A,"Plural of woman is women, possessive is women's.",8
Possessives and Appositives,84,Which sentence correctly uses both a possessive and an appositive?,"Rina's sister, a doctor is kind.","Rinas' sister, a doctor, is kind.","Rina sister, a doctor, is kind.",Rina's sister a doctor is kind.,A,"Rina's is the possessive form, a doctor is an appositive.",9
Possessives and Appositives,85,"What is the possessive form of 'conscience' in: For ___ sake, be honest.",conscience's,consciences,conscience,consciences',C,For conscience' sake omits s to avoid hissing sound.,10
Basics of Changing Speech,1,"Fill in the blank: Direct: 'I have seen the movie,' he said. Indirect: He said that he _____ (see) the movie.",do,had seen,does,have,B,Use correct tense and form in narration.,4
Basics of Changing Speech,2,"Direct speech: She said, 'I am hungry.' What is the indirect speech?",She said she will be hungry.,She said she has been hungry.,She said she was hungry.,She said that she is hungry.,C,Change present tense to past tense in indirect speech.,8
Basics of Changing Speech,3,"Fill in the blank: Direct: 'We are playing,' they said. Indirect: They said they _____ (play).",will,done,were playing,doing,C,Use correct tense and form in narration.,5
Basics of Changing Speech,4,"Direct speech: She said, 'I am hungry.' What is the indirect speech?",She said she was hungry.,She said she has been hungry.,She said that she is hungry.,She said she will be hungry.,A,Change present tense to past tense in indirect speech.,4
Basics of Changing Speech,5,"Find the error and choose the correct sentence:
Direct: 'Do your homework,' he said. Indirect: He said me to do my homework.",Cannot say,"Direct: 'Do your homework,' he said. Indirect: He said me to do my homework.",No error,He told me to do my homework.,D,Correct narration tense and pronoun changes needed.,8
Basics of Changing Speech,6,"Fill in the blank: Direct: 'We are playing,' they said. Indirect: They said they _____ (play).",doing,were playing,has,did,B,Use correct tense and form in narration.,6
Basics of Changing Speech,7,"Fill in the blank: Convert to indirect speech: She said, 'I will help you.' -> She said that she _____ (help) me.",did,does,would help,done,C,Use correct tense and form in narration.,7
Basics of Changing Speech,8,"Find the error and choose the correct sentence:
Direct: 'I will come,' he said. Indirect: He said he will come.",He said he would come.,No error,"Direct: 'I will come,' he said. Indirect: He said he will come.",Cannot say,A,Correct narration tense and pronoun changes needed.,3
Basics of Changing Speech,9,"Find the error and choose the correct sentence:
Direct: He said, 'I can swim.' Indirect: He said he can swim.",He said he could swim.,"Direct: He said, 'I can swim.' Indirect: He said he can swim.",No error,Cannot say,A,Correct narration tense and pronoun changes needed.,6
Passage Narration,159,"Fill in the blank: Narrate: She said, 'I _____ (have) finished my work.'",will,had,done,did,B,Use correct tense and form in narration.,10
Passage Narration,160,"Find the error and choose the correct sentence:
Narrate: They said, 'We are going.' Narration: They said we were going.",Cannot say,They said they were going.,"Narrate: They said, 'We are going.' Narration: They said we were going.",No error,B,Correct narration tense and pronoun changes needed.,9
Passage Narration,161,"In narration, 'I am coming' becomes?",He said he is coming,He says he was coming,He said he was coming,He said I am coming,C,Present continuous changes to past continuous.,8
Passage Narration,162,"Fill in the blank: Narrate: She said, 'I _____ (write) a letter.'",do,was writing,does,have,B,Use correct tense and form in narration.,8
Passage Narration,163,"Find the error and choose the correct sentence:
Narrate: He said, 'I am hungry.' Narration: He said he is hungry.",Cannot say,No error,He said he was hungry.,"Narrate: He said, 'I am hungry.' Narration: He said he is hungry.",C,Correct narration tense and pronoun changes needed.,10
Passage Narration,164,"In passage narration, if the passage is in past tense, narration should be in?",Past tense,Future tense,Present tense,Any tense,A,Maintain tense consistency with passage.,3
Passage Narration,165,What is the first step in passage narration?,Memorizing the passage,Reading the passage carefully,Writing the passage,Ignoring difficult words,B,Understanding the passage is essential before narration.,9
Passage Narration,166,"Find the error and choose the correct sentence:
Narrate: He said, 'I am hungry.' Narration: He said he is hungry.",Cannot say,"Narrate: He said, 'I am hungry.' Narration: He said he is hungry.",He said he was hungry.,No error,C,Correct narration tense and pronoun changes needed.,5
Passage Narration,167,What is the first step in passage narration?,Writing the passage,Memorizing the passage,Ignoring difficult words,Reading the passage carefully,D,Understanding the passage is essential before narration.,10
Passage Narration,168,"Find the error and choose the correct sentence:
Narrate: He said, 'I can help.' Narration: He said he can help.","Narrate: He said, 'I can help.' Narration: He said he can help.",Cannot say,He said he could help.,No error,C,Correct narration tense and pronoun changes needed.,7
Passage Narration,169,"In narration, 'I am coming' becomes?",He said I am coming,He said he was coming,He said he is coming,He says he was coming,B,Present continuous changes to past continuous.,4
Introductory 'It',7,Identify the part of speech of 'It' in the sentence: 'It is cold today.',Pronoun,Adverb,Conjunction,Noun,A,'It' is a pronoun used as a dummy subject.,5
Introductory 'It',8,Identify the part of speech of 'It' in the sentence: 'It is cold today.',Pronoun,Adverb,Conjunction,Noun,A,'It' is a pronoun used as a dummy subject.,7
Introductory 'It',9,Transform: 'To finish this project is difficult.' → Begin with 'It'.,It is difficult to finish this project.,It to finish this project is difficult.,It is to finish this project difficult.,It finish this project is difficult.,A,Correct transformation uses 'It is difficult to...',1
Introductory 'It',10,There is difficult to learn Chinese. Identify the error.,There,is,difficult,learn,A,The sentence should begin with 'It' to introduce an adjective phrase.,9
Introductory 'It',11,Transform: 'To finish this project is difficult.' → Begin with 'It'.,It is difficult to finish this project.,It to finish this project is difficult.,It is to finish this project difficult.,It finish this project is difficult.,A,Correct transformation uses 'It is difficult to...',2
Introductory 'It',12,It ___ time to leave now.,is,are,was,be,A,Present simple tense is appropriate here: 'It is time to leave.',10
Introductory 'It',13,There is difficult to learn Chinese. Identify the error.,There,is,difficult,learn,A,The sentence should begin with 'It' to introduce an adjective phrase.,7
Introductory 'It',14,Transform: 'To finish this project is difficult.' → Begin with 'It'.,It is difficult to finish this project.,It to finish this project is difficult.,It is to finish this project difficult.,It finish this project is difficult.,A,Correct transformation uses 'It is difficult to...',9
Introductory 'It',15,___ is important to be honest.,It,There,That,This,A,'It' is used to introduce statements about general truths.,6
Introductory 'It',16,___ is important to be honest.,It,There,That,This,A,'It' is used to introduce statements about general truths.,2
Introductory 'There',126,There ___ a lot of people at the party last night.,was,were,is,are,B,'There were' is used with plural nouns in past tense.,3
Introductory 'There',127,___ is a new shop at the corner.,There,It,That,This,A,Use 'There' to introduce the existence of something.,3
Introductory 'There',128,Identify the part of speech of 'There' in the sentence: 'There is a dog outside.',Pronoun,Adverb,Noun,Conjunction,B,"In this sentence, 'There' functions as an introductory adverb.",4
Introductory 'There',129,There is many cars on the road. Identify the error.,There,is,many,cars,C,"'Many' should be followed by 'are', not 'is'.",10
Introductory 'There',130,Transform: 'A cat is on the roof.' → Begin with 'There'.,There is a cat on the roof.,There a cat is on the roof.,There the cat is on the roof.,There on the roof is a cat.,A,Correct transformation uses 'There is' to introduce the subject.,1
Introductory 'There',131,___ is a new shop at the corner.,There,It,That,This,A,Use 'There' to introduce the existence of something.,7
Introductory 'There',132,Which sentence uses 'there' correctly?,There is a book on the table.,It is a book on the table.,That is a book on the table.,This book is on the there.,A,'There' is correctly used to indicate the existence of something.,9
Introductory 'There',133,There is many cars on the road. Identify the error.,There,is,many,cars,C,"'Many' should be followed by 'are', not 'is'.",8
Introductory 'There',134,___ is a new shop at the corner.,There,It,That,This,A,Use 'There' to introduce the existence of something.,4
Introductory 'There',135,There ___ a lot of people at the party last night.,was,were,is,are,B,'There were' is used with plural nouns in past tense.,10
First Conditional,1,"If we _____ (not/take) a taxi, we will be late.",not take,did not take,do not take,will not take,C,Present simple + will + base verb,3
First Conditional,2,"Fill in the blank: If you _____ (study) hard, you will pass the exam.",was,had,study,be,C,Use present simple tense in the if-clause and will + base verb in main clause.,10
First Conditional,3,"Find the error and choose the correct sentence:
If it rains, we will went to the park.",No error,"If it rains, we will go to the park.","If it rains, we will went to the park.",Cannot say,B,"The if-clause should use present simple, not will + verb.",2
First Conditional,4,Fill in the blank: We will go to the beach if it _____ (be) sunny.,did,been,is,has,C,Use present simple tense in the if-clause and will + base verb in main clause.,4
First Conditional,5,"If she _____ (not/hurry), she will miss the bus.",did not hurry,does not hurry,not hurry,will not hurry,B,Present simple + will + base verb,8
First Conditional,6,They will be happy if you _____ (come) to the party.,will come,came,come,coming,C,Present simple + will + base verb,2
First Conditional,7,"Fill in the blank: If you _____ (study) hard, you will pass the exam.",study,had,will,be,A,Use present simple tense in the if-clause and will + base verb in main clause.,9
First Conditional,8,Fill in the blank: We will go to the beach if it _____ (be) sunny.,is,was,has,will,A,Use present simple tense in the if-clause and will + base verb in main clause.,1
First Conditional,9,"Find the error and choose the correct sentence:
If they will not come, the meeting will cancel.",Cannot say,No error,"If they do not come, the meeting will be cancelled.","If they will not come, the meeting will cancel.",C,"The if-clause should use present simple, not will + verb.",1
First Conditional,10,"Find the error and choose the correct sentence:
If you will be late, we will start.","If you will be late, we will start.",Cannot say,No error,"If you are late, we will start.",D,"The if-clause should use present simple, not will + verb.",7
Second Conditional,126,She would travel more if she _____ (have) time.,has,will have,would have,had,D,Use past simple in the if-clause.,9
Second Conditional,127,"If I _____ (be) rich, I would buy a house.",were,am,will be,was,A,Use 'were' for hypothetical situations in second conditional.,1
Second Conditional,128,"Fill in the blank: If we _____ (live) closer, we would visit more often.",lived,have,will,had,A,Use past simple in if-clause and would + base verb in main clause.,4
Second Conditional,129,"Fill in the blank: If we _____ (live) closer, we would visit more often.",had,lived,has,have,B,Use past simple in if-clause and would + base verb in main clause.,6
Second Conditional,130,"Fill in the blank: If we _____ (live) closer, we would visit more often.",have,lived,won't,had,B,Use past simple in if-clause and would + base verb in main clause.,3
Second Conditional,131,Fill in the blank: He would buy a car if he _____ (have) enough money.,won't,have,had,has,C,Use past simple in if-clause and would + base verb in main clause.,10
Second Conditional,132,"Fill in the blank: If they _____ (know) about the party, they would come.",knew,win,won't,had,A,Use past simple in if-clause and would + base verb in main clause.,6
Second Conditional,133,"Find the error and choose the correct sentence:
If I was rich, I would travel the world.",Cannot say,"If I was rich, I would travel the world.","If I were rich, I would travel the world.",No error,C,Use 'were' for hypothetical condition and past simple in if-clause.,2
Second Conditional,134,"Fill in the blank: If they _____ (know) about the party, they would come.",knew,would,has,won't,A,Use past simple in if-clause and would + base verb in main clause.,6
Second Conditional,135,"If you _____ (be) taller, you would be a basketball player.",are,were,will be,was,B,Use 'were' instead of 'was' for hypothetical condition.,5
Present Simple and Continuous Passive ,1,The room ___ every morning.,is cleaned,is being cleaned,cleans,cleaned,A,"The sentence indicates a regular action, so Present Simple Passive 'is cleaned' is correct.",1
Present Simple and Continuous Passive ,15,Choose the correct form: The dress ___ every season.,is designed,is being designed,designs,designing,A,"The sentence indicates a regular action, so Present Simple Passive 'is designed' is correct.",3
Present Simple and Continuous Passive ,31,The park ___ right now.,is being cleaned,is cleaned,cleans,cleaning,A,"'Right now' indicates an ongoing action, so Present Continuous Passive 'is being cleaned' is correct.",5
Present Simple and Continuous Passive ,46,Correct the error: The car is being fixed every week.,The car fixed every week.,The car is fixed every week.,The car are fixed every week.,The car is fixed every week.,C,"The original sentence uses Continuous Passive, which doesn't fit a regular action; the correct form is Present Simple Passive 'is fixed.'",7
Present Simple and Continuous Passive ,58,Correct the error: The house is being painted every summer.,The house are painted every summer.,The house is painted every summer.,The house paints every summer.,The house is painted every summer.,C,"The original sentence uses Continuous Passive, which doesn't fit a regular action; the correct form is Present Simple Passive 'is painted.'",9
Past Simple and Continuous Passive,83,The meal ___ last night.,was prepared,was being prepared,prepares,preparing,A,"The sentence indicates a completed action in the past, so Past Simple Passive 'was prepared' is correct.",2
Past Simple and Continuous Passive,97,Fill in the blank: The meal ___ last night.,was prepared,was being prepared,prepares,preparing,A,"The sentence indicates a completed action in the past, so Past Simple Passive 'was prepared' is correct.",4
Past Simple and Continuous Passive,112,Correct the error: The house was being cleaned at 5 PM yesterday.,The house cleaned at 5 PM yesterday.,The house was cleaning at 5 PM yesterday.,The house were being cleaned at 5 PM yesterday.,The house was being cleaned at 5 PM yesterday.,D,"The original sentence is correct, using Past Continuous Passive 'was being cleaned' for an ongoing action.",6
Past Simple and Continuous Passive,127,The emails ___ during the outage. (were sent/were being sent),were sent,were being sent,send,sending,B,"'During the outage' indicates an ongoing action in the past, so Past Continuous Passive 'were being sent' is correct.",8
Past Simple and Continuous Passive,142,The emails ___ during the outage. (were sent/were being sent),were sent,were being sent,send,sending,B,"'During the outage' indicates an ongoing action in the past, so Past Continuous Passive 'were being sent' is correct.",10
Present Perfect and Modal Passive,153,The windows ___ just now.,have been opened,has been opened,were opened,open,A,The present perfect passive 'have been opened' is correct for a just completed action.,1
Present Perfect and Modal Passive,157,The homework ___ by the students.,should be done,should done,has done,was do,A,The simple modal passive 'should be done' is correct for a recommended action.,3
Present Perfect and Modal Passive,169,Choose the correct form: The room ___ this week.,has been painted,has painted,was painted,paints,A,The present perfect passive 'has been painted' is correct for an action completed this week.,5
Present Perfect and Modal Passive,174,Fill in the blank: The task ___ by the team.,must be completed,must completed,has completed,was complete,B,The simple modal passive 'must be completed' is correct for a required action.,7
Present Perfect and Modal Passive,185,Correct the error: The garden might be watered by now.,The garden might watered by now.,The garden has watered by now.,The garden was water by now.,The garden might be watered by now.,D,"The original sentence is correct, using Simple Modal Passive 'might be watered' for a possible action.",9
Passive Sentence Transformation,248,Fill in the blank: The match ___ by the team. (The team will win),will be won,will won,is won,was won,B,The active sentence in Future Simple 'The team will win the match' transforms to Future Simple Passive 'The match will be won by the team.',10
Passive Sentence Transformation,236,Correct the error: The assignment has been completed by them.,The assignment was completed by them.,The assignment is completed by them.,The assignment completed by them.,The assignment has been completed by them.,D,"The original sentence is correct, as the active form 'They have completed the assignment' transforms to Present Perfect Passive 'The assignment has been completed by them.'",8
Passive Sentence Transformation,234,Correct the error: The bridge was being built by them.,The bridge is being built by them.,The bridge was built by them.,The bridge has been built by them.,The bridge was being built by them.,D,"The original sentence is correct, as the active form 'They were building the bridge' transforms to Past Continuous Passive 'The bridge was being built by them.'",6
Passive Sentence Transformation,232,Correct the error: The room will be cleaned by us.,The room will cleaned by us.,The room is cleaned by us.,The room was cleaned by us.,The room will be cleaned by us.,D,"The original sentence is correct, as the active form 'We will clean the room' transforms to Future Simple Passive 'The room will be cleaned by us.'",4
Passive Sentence Transformation,230,Correct the error: The house was painted by them.,The house is painted by them.,The house painted by them.,The house was being painted by them.,The house was painted by them.,D,"The original sentence is correct, as the active form 'They painted the house' transforms to Past Simple Passive 'The house was painted by them.'",2
Exponents,1,২⁴ \times ২³ সরলীকরণ করুন।,২¹,২⁷,২⁶,২¹,B,"a^m \times a^n = a^(m+n) ব্যবহার করে, ২⁴ \times ২³ = ২^(৪+৩) = ২⁷।",2
Logarithms,2,\(\log_{১০} ১০০\) কী?,১,২,৩,১০,B,"যেহেতু ১০² = ১০০, তাই \(\log_{১০} ১০০ = ২\)।",7
Logarithmic Methods,3,৪৫০০ কে বৈজ্ঞানিক সংখ্যাপ্রকাশে প্রকাশ করুন।,৪.৫ \times ১০³,৪৫ \times ১০²,০.৪৫ \times ১০⁴,৪.৫ \times ১০²,A,"৪৫০০ = ৪.৫ \times ১০০০ = ৪.৫ \times ১০³, যেখানে ১ \leq ৪.৫ < ১০।",1
Exponents,4,(৩²)³ কী?,৩⁵,৩⁶,৩⁸,৩⁹,B,"(a^m)^n = a^(m \times n) ব্যবহার করে, (৩²)³ = ৩^(২ \times ৩) = ৩⁶।",9
Logarithms,5,"যদি \(\log_{৪} x = ২\) হয়, তবে x কী?",১৬,৮,৪,৩২,A,"\(\log_{৪} x = ২\) মানে ৪² = x, তাই x = ১৬।",4
Logarithmic Methods,6,\(\log_{১০} ০.০০৭৮\) এর মান কী?,−৩,০,১,−২,A,"০.০০৭৮ = ৭.৮ \times ১০⁻³ (২টি শূন্য), মান = -(২+১) = −৩।",6
Exponents,7,(\frac{৫}{২})² সরলীকরণ করুন।,২৫/৪,৫/৪,১০/২,২/৫,A,"(\frac{a}{b})^n = \frac{a^n}{b^n} ব্যবহার করে, (\frac{৫}{২})² = \frac{৫²}{২²} = \frac{২৫}{৪}।",3
Logarithms,8,\(\log_{২} (\frac{১}{১৬})\) কী?,৪,−৪,−২,২,B,"যেহেতু \frac{১}{১৬} = ২⁻⁴, তাই \(\log_{২} (\frac{১}{১৬}) = −৪\)।",8
Logarithmic Methods,9,০.০০০৫৬ কে বৈজ্ঞানিক সংখ্যাপ্রকাশে প্রকাশ করুন।,৫.৬ \times ১০⁻⁴,০.৫৬ \times ১০⁻³,৫.৬ \times ১০⁻³,০.০৫৬ \times ১০⁻⁴,A,"০.০০০৫৬ = ৫.৬ \times ১০⁻⁴, যেখানে ১ \leq ৫.৬ < ১০।",5
Exponents,10,a \neq ০ হলে a⁰ কী?,০,a,১,অসংজ্ঞায়িত,C,"সংজ্ঞা অনুসারে, a⁰ = ১ যখন a \neq ০।",1
Logarithms,11,\(\log_{৩} ২৭\) সরলীকরণ করুন।,২,৩,৪,১,B,"যেহেতু ৩³ = ২৭, তাই \(\log_{৩} ২৭ = ৩\)।",3
Logarithmic Methods,12,\(\log_{১০} ৫৬৭৮\) এর মান কী?,২,৩,৪,১,B,"৫৬৭৮ = ৫.৬৭৮ \times ১০³, মান = ৪-১ = ৩।",10
Exponents,13,"৬	⁻² সরলীকরণ করুন।",১/৩৬,৩৬,১/৬,৬²,A,"a^(-n) = \frac{১}{a^n} ব্যবহার করে, ৬⁻² = \frac{১}{৬²} = \frac{১}{৩৬}।",6
Logarithms,14,\(\log_{১০} ১\) কী?,০,১,১০,অসংজ্ঞায়িত,A,"নিয়ম অনুসারে, \(\log_{a} ১ = ০\) যখন a > ০, a \neq ১।",2
Logarithmic Methods,15,২৩.৪৫৬ কে বৈজ্ঞানিক সংখ্যাপ্রকাশে প্রকাশ করুন।,২.৩৪৫৬ \times ১০¹,২৩.৪৫৬ \times ১০⁰,০.২৩৪৫৬ \times ১০²,২.৩৪৫৬ \times ১০⁰,A,"২৩.৪৫৬ = ২.৩৪৫৬ \times ১০¹, যেখানে ১ \leq ২.৩৪৫৬ < ১০।",4
Exponents,16,(৩ \times ২)² কী?,৩³ \times ২³,১৮²,৩৬,৩² \times ২²,D,"(ab)^n = a^n \times b^n ব্যবহার করে, (৩ \times ২)² = ৩² \times ২²।",8
Logarithms,17,"যদি \(\log_{x} ৯ = ২\) হয়, তবে x কী?",৯,৩,৬,২৭,B,"\(\log_{x} ৯ = ২\) মানে x² = ৯, তাই x = ৩ (x > ০)।",5
Logarithmic Methods,18,\(\log_{১০} ০.০০০৩৪\) এর মান কী?,০,−৪,−৩,−৫,B,"০.০০০৩৪ = ৩.৪ \times ১০⁻⁴ (৩টি শূন্য), মান = -(৩+১) = −৪।",7
Exponents,19,(৪³) / (৪²) সরলীকরণ করুন।,৪⁵,১/৪³,৪¹,৪²,C,"a^m / a^n = a^(m-n) ব্যবহার করে, ৪³ / ৪² = ৪^(৩-২) = ৪¹।",3
Logarithms,20,\(\log_{৫} (\sqrt{৫})\) কী?,১/২,১,২,১/৩,A,"যেহেতু \(\sqrt{৫} = ৫^(১/২)\), তাই \(\log_{৫} (\sqrt{৫}) = ১/২\)।",9
Logarithmic Methods,21,০.০১২৩ কে বৈজ্ঞানিক সংখ্যাপ্রকাশে প্রকাশ করুন।,১.২৩ \times ১০⁻²,০.১২৩ \times ১০⁻¹,১.২৩ \times ১০⁻¹,"০.০১২৩ \times ১০	⁻²",A,"০.০১২৩ = ১.২৩ \times ১০⁻², যেখানে ১ \leq ১.২৩ < ১০।",2
Exponents,22,(২² \times ৩³)² সরলীকরণ করুন।,৪² \times ৯³,৩৬,২⁴ \times ৩⁶,২² \times ৩³,C,(২² \times ৩³)² = (২²)² \times (৩³)² = ২⁴ \times ৩⁶।,7
Logarithms,23,\(\log_{৪} ১৬\) কী?,১,২,৩,৪,B,"যেহেতু ৪² = ১৬, তাই \(\log_{৪} ১৬ = ২\)।",4
Logarithmic Methods,24,\(\log_{১০} ৬৭.৮৯\) এর মান কী?,০,২,১,৩,C,"৬৭.৮৯ = ৬.৭৮৯ \times ১০¹, মান = ২-১ = ১।",6
Exponents,25,৮^(১/৩) সরলীকরণ করুন।,২,৮,৪,১/২,A,৮^(১/৩) = \sqrt[৩]{৮} = ২।,5
Logarithms,26,\(\log_{১০} (\frac{১০০০}{১০})\) সরলীকরণ করুন।,৩,০,১,২,D,\(\log_{১০} (\frac{১০০০}{১০}) = \log_{১০} ১০০০ - \log_{১০} ১০ = ৩ - ১ = ২\)।,10
Logarithmic Methods,27,৯৮৭৬৫৪ কে বৈজ্ঞানিক সংখ্যাপ্রকাশে প্রকাশ করুন।,৯.৮৭৬৫৪ \times ১০⁵,৯৮.৭৬৫৪ \times ১০⁴,০.৯৮৭৬৫৪ \times ১০⁶,৯.৮৭৬৫৪ \times ১০⁴,A,"৯৮৭৬৫৪ = ৯.৮৭৬৫৪ \times ১০⁵, যেখানে ১ \leq ৯.৮৭৬৫৪ < ১০।",8
Exponents,28,(৫⁻¹)² কী?,৫,২৫,১/২৫,১/৫,C,(৫⁻¹)² = ৫^(-১ \times ২) = ৫⁻² = \frac{১}{৫²} = \frac{১}{২৫}।,2
Logarithms,29,"যদি \(\log_{২} x = -৩\) হয়, তবে x কী?",৮,১/২,১/৮,২,C,"\(\log_{২} x = -৩\) মানে ২⁻³ = x, তাই x = \frac{১}{২³} = \frac{১}{৮}।",1
Logarithmic Methods,30,\(\log_{১০} ০.০০০০০৮৯\) এর মান কী?,০,−৬,−৫,−৭,B,"০.০০০০০৮৯ = ৮.৯ \times ১০⁻⁶ (৫টি শূন্য), মান = -(৫+১) = −৬।",3
Exponents,31,(২⁴ / ২²) সরলীকরণ করুন।,২²,২⁶,১/২⁴,২¹,A,২⁴ / ২² = ২^(৪-২) = ২² = ৪।,4
Logarithms,32,\(\log_{৩} (৯ \times ৩)\) সরলীকরণ করুন।,২,৩,৪,১,B,\(\log_{৩} (৯ \times ৩) = \log_{৩} ৯ + \log_{৩} ৩ = ২ + ১ = ৩\)।,6
Logarithmic Methods,33,০.০০০০০১২৩ কে বৈজ্ঞানিক সংখ্যাপ্রকাশে প্রকাশ করুন।,১.২৩ \times ১০⁻⁶,০.১২৩ \times ১০⁻⁵,১.২৩ \times ১০⁻⁵,০.০১২৩ \times ১০⁻⁶,A,"০.০০০০১২৩ = ১.২৩ \times ১০⁻⁶, যেখানে ১ \leq ১.২৩ < ১০।",9
Exponents,34,(২³ \times ৪²) / (২² \times ৪¹) সরলীকরণ করুন।,২¹ \times ৪¹,২³ \times ৪²,৮,৩২,A,(২³ \times ৪²) / (২² \times ৪¹) = ২^(৩-২) \times ৪^(২-১) = ২¹ \times ৪¹।,1
Logarithms,35,২ \times \(\log_{১০} ১০\) সরলীকরণ করুন।,০,১,২,১০,C,"২ \times \(\log_{১০} ১০ = ২ \times ১ = ২\), যেহেতু \(\log_{১০} ১০ = ১\)।",5
Logarithmic Methods,36,\(\log_{১০} ১২৩.৪৫\) এর মান কী?,০,১,২,৩,C,"১২৩.৪৫ = ১.২৩৪৫ \times ১০², মান = ৩-১ = ২।",7
Exponents,37,"(২	⁻²)³ কী?",২⁻⁶,২⁶,"২	⁻²",২^(-৮),A,(২⁻²)³ = ২^(-২ \times ৩) = ২⁻⁶।,10
Logarithms,38,"যদি \(\log_{x} ৮১ = ৪\) হয়, তবে x কী?",৯,৩,২৭,৪,B,"\(\log_{x} ৮১ = ৪\) মানে x⁴ = ৮১, তাই x = ৩ (৮১ = ৩⁴)।",3
Logarithmic Methods,39,৭৮৯০০০০ কে বৈজ্ঞানিক সংখ্যাপ্রকাশে প্রকাশ করুন।,৭.৮৯ \times ১০⁶,৭৮.৯ \times ১০⁵,০.৭৮৯ \times ১০⁷,৭.৮৯ \times ১০⁵,A,"৭৮৯০০০০ = ৭.৮৯ \times ১০⁶, যেখানে ১ \leq ৭.৮৯ < ১০।",2
Exponents,40,৯^(১/২) সরলীকরণ করুন।,৩,৯,৬,১/৩,A,৯^(১/২) = \sqrt{৯} = ৩।,8
Logarithms,41,\(\log_{১০} (১০⁴)\) সরলীকরণ করুন।,৩,৪,৫,২,B,\(\log_{১০} (১০⁴) = ৪ \times \log_{১০} ১০ = ৪ \times ১ = ৪\)।,7
Logarithmic Methods,42,\(\log_{১০} ০.০৫৬\) এর মান কী?,০,১,−২,−১,C,"০.০৫৬ = ৫.৬ \times ১০⁻² (১টি শূন্য), মান = -(১+১) = −২।",4
Exponents,43,(৪² \times ৪⁻¹) সরলীকরণ করুন।,৪¹,৪³,১/৪²,৪²,A,৪² \times ৪⁻¹ = ৪^(২-১) = ৪¹ = ৪।,9
Logarithms,44,\(\log_{২} (\frac{৩২}{৮})\) সরলীকরণ করুন।,২,৩,৪,১,A,\(\log_{২} (\frac{৩২}{৮}) = \log_{২} ৩২ - \log_{২} ৮ = ৫ - ৩ = ২\)।,1
Logarithmic Methods,45,০.০০০০৬৭ কে বৈজ্ঞানিক সংখ্যাপ্রকাশে প্রকাশ করুন।,৬.৭ \times ১০⁻⁵,০.৬৭ \times ১০⁻⁴,৬.৭ \times ১০⁻⁴,০.০৬৭ \times ১০⁻⁵,A,"০.০০০০৬৭ = ৬.৭ \times ১০⁻⁵, যেখানে ১ \leq ৬.৭ < ১০।",3
Exponents,46,(৩⁻¹ \times ৩²) কী?,৩³,১/৩²,৩¹,৩²,C,৩⁻¹ \times ৩² = ৩^(-১+২) = ৩¹ = ৩।,2
Logarithms,47,"যদি \(\log_{১০} x = -১\) হয়, তবে x কী?",০.০১,১,০.১,১০,C,"\(\log_{১০} x = -১\) মানে ১০⁻¹ = x, তাই x = ০.১।",7
Logarithmic Methods,48,\(\log_{১০} ২৩৪.৫৬৭\) এর মান কী?,১,২,৩,০,B,"২৩৪.৫৬৭ = ২.৩৪৫৬৭ \times ১০², মান = ৩-১ = ২।",5
Exponents,49,(৫⁴ / ৫⁶) সরলীকরণ করুন।,৫²,১/৫²,৫¹০,"৫	⁻²",D,৫⁴ / ৫⁶ = ৫^(৪-৬) = ৫⁻² = \frac{১}{৫²}।,8
Logarithms,50,\(\log_{৩} (৮১²)\) কী?,৮,৩,৪,৬,A,\(\log_{৩} (৮১²) = ২ \times \log_{৩} ৮১ = ২ \times ৪ = ৮\)।,4
Logarithmic Methods,51,১২৩৪৫৬৭ কে বৈজ্ঞানিক সংখ্যাপ্রকাশে প্রকাশ করুন।,১.২৩৪৫৬৭ \times ১০⁶,১২.৩৪৫৬৭ \times ১০⁵,০.১২৩৪৫৬৭ \times ১০⁷,১.২৩৪৫৬৭ \times ১০⁵,A,"১২৩৪৫৬৭ = ১.২৩৪৫৬৭ \times ১০⁶, যেখানে ১ \leq ১.২৩৪৫৬৭ < ১০।",1
Exponents,52,(২²)^(৩/২) সরলীকরণ করুন।,৮,৪,১৬,২,A,(২²)^(৩/২) = ২^(২ \times \frac{৩}{২}) = ২³ = ৮।,6
Logarithms,53,\(\log_{৫} (২৫ \times ৫)\) সরলীকরণ করুন।,৩,২,৪,১,A,\(\log_{৫} (২৫ \times ৫) = \log_{৫} ২৫ + \log_{৫} ৫ = ২ + ১ = ৩\)।,9
Logarithmic Methods,54,\(\log_{১০} ০.০০০০০৭৮\) এর মান কী?,০,−৭,−৬,−৮,B,"০.০০০০০৭৮ = ৭.৮ \times ১০⁻⁷ (৬টি শূন্য), মান = -(৬+১) = −৭।",2
Exponents,55,"(৪	⁻²)² কী?",৪⁴,৪⁻⁴,৪²,"৪	⁻²",B,(৪⁻²)² = ৪^(-২ \times ২) = ৪⁻⁴ = \frac{১}{৪⁴}।,3
Logarithms,56,"যদি \(\log_{x} ১৬ = ৪\) হয়, তবে x কী?",৪,১৬,২,৮,C,"\(\log_{x} ১৬ = ৪\) মানে x⁴ = ১৬, তাই x = ২ (১৬ = ২⁴)।",10
Logarithmic Methods,57,০.০০০৪৫ কে বৈজ্ঞানিক সংখ্যাপ্রকাশে প্রকাশ করুন।,৪.৫ \times ১০⁻⁴,০.৪৫ \times ১০⁻³,৪.৫ \times ১০⁻³,০.০৪৫ \times ১০⁻⁴,A,"০.০০৪৫ = ৪.৫ \times ১০⁻⁴, যেখানে ১ \leq ৪.৫ < ১০।",7
Exponents,58,(৩⁵ \times ৩⁻³) সরলীকরণ করুন।,৩²,৩⁸,১/৩⁵,৩¹,A,৩⁵ \times ৩⁻³ = ৩^(৫-৩) = ৩² = ৯।,4
Logarithms,59,\(\log_{১০} (\frac{১০০}{১০০০})\) সরলীকরণ করুন।,১,০,−১,−২,C,\(\log_{১০} (\frac{১০০}{১০০০}) = \log_{১০} ১০০ - \log_{১০} ১০০০ = ২ - ৩ = −১\)।,5
Logarithmic Methods,60,\(\log_{১০} ৬৭৮.৯০\) এর মান কী?,৩,০,২,১,C,"৬৭৮.৯০ = ৬.৭৮৯০ \times ১০², মান = ৩-১ = ২।",8
Exponents,61,প্রমাণ করুন (২³ \times ২^n) / ২^(n+১) = ২²।,২^n,২²,২³,২¹,B,(২³ \times ২^n) / ২^(n+১) = ২^(৩+n-(n+১)) = ২^(৩+n-n-১) = ২²।,10
Logarithms,62,\(\log_{২} (৪ \times ৮)\) কী?,৫,৪,৩,৬,A,\(\log_{২} (৪ \times ৮) = \log_{২} ৪ + \log_{২} ৮ = ২ + ৩ = ৫\)।,1
Logarithmic Methods,63,২৩৪৫৬৭ কে বৈজ্ঞানিক সংখ্যাপ্রকাশে প্রকাশ করুন।,২.৩৪৫৬৭ \times ১০⁵,২৩.৪৫৬৭ \times ১০⁴,০.২৩৪৫৬৭ \times ১০⁶,২.৩৪৫৬৭ \times ১০⁴,A,"২৩৪৫৬৭ = ২.৩৪৫৬৭ \times ১০⁵, যেখানে ১ \leq ২.৩৪৫৬৭ < ১০।",6
Exponents,64,(৫²)^(১/২) সরলীকরণ করুন।,২৫,৫,৫^(১/২),৫²,B,(৫²)^(১/২) = ৫^(২ \times \frac{১}{২}) = ৫¹ = ৫।,2
Logarithms,65,\(\log_{৩} (\frac{২৭}{৯})\) সরলীকরণ করুন।,১,২,৩,০,A,\(\log_{৩} (\frac{২৭}{৯}) = \log_{৩} ২৭ - \log_{৩} ৯ = ৩ - ২ = ১\)।,7
Logarithmic Methods,66,\(\log_{১০} ০.০০১২৩\) এর মান কী?,০,−৫,−৪,−৬,B,"০.০০০১২৩ = ১.২৩ \times ১০⁻⁵ (৪টি শূন্য), মান = -(৪+১) = −৫।",4
Exponents,67,(২³ \times ৪²) / (২¹ \times ৪¹) কী?,২² \times ৪¹,৮,৩২,২¹ \times ৪¹,D,(২³ \times ৪²) / (২¹ \times ৪¹) = ২^(৩-১) \times ৪^(২-১) = ২² \times ৪¹।,9
Logarithms,68,"যদি \(\log_{x} ২৫ = ২\) হয়, তবে x কী?",২৫,১০,৫,১২৫,C,"\(\log_{x} ২৫ = ২\) মানে x² = ২৫, তাই x = ৫ (x > ০)।",3
Logarithmic Methods,69,০.০০৮৯ কে বৈজ্ঞানিক সংখ্যাপ্রকাশে প্রকাশ করুন।,৮.৯ \times ১০⁻⁴,০.৮৯ \times ১০⁻³,৮.৯ \times ১০⁻³,০.০৮৯ \times ১০⁻⁴,A,"০.০০৮৯ = ৮.৯ \times ১০⁻⁴, যেখানে ১ \leq ৮.৯ < ১০।",5
Exponents,70,"(৪	⁻² \times ৪³) সরলীকরণ করুন।",৪¹,৪⁻¹,৪⁵,১/৪³,A,৪⁻² \times ৪³ = ৪^(-২+৩) = ৪¹ = ৪।,1
Logarithms,71,\(\log_{১০} (১০০ \times ১০০০)\) কী?,৪,৩,৫,২,C,\(\log_{১০} (১০০ \times ১০০০) = \log_{১০} ১০০ + \log_{১০} ১০০০ = ২ + ৩ = ৫\)।,8
Logarithmic Methods,72,\(\log_{১০} ৩৪৫৬.৭৮\) এর মান কী?,২,১,৩,৪,C,"৩৪৫৬.৭৮ = ৩.৪৫৬৭৮ \times ১০³, মান = ৪-১ = ৩।",10
Exponents,73,(৬² / ৬⁴) সরলীকরণ করুন।,৬⁶,১/৬²,৬²,"৬	⁻²",D,৬² / ৬⁴ = ৬^(২-৪) = ৬⁻² = \frac{১}{৬²}।,6
Logarithms,74,\(\log_{২} (১৬²)\) কী?,৮,৪,১২,৬,A,\(\log_{২} (১৬²) = ২ \times \log_{২} ১৬ = ২ \times ৪ = ৮\)।,2
Logarithmic Methods,75,৫৬৭৮৯০ কে বৈজ্ঞানিক সংখ্যাপ্রকাশে প্রকাশ করুন।,৫.৬৭৮৯ \times ১০⁵,৫৬.৭৮৯ \times ১০⁴,০.৫৬৭৮৯ \times ১০⁶,৫.৬৭৮৯ \times ১০⁴,A,"৫৬৭৮৯০ = ৫.৬৭৮৯ \times ১০⁵, যেখানে ১ \leq ৫.৬৭৮৯ < ১০।",7
Basic Geometric Concepts,1,ইউক্লিডের কোন পোস্টুলেট বলে যে একটি সরলরেখা অনির্দিষ্টকাল পর্যন্ত বাড়ানো যায়?,প্রথম পোস্টুলেট,দ্বিতীয় পোস্টুলেট,তৃতীয় পোস্টুলেট,চতুর্থ পোস্টুলেট,B,ইউক্লিডের দ্বিতীয় পোস্টুলেট বলে যে একটি সরলরেখা অনির্দিষ্টকাল পর্যন্ত বাড়ানো যায়।,2
Triangle,2,একটি ত্রিভুজের তিনটি কোণের সমষ্টি কত?,1 সমকোণ,2 সমকোণ,3 সমকোণ,4 সমকোণ,B,"ত্রিভুজের তিনটি কোণের সমষ্টি সবসময় 2 সমকোণ বা 180° হয়, যা থিওরেম 4 দ্বারা প্রমাণিত।",1
"Line, Ray, Line Segment, Angle, and Parallel Lines",3,দুটি সমান্তরাল রেখা একটি ট্রান্সভার্সাল দ্বারা ছেদ করলে কোন জোড়া কোণ সমান হয়?,অন্তঃস্থ কোণ,সংনিকট কোণ,অনুরূপ কোণ,বাহ্যিক কোণ,C,"দুটি সমান্তরাল রেখা একটি ট্রান্সভার্সাল দ্বারা ছেদ করলে অনুরূপ কোণগুলো সমান হয়, যা ইউক্লিডের পঞ্চম পোস্টুলেটের সমতুল্য।",3
Basic Geometric Concepts,4,একটি সমতল পৃষ্ঠের মাত্রা কত?,শূন্য মাত্রা,এক মাত্রা,দুই মাত্রা,তিন মাত্রা,C,"ইউক্লিডের মতে একটি সমতল পৃষ্ঠের শুধু দৈর্ঘ্য এবং প্রস্থ আছে, তাই এর মাত্রা দুই।",1
Triangle,5,একটি সমবাহু ত্রিভুজের প্রতিটি কোণ কত ডিগ্রি?,30°,45°,60°,90°,C,"একটি সমবাহু ত্রিভুজের তিনটি কোণ সমান এবং তিনটি কোণের সমষ্টি 180°, তাই প্রতিটি কোণ 180 ÷ 3 = 60°।",2
"Line, Ray, Line Segment, Angle, and Parallel Lines",6,দুটি সরলরেখা ছেদ করলে কোন কোণগুলো সমান হয়?,সংনিকট কোণ,বিপরীত কোণ,অন্তঃস্থ কোণ,বাহ্যিক কোণ,B,"দুটি সরলরেখা ছেদ করলে বিপরীত কোণগুলো সমান হয়, যা থিওরেম 2 দ্বারা প্রমাণিত।",4
Basic Geometric Concepts,7,ইউক্লিডের কোন অ্যাক্সিওম বলে যে পূর্ণ অংশের চেয়ে বড়?,প্রথম অ্যাক্সিওম,দ্বিতীয় অ্যাক্সিওম,তৃতীয় অ্যাক্সিওম,পঞ্চম অ্যাক্সিওম,D,ইউক্লিডের পঞ্চম অ্যাক্সিওম বলে যে পূর্ণ অংশের চেয়ে বড়।,3
Triangle,8,"একটি ত্রিভুজের একটি বাহু বাড়ালে যে বহিঃকোণ তৈরি হয়, তা কীসের সমান?",অভ্যন্তরীণ সংনিকট কোণ,দুটি অভ্যন্তরীণ বিপরীত কোণের সমষ্টি,তিনটি অভ্যন্তরীণ কোণের সমষ্টি,একটি সমকোণ,B,"ত্রিভুজের একটি বাহু বাড়ালে যে বহিঃকোণ তৈরি হয়, তা দুটি অভ্যন্তরীণ বিপরীত কোণের সমষ্টির সমান, যা করোলারি 2 দ্বারা প্রমাণিত।",5
"Line, Ray, Line Segment, Angle, and Parallel Lines",9,দুটি রশ্মি একটি সমতলে মিলিত হলে কী তৈরি হয়?,একটি বিন্দু,একটি সরলরেখা,একটি কোণ,একটি সমতল,C,"দুটি রশ্মি একটি সমতলে মিলিত হলে একটি কোণ তৈরি হয়, যার শীর্ষবিন্দু হয় মিলন বিন্দু।",1
Basic Geometric Concepts,10,ইউক্লিডের কোন পোস্টুলেট বলে যে সমকোণ সব সময় সমান হয়?,প্রথম পোস্টুলেট,দ্বিতীয় পোস্টুলেট,তৃতীয় পোস্টুলেট,চতুর্থ পোস্টুলেট,D,ইউক্লিডের চতুর্থ পোস্টুলেট বলে যে সমকোণ সব সময় সমান হয়।,2
Triangle,11,একটি সমকোণী ত্রিভুজের তীক্ষ্ণ কোণগুলো কীসের পরিপূরক?,একটি সমকোণ,একটি প্রবৃদ্ধ কোণ,একটি সরলকোণ,নিজেদের মধ্যে,D,"একটি সমকোণী ত্রিভুজের তীক্ষ্ণ কোণগুলো নিজেদের মধ্যে পরিপূরক, কারণ তাদের সমষ্টি 90°, যা করোলারি 4 দ্বারা প্রমাণিত।",4
"Line, Ray, Line Segment, Angle, and Parallel Lines",12,দুটি সরলরেখা ছেদ করলে কয়টি জোড়া বিপরীত কোণ তৈরি হয়?,1 জোড়া,2 জোড়া,3 জোড়া,4 জোড়া,B,"দুটি সরলরেখা ছেদ করলে 2 জোড়া বিপরীত কোণ তৈরি হয়, যেমন \(\angle BOD\) এবং \(\angle AOC\), এবং \(\angle BOC\) এবং \(\angle DOA\)।",3
Basic Geometric Concepts,13,ইউক্লিডের কোন অ্যাক্সিওম বলে যে সমানের সাথে সমান যোগ করলে সমষ্টি সমান হয়?,প্রথম অ্যাক্সিওম,দ্বিতীয় অ্যাক্সিওম,তৃতীয় অ্যাক্সিওম,চতুর্থ অ্যাক্সিওম,B,ইউক্লিডের দ্বিতীয় অ্যাক্সিওম বলে যে সমানের সাথে সমান যোগ করলে সমষ্টি সমান হয়।,4
Triangle,14,"একটি ত্রিভুজের দুটি বাহু যদি সমান হয়, তবে কোন কোণগুলো সমান হবে?",সমান বাহুগুলোর বিপরীত কোণ,সমান বাহুগুলোর সংনিকট কোণ,তিনটি কোণই,কোনো কোণই নয়,A,"ত্রিভুজের দুটি বাহু সমান হলে সমান বাহুগুলোর বিপরীত কোণগুলো সমান হয়, যা থিওরেম 6 দ্বারা প্রমাণিত।",3
"Line, Ray, Line Segment, Angle, and Parallel Lines",15,একটি সরলকোণের পরিমাপ কত?,90°,180°,270°,360°,B,"একটি সরলকোণের পরিমাপ 180° হয়, কারণ এটি দুটি বিপরীত রশ্মি দ্বারা তৈরি হয়।",2
Basic Geometric Concepts,16,ইউক্লিডের কোন পোস্টুলেট বলে যে যেকোনো কেন্দ্র এবং ব্যাসার্ধ দিয়ে একটি বৃত্ত আঁকা যায়?,প্রথম পোস্টুলেট,দ্বিতীয় পোস্টুলেট,তৃতীয় পোস্টুলেট,চতুর্থ পোস্টুলেট,C,ইউক্লিডের তৃতীয় পোস্টুলেট বলে যে যেকোনো কেন্দ্র এবং ব্যাসার্ধ দিয়ে একটি বৃত্ত আঁকা যায়।,1
Triangle,17,একটি সমকোণী ত্রিভুজের কর্ণের উপর বর্গ কীসের সমান?,অন্য দুটি বাহুর উপর বর্গের সমষ্টি,অন্য দুটি বাহুর উপর বর্গের বিয়োগ,অন্য দুটি বাহুর গুণফল,অন্য দুটি বাহুর ভাগফল,A,"পিথাগোরাসের থিওরেম (থিওরেম 15) অনুযায়ী, একটি সমকোণী ত্রিভুজের কর্ণের উপর বর্গ অন্য দুটি বাহুর উপর বর্গের সমষ্টির সমান।",5
"Line, Ray, Line Segment, Angle, and Parallel Lines",18,দুটি সমান্তরাল রেখার ট্রান্সভার্সাল দ্বারা তৈরি একই পাশের অভ্যন্তরীণ কোণগুলো কীসের সমান?,একটি সমকোণ,দুটি সমকোণ,তিনটি সমকোণ,চারটি সমকোণ,B,"দুটি সমান্তরাল রেখার ট্রান্সভার্সাল দ্বারা তৈরি একই পাশের অভ্যন্তরীণ কোণগুলোর সমষ্টি দুটি সমকোণ বা 180°, যা ইউক্লিডের পঞ্চম পোস্টুলেটের সমতুল্য।",6
Basic Geometric Concepts,19,ইউক্লিডের কোন অ্যাক্সিওম বলে যে সমান থেকে সমান বিয়োগ করলে বাকি সমান হয়?,প্রথম অ্যাক্সিওম,দ্বিতীয় অ্যাক্সিওম,তৃতীয় অ্যাক্সিওম,চতুর্থ অ্যাক্সিওম,C,ইউক্লিডের তৃতীয় অ্যাক্সিওম বলে যে সমান থেকে সমান বিয়োগ করলে বাকি সমান হয়।,3
Triangle,20,একটি ত্রিভুজের যেকোনো দুটি বাহুর সমষ্টি কীসের চেয়ে বড়?,তৃতীয় বাহু,অভ্যন্তরীণ কোণের সমষ্টি,বহিঃকোণ,মধ্যমা,A,"থিওরেম 13 অনুযায়ী, একটি ত্রিভুজের যেকোনো দুটি বাহুর সমষ্টি তৃতীয় বাহুর চেয়ে বড়।",4
"Line, Ray, Line Segment, Angle, and Parallel Lines",21,"দুটি সংনিকট কোণ যদি সমান হয়, তবে প্রতিটি কোণ কত ডিগ্রি?",45°,90°,120°,180°,B,"দুটি সংনিকট কোণ যদি সমান হয় এবং তারা একটি সরলরেখায় থাকে, তবে প্রতিটি কোণ 90°, কারণ তাদের সমষ্টি 180°।",5
Basic Geometric Concepts,22,ইউক্লিডের কোন পোস্টুলেট সরলরেখার সংজ্ঞা দেয় না?,প্রথম পোস্টুলেট,দ্বিতীয় পোস্টুলেট,তৃতীয় পোস্টুলেট,পঞ্চম পোস্টুলেট,D,"ইউক্লিডের পঞ্চম পোস্টুলেট সমান্তরাল রেখার সাথে সম্পর্কিত, সরলরেখার সংজ্ঞা দেয় না।",4
Triangle,23,"একটি ত্রিভুজের দুটি কোণ সমান হলে, কোন বাহুগুলো সমান হবে?",সমান কোণগুলোর বিপরীত বাহু,সমান কোণগুলোর সংনিকট বাহু,তিনটি বাহুই,কোনো বাহুই নয়,A,"থিওরেম 7 অনুযায়ী, একটি ত্রিভুজের দুটি কোণ সমান হলে সমান কোণগুলোর বিপরীত বাহুগুলো সমান হবে।",6
"Line, Ray, Line Segment, Angle, and Parallel Lines",24,একটি তীক্ষ্ণ কোণের পরিমাপ কত হতে পারে?,90° এর বেশি,90° এর কম,180° এর বেশি,270° এর বেশি,B,"একটি তীক্ষ্ণ কোণের পরিমাপ 90° এর কম হয়, কারণ এটি সমকোণের চেয়ে ছোট।",1
Basic Geometric Concepts,25,ইউক্লিডের কোন অ্যাক্সিওম বলে যে একই জিনিসের সমান জিনিসগুলো নিজেদের মধ্যে সমান?,প্রথম অ্যাক্সিওম,দ্বিতীয় অ্যাক্সিওম,তৃতীয় অ্যাক্সিওম,চতুর্থ অ্যাক্সিওম,A,ইউক্লিডের প্রথম অ্যাক্সিওম বলে যে একই জিনিসের সমান জিনিসগুলো নিজেদের মধ্যে সমান।,5
Triangle,26,একটি ত্রিভুজের যেকোনো দুটি বাহুর পার্থক্য কীসের চেয়ে ছোট?,তৃতীয় বাহু,অভ্যন্তরীণ কোণের সমষ্টি,বহিঃকোণ,মধ্যমা,A,"করোলারি 5 অনুযায়ী, একটি ত্রিভুজের যেকোনো দুটি বাহুর পার্থক্য তৃতীয় বাহুর চেয়ে ছোট।",7
"Line, Ray, Line Segment, Angle, and Parallel Lines",27,একটি প্রবৃদ্ধ কোণের পরিমাপ কত হতে পারে?,90° এর কম,90° এর বেশি কিন্তু 180° এর কম,180° এর বেশি কিন্তু 360° এর কম,360° এর বেশি,C,একটি প্রবৃদ্ধ কোণের পরিমাপ 180° এর বেশি কিন্তু 360° এর কম হয়।,2
Basic Geometric Concepts,28,ইউক্লিডের কোন পোস্টুলেট সমান্তরাল রেখার সাথে সম্পর্কিত?,প্রথম পোস্টুলেট,দ্বিতীয় পোস্টুলেট,তৃতীয় পোস্টুলেট,পঞ্চম পোস্টুলেট,D,"ইউক্লিডের পঞ্চম পোস্টুলেট সমান্তরাল রেখার সাথে সম্পর্কিত, যা ট্রান্সভার্সাল দ্বারা তৈরি কোণের সমষ্টি বর্ণনা করে।",6
Triangle,29,একটি সমবাহু ত্রিভুজের তিনটি বাহু কত ডিগ্রি?,সমান,অসমান,দুটি সমান,কোনোটিই নয়,A,"একটি সমবাহু ত্রিভুজের তিনটি বাহু সমান হয়, যেমনটি সংজ্ঞায় বর্ণিত।",1
"Line, Ray, Line Segment, Angle, and Parallel Lines",30,"দুটি কোণের সমষ্টি যদি 2 সমকোণ হয়, তবে তারা কী বলা হয়?",পরিপূরক কোণ,পরিপূরণ কোণ,বিপরীত কোণ,সংনিকট কোণ,B,দুটি কোণের সমষ্টি 2 সমকোণ বা 180° হলে তারা পরিপূরণ কোণ বলা হয়।,3
Basic Geometric Concepts,31,ইউক্লিডের কোন অ্যাক্সিওম বলে যে একই জিনিসের উপর অবস্থিত জিনিসগুলো সমান?,প্রথম অ্যাক্সিওম,দ্বিতীয় অ্যাক্সিওম,তৃতীয় অ্যাক্সিওম,চতুর্থ অ্যাক্সিওম,D,ইউক্লিডের চতুর্থ অ্যাক্সিওম বলে যে একই জিনিসের উপর অবস্থিত জিনিসগুলো সমান।,7
Triangle,32,"একটি ত্রিভুজের দুটি কোণ যদি 50° এবং 60° হয়, তবে তৃতীয় কোণ কত?",70°,80°,90°,100°,A,"ত্রিভুজের তিনটি কোণের সমষ্টি 180°, তাই তৃতীয় কোণ = 180° - (50° + 60°) = 70°।",2
"Line, Ray, Line Segment, Angle, and Parallel Lines",33,"দুটি কোণের সমষ্টি যদি 1 সমকোণ হয়, তবে তারা কী বলা হয়?",পরিপূরক কোণ,পরিপূরণ কোণ,বিপরীত কোণ,সংনিকট কোণ,A,দুটি কোণের সমষ্টি 1 সমকোণ বা 90° হলে তারা পরিপূরক কোণ বলা হয়।,4
Basic Geometric Concepts,34,ইউক্লিডের কোন পোস্টুলেট বলে যে দুটি বিন্দুর মধ্যে একটি সরলরেখা টানা যায়?,প্রথম পোস্টুলেট,দ্বিতীয় পোস্টুলেট,তৃতীয় পোস্টুলেট,চতুর্থ পোস্টুলেট,A,ইউক্লিডের প্রথম পোস্টুলেট বলে যে যেকোনো দুটি বিন্দুর মধ্যে একটি সরলরেখা টানা যায়।,1
Triangle,35,"একটি ত্রিভুজের একটি কোণ 90° হলে, ত্রিভুজটি কী ধরনের?",তীক্ষ্ণকোণী,সমকোণী,প্রবৃদ্ধকোণী,সমবাহু,B,"একটি ত্রিভুজের একটি কোণ 90° হলে ত্রিভুজটি সমকোণী হয়, যেমনটি সংজ্ঞায় বর্ণিত।",3
"Line, Ray, Line Segment, Angle, and Parallel Lines",36,দুটি সমান্তরাল রেখার ট্রান্সভার্সাল দ্বারা তৈরি পর্যায়ী কোণগুলো কী?,সমান,অসমান,পরিপূরক,পরিপূরণ,A,"দুটি সমান্তরাল রেখার ট্রান্সভার্সাল দ্বারা তৈরি পর্যায়ী কোণগুলো সমান হয়, যা ইউক্লিডের পঞ্চম পোস্টুলেটের সমতুল্য।",5
Basic Geometric Concepts,37,ইউক্লিডের কোন অ্যাক্সিওম বলে যে সমানের সাথে সমান যোগ করলে সমষ্টি সমান হয়?,প্রথম অ্যাক্সিওম,দ্বিতীয় অ্যাক্সিওম,তৃতীয় অ্যাক্সিওম,চতুর্থ অ্যাক্সিওম,B,ইউক্লিডের দ্বিতীয় অ্যাক্সিওম বলে যে সমানের সাথে সমান যোগ করলে সমষ্টি সমান হয়।,2
Triangle,38,"একটি ত্রিভুজের একটি কোণ 120° হলে, ত্রিভুজটি কী ধরনের?",তীক্ষ্ণকোণী,সমকোণী,প্রবৃদ্ধকোণী,সমবাহু,C,"একটি ত্রিভুজের একটি কোণ 120° হলে ত্রিভুজটি প্রবৃদ্ধকোণী হয়, কারণ একটি কোণ 90° এর চেয়ে বড়।",4
"Line, Ray, Line Segment, Angle, and Parallel Lines",39,একটি রিফ্লেক্স কোণের পরিমাপ কত হতে পারে?,90° এর কম,90° এর বেশি কিন্তু 180° এর কম,180° এর বেশি কিন্তু 360° এর কম,360° এর বেশি,C,একটি রিফ্লেক্স কোণের পরিমাপ 180° এর বেশি কিন্তু 360° এর কম হয়।,6
Basic Geometric Concepts,40,ইউক্লিডের কোন পোস্টুলেট বলে যে সমকোণ সব সময় সমান হয়?,প্রথম পোস্টুলেট,দ্বিতীয় পোস্টুলেট,তৃতীয় পোস্টুলেট,চতুর্থ পোস্টুলেট,D,ইউক্লিডের চতুর্থ পোস্টুলেট বলে যে সমকোণ সব সময় সমান হয়।,1
Triangle,41,একটি ত্রিভুজের তিনটি বাহু সমান হলে ত্রিভুজটি কী ধরনের?,সমবাহু,সমদ্বিবাহু,অসমবাহু,সমকোণী,A,"একটি ত্রিভুজের তিনটি বাহু সমান হলে ত্রিভুজটি সমবাহু হয়, যেমনটি সংজ্ঞায় বর্ণিত।",1
"Line, Ray, Line Segment, Angle, and Parallel Lines",42,দুটি সরলরেখা সমান্তরাল হলে তাদের মধ্যে দূরত্ব কী হয়?,সর্বদা পরিবর্তনশীল,সর্বদা সমান,কখনো সমান নয়,শূন্য,B,"দুটি সমান্তরাল রেখার মধ্যে দূরত্ব সর্বদা সমান হয়, যেমনটি সমান্তরাল রেখার সংজ্ঞায় বর্ণিত।",7
Basic Geometric Concepts,43,ইউক্লিডের কোন অ্যাক্সিওম বলে যে সমান থেকে সমান বিয়োগ করলে বাকি সমান হয়?,প্রথম অ্যাক্সিওম,দ্বিতীয় অ্যাক্সিওম,তৃতীয় অ্যাক্সিওম,চতুর্থ অ্যাক্সিওম,C,ইউক্লিডের তৃতীয় অ্যাক্সিওম বলে যে সমান থেকে সমান বিয়োগ করলে বাকি সমান হয়।,2
Triangle,44,"একটি ত্রিভুজের একটি কোণ 90° এর কম হলে, ত্রিভুজটি কী ধরনের?",তীক্ষ্ণকোণী,সমকোণী,প্রবৃদ্ধকোণী,সমবাহু,A,"একটি ত্রিভুজের তিনটি কোণই 90° এর কম হলে ত্রিভুজটি তীক্ষ্ণকোণী হয়, যেমনটি সংজ্ঞায় বর্ণিত।",2
"Line, Ray, Line Segment, Angle, and Parallel Lines",45,"দুটি কোণ যদি একই শীর্ষবিন্দু এবং একটি সাধারণ বাহু থাকে এবং বিপরীত দিকে থাকে, তবে তারা কী বলা হয়?",পরিপূরক কোণ,পরিপূরণ কোণ,বিপরীত কোণ,সংনিকট কোণ,D,"দুটি কোণ যদি একই শীর্ষবিন্দু এবং একটি সাধারণ বাহু থাকে এবং বিপরীত দিকে থাকে, তবে তারা সংনিকট কোণ বলা হয়।",3
Basic Geometric Concepts,46,ইউক্লিডের কোন পোস্টুলেট বলে যে সমান্তরাল রেখার মধ্যে কোণের সমষ্টি দুই সমকোণের কম হলে তারা ছেদ করবে?,প্রথম পোস্টুলেট,দ্বিতীয় পোস্টুলেট,তৃতীয় পোস্টুলেট,পঞ্চম পোস্টুলেট,D,ইউক্লিডের পঞ্চম পোস্টুলেট বলে যে সমান্তরাল রেখার মধ্যে কোণের সমষ্টি দুই সমকোণের কম হলে তারা ছেদ করবে।,3
Triangle,47,"একটি ত্রিভুজের দুটি বাহু যদি সমান হয়, ত্রিভুজটি কী ধরনের?",সমবাহু,সমদ্বিবাহু,অসমবাহু,সমকোণী,B,"একটি ত্রিভুজের দুটি বাহু সমান হলে ত্রিভুজটি সমদ্বিবাহু হয়, যেমনটি সংজ্ঞায় বর্ণিত।",1
"Line, Ray, Line Segment, Angle, and Parallel Lines",48,দুটি সরলরেখা ছেদ করলে তৈরি সংনিকট কোণগুলোর সমষ্টি কত?,1 সমকোণ,2 সমকোণ,3 সমকোণ,4 সমকোণ,B,"দুটি সরলরেখা ছেদ করলে তৈরি সংনিকট কোণগুলোর সমষ্টি 2 সমকোণ বা 180°, যা থিওরেম 1 দ্বারা প্রমাণিত।",4
Basic Geometric Concepts,49,ইউক্লিডের কোন অ্যাক্সিওম বলে যে একই জিনিসের উপর অবস্থিত জিনিসগুলো সমান?,প্রথম অ্যাক্সিওম,দ্বিতীয় অ্যাক্সিওম,তৃতীয় অ্যাক্সিওম,চতুর্থ অ্যাক্সিওম,D,ইউক্লিডের চতুর্থ অ্যাক্সিওম বলে যে একই জিনিসের উপর অবস্থিত জিনিসগুলো সমান।,4
Triangle,50,একটি ত্রিভুজের তিনটি বাহু অসমান হলে ত্রিভুজটি কী ধরনের?,সমবাহু,সমদ্বিবাহু,অসমবাহু,সমকোণী,C,"একটি ত্রিভুজের তিনটি বাহু অসমান হলে ত্রিভুজটি অসমবাহু হয়, যেমনটি সংজ্ঞায় বর্ণিত।",1
"Line, Ray, Line Segment, Angle, and Parallel Lines",51,দুটি সমান্তরাল রেখার ট্রান্সভার্সাল দ্বারা তৈরি পর্যায়ী কোণগুলো কী?,সমান,অসমান,পরিপূরক,পরিপূরণ,A,"দুটি সমান্তরাল রেখার ট্রান্সভার্সাল দ্বারা তৈরি পর্যায়ী কোণগুলো সমান হয়, যা ইউক্লিডের পঞ্চম পোস্টুলেটের সমতুল্য।",5
Basic Geometric Concepts,52,ইউক্লিডের কোন পোস্টুলেট বলে যে যেকোনো দুটি বিন্দুর মধ্যে একটি সরলরেখা টানা যায়?,প্রথম পোস্টুলেট,দ্বিতীয় পোস্টুলেট,তৃতীয় পোস্টুলেট,চতুর্থ পোস্টুলেট,A,ইউক্লিডের প্রথম পোস্টুলেট বলে যে যেকোনো দুটি বিন্দুর মধ্যে একটি সরলরেখা টানা যায়।,1
Triangle,53,"একটি ত্রিভুজের একটি বাহু বাড়ালে যে বহিঃকোণ তৈরি হয়, তা কোন কোণের চেয়ে বড়?",সংনিকট অভ্যন্তরীণ কোণ,দুটি অভ্যন্তরীণ বিপরীত কোণ,তিনটি অভ্যন্তরীণ কোণের সমষ্টি,একটি সমকোণ,B,"করোলারি 3 অনুযায়ী, একটি ত্রিভুজের বহিঃকোণ দুটি অভ্যন্তরীণ বিপরীত কোণের চেয়ে বড়।",6
"Line, Ray, Line Segment, Angle, and Parallel Lines",54,"দুটি কোণ যদি একই শীর্ষবিন্দু এবং একটি সাধারণ বাহু থাকে এবং বিপরীত দিকে থাকে, তবে তারা কী বলা হয়?",পরিপূরক কোণ,পরিপূরণ কোণ,বিপরীত কোণ,সংনিকট কোণ,D,"দুটি কোণ যদি একই শীর্ষবিন্দু এবং একটি সাধারণ বাহু থাকে এবং বিপরীত দিকে থাকে, তবে তারা সংনিকট কোণ বলা হয়।",2
Basic Geometric Concepts,55,ইউক্লিডের কোন পোস্টুলেট বলে যে সমান্তরাল রেখার মধ্যে কোণের সমষ্টি দুই সমকোণের কম হলে তারা ছেদ করবে?,প্রথম পোস্টুলেট,দ্বিতীয় পোস্টুলেট,তৃতীয় পোস্টুলেট,পঞ্চম পোস্টুলেট,D,ইউক্লিডের পঞ্চম পোস্টুলেট বলে যে সমান্তরাল রেখার মধ্যে কোণের সমষ্টি দুই সমকোণের কম হলে তারা ছেদ করবে।,3
Triangle,56,"একটি ত্রিভুজের দুটি বাহু যদি 5 cm এবং 7 cm হয়, তৃতীয় বাহুর দৈর্ঘ্য কত হতে পারে?",1 cm,2 cm,3 cm,10 cm,D,"থিওরেম 13 এবং করোলারি 5 অনুযায়ী, তৃতীয় বাহুর দৈর্ঘ্য 7-5 = 2 cm এর চেয়ে বড় এবং 5+7 = 12 cm এর চেয়ে ছোট হতে হবে, তাই 10 cm সম্ভব।",8
"Line, Ray, Line Segment, Angle, and Parallel Lines",57,দুটি সমান্তরাল রেখার ট্রান্সভার্সাল দ্বারা তৈরি একই পাশের অভ্যন্তরীণ কোণগুলোর সমষ্টি কত?,90°,180°,270°,360°,B,"দুটি সমান্তরাল রেখার ট্রান্সভার্সাল দ্বারা তৈরি একই পাশের অভ্যন্তরীণ কোণগুলোর সমষ্টি 180°, যা ইউক্লিডের পঞ্চম পোস্টুলেটের সমতুল্য।",4
Basic Geometric Concepts,58,ইউক্লিডের কোন অ্যাক্সিওম বলে যে সমান থেকে সমান বিয়োগ করলে বাকি সমান হয়?,প্রথম অ্যাক্সিওম,দ্বিতীয় অ্যাক্সিওম,তৃতীয় অ্যাক্সিওম,চতুর্থ অ্যাক্সিওম,C,ইউক্লিডের তৃতীয় অ্যাক্সিওম বলে যে সমান থেকে সমান বিয়োগ করলে বাকি সমান হয়।,2
Triangle,59,"একটি ত্রিভুজের দুটি কোণ যদি 40° এবং 70° হয়, তবে তৃতীয় কোণ কত?",70°,80°,90°,100°,A,"ত্রিভুজের তিনটি কোণের সমষ্টি 180°, তাই তৃতীয় কোণ = 180° - (40° + 70°) = 70°।",1
"Line, Ray, Line Segment, Angle, and Parallel Lines",60,দুটি সরলরেখা ছেদ করলে তৈরি সংনিকট কোণগুলোর সমষ্টি কত?,1 সমকোণ,2 সমকোণ,3 সমকোণ,4 সমকোণ,B,"দুটি সরলরেখা ছেদ করলে তৈরি সংনিকট কোণগুলোর সমষ্টি 2 সমকোণ বা 180°, যা থিওরেম 1 দ্বারা প্রমাণিত।",3
Basic Geometric Concepts,61,ইউক্লিডের কোন পোস্টুলেট বলে যে যেকোনো কেন্দ্র এবং ব্যাসার্ধ দিয়ে একটি বৃত্ত আঁকা যায়?,প্রথম পোস্টুলেট,দ্বিতীয় পোস্টুলেট,তৃতীয় পোস্টুলেট,চতুর্থ পোস্টুলেট,C,ইউক্লিডের তৃতীয় পোস্টুলেট বলে যে যেকোনো কেন্দ্র এবং ব্যাসার্ধ দিয়ে একটি বৃত্ত আঁকা যায়।,1
Triangle,62,"একটি ত্রিভুজের একটি কোণ 90° এবং অন্য দুটি কোণ 45° হলে, ত্রিভুজটি কী ধরনের?",সমবাহু,সমদ্বিবাহু,অসমবাহু,সমকোণী,D,"একটি ত্রিভুজের একটি কোণ 90° হলে ত্রিভুজটি সমকোণী হয়, এবং এখানে অন্য দুটি কোণ সমান হওয়ায় এটি সমদ্বিবাহুও।",2
"Line, Ray, Line Segment, Angle, and Parallel Lines",63,দুটি সমান্তরাল রেখার ট্রান্সভার্সাল দ্বারা তৈরি অনুরূপ কোণগুলো কী?,সমান,অসমান,পরিপূরক,পরিপূরণ,A,"দুটি সমান্তরাল রেখার ট্রান্সভার্সাল দ্বারা তৈরি অনুরূপ কোণগুলো সমান হয়, যা ইউক্লিডের পঞ্চম পোস্টুলেটের সমতুল্য।",4
Basic Geometric Concepts,64,ইউক্লিডের কোন অ্যাক্সিওম বলে যে একই জিনিসের সমান জিনিসগুলো নিজেদের মধ্যে সমান?,প্রথম অ্যাক্সিওম,দ্বিতীয় অ্যাক্সিওম,তৃতীয় অ্যাক্সিওম,চতুর্থ অ্যাক্সিওম,A,ইউক্লিডের প্রথম অ্যাক্সিওম বলে যে একই জিনিসের সমান জিনিসগুলো নিজেদের মধ্যে সমান।,1
Triangle,65,"একটি ত্রিভুজের দুটি কোণ যদি 60° এবং 70° হয়, তবে তৃতীয় কোণ কত?",50°,60°,70°,80°,A,"ত্রিভুজের তিনটি কোণের সমষ্টি 180°, তাই তৃতীয় কোণ = 180° - (60° + 70°) = 50°।",1
"Line, Ray, Line Segment, Angle, and Parallel Lines",66,দুটি সরলরেখা ছেদ করলে তৈরি বিপরীত কোণগুলো কী?,সমান,অসমান,পরিপূরক,পরিপূরণ,A,"দুটি সরলরেখা ছেদ করলে তৈরি বিপরীত কোণগুলো সমান হয়, যা থিওরেম 2 দ্বারা প্রমাণিত।",2
Basic Geometric Concepts,67,ইউক্লিডের কোন পোস্টুলেট বলে যে সমকোণ সব সময় সমান হয়?,প্রথম পোস্টুলেট,দ্বিতীয় পোস্টুলেট,তৃতীয় পোস্টুলেট,চতুর্থ পোস্টুলেট,D,ইউক্লিডের চতুর্থ পোস্টুলেট বলে যে সমকোণ সব সময় সমান হয়।,1
Triangle,68,"একটি ত্রিভুজের দুটি কোণ যদি 30° এবং 60° হয়, তবে তৃতীয় কোণ কত?",90°,100°,110°,120°,A,"ত্রিভুজের তিনটি কোণের সমষ্টি 180°, তাই তৃতীয় কোণ = 180° - (30° + 60°) = 90°।",1
"Line, Ray, Line Segment, Angle, and Parallel Lines",69,দুটি সমান্তরাল রেখার ট্রান্সভার্সাল দ্বারা তৈরি একই পাশের অভ্যন্তরীণ কোণগুলোর সমষ্টি কত?,90°,180°,270°,360°,B,"দুটি সমান্তরাল রেখার ট্রান্সভার্সাল দ্বারা তৈরি একই পাশের অভ্যন্তরীণ কোণগুলোর সমষ্টি 180°, যা ইউক্লিডের পঞ্চম পোস্টুলেটের সমতুল্য।",5
Triangle,70,"একটি ত্রিভুজের দুটি কোণ যদি 50° এবং 70° হয়, তৃতীয় কোণ কত?",60°,70°,80°,90°,A,"ত্রিভুজের তিনটি কোণের সমষ্টি 180°, তাই তৃতীয় কোণ = 180° - (50° + 70°) = 60°।",1
Basic Geometric Concepts,71,ইউক্লিডের কোন অ্যাক্সিওম বলে যে পূর্ণ অংশের চেয়ে বড়?,প্রথম অ্যাক্সিওম,দ্বিতীয় অ্যাক্সিওম,তৃতীয় অ্যাক্সিওম,পঞ্চম অ্যাক্সিওম,D,ইউক্লিডের পঞ্চম অ্যাক্সিওম বলে যে পূর্ণ অংশের চেয়ে বড়।,3
"Line, Ray, Line Segment, Angle, and Parallel Lines",72,দুটি সরলরেখা ছেদ করলে তৈরি বিপরীত কোণগুলো কী?,সমান,অসমান,পরিপূরক,পরিপূরণ,A,"দুটি সরলরেখা ছেদ করলে তৈরি বিপরীত কোণগুলো সমান হয়, যা থিওরেম 2 দ্বারা প্রমাণিত।",2
Triangle,73,"একটি ত্রিভুজের একটি কোণ 90° এবং অন্য দুটি কোণ 45° হলে, ত্রিভুজটি কী ধরনের?",সমবাহু,সমদ্বিবাহু,অসমবাহু,সমকোণী,D,"একটি ত্রিভুজের একটি কোণ 90° হলে ত্রিভুজটি সমকোণী হয়, এবং এখানে অন্য দুটি কোণ সমান হওয়ায় এটি সমদ্বিবাহুও।",4
Basic Geometric Concepts,74,ইউক্লিডের কোন পোস্টুলেট বলে যে যেকোনো কেন্দ্র এবং ব্যাসার্ধ দিয়ে একটি বৃত্ত আঁকা যায়?,প্রথম পোস্টুলেট,দ্বিতীয় পোস্টুলেট,তৃতীয় পোস্টুলেট,চতুর্থ পোস্টুলেট,C,ইউক্লিডের তৃতীয় পোস্টুলেট বলে যে যেকোনো কেন্দ্র এবং ব্যাসার্ধ দিয়ে একটি বৃত্ত আঁকা যায়।,1
"Line, Ray, Line Segment, Angle, and Parallel Lines",75,একটি রশ্মির কতটি প্রান্তবিন্দু থাকে?,শূন্য,একটি,দুটি,অসীম,B,"একটি রশ্মির একটি প্রান্তবিন্দু থাকে, যেখান থেকে এটি শুরু হয় এবং অন্য দিকে অসীম পর্যন্ত বিস্তৃত হয়।",3
