Subtopic,Question Number,Question,Option A,Option B,Option C,Option D,Correct Answer,Explanation,Difficulty,,
সংখ্যার শ্রেণীবিভাগ,1,প্রাকৃতিক সংখ্যার উদাহরণ কোনটি?,-3,0,5,1/2,C,5 একটি প্রাকৃতিক সংখ্যা কারণ এটি ধনাত্মক পূর্ণ সংখ্যা।,1,,
সংখ্যার শ্রেণীবিভাগ,2,নিচের কোনটি পূর্ণসংখ্যা?,3.5,-2,1/3,√4,B,-2 একটি পূর্ণসংখ্যা কারণ এটি পূর্ণ সংখ্যা ও ঋণাত্মক পূর্ণ সংখ্যা অন্তর্ভুক্ত।,1,,
সংখ্যার শ্রেণীবিভাগ,3,নিচের কোনটি অমূলদ সংখ্যা?,1/2,π,4,-1,B,π একটি অমূলদ সংখ্যা কারণ এটি ভগ্নাংশ আকারে প্রকাশ করা যায় না।,2,,
সংখ্যার শ্রেণীবিভাগ,4,মূলদ সংখ্যা কোনটি?,√16,√5,π,-3.2,A,"√16 = 4, যা একটি মূলদ সংখ্যা কারণ এটি সম্পূর্ণ সংখ্যা।",2,,
সংখ্যার শ্রেণীবিভাগ,5,নিচের কোনটি বাস্তব সংখ্যা নয়?,-7,0.25,√2,i,D,"i একটি কাল্পনিক সংখ্যা, বাস্তব সংখ্যা নয়।",2,,
সংখ্যার শ্রেণীবিভাগ,6,নিচের কোন সংখ্যাটি প্রাকৃতিক সংখ্যা নয়?,10,0,7,15,B,"0 প্রাকৃতিক সংখ্যা নয়, এটি পূর্ণসংখ্যার অংশ।",2,,
সংখ্যার শ্রেণীবিভাগ,7,-5 কোন ধরনের সংখ্যা?,প্রাকৃতিক,পূর্ণসংখ্যা,মূলদ,অমূলদ,B,-5 একটি পূর্ণসংখ্যা কারণ এটি ঋণাত্মক পূর্ণ সংখ্যা।,3,,
সংখ্যার শ্রেণীবিভাগ,8,নিচের কোনটি ভগ্নাংশের রূপে লেখা যায় না?,√3,0.75,1/4,-2/5,A,"√3 একটি অমূলদ সংখ্যা, যা ভগ্নাংশ আকারে প্রকাশ করা যায় না।",3,,
সংখ্যার শ্রেণীবিভাগ,9,0 কোন শ্রেণীর সংখ্যা?,প্রাকৃতিক,পূর্ণসংখ্যা,মূলদ,অমূলদ,B,"0 একটি পূর্ণসংখ্যা, তবে প্রাকৃতিক সংখ্যা নয়।",3,,
সংখ্যার শ্রেণীবিভাগ,10,নিচের কোন সংখ্যা বাস্তব সংখ্যা?,5 + 2i,-√2,i,√-1,B,-√2 বাস্তব সংখ্যা কারণ এটি একটি বাস্তব সংখ্যার রূপ।,3,,
সংখ্যার শ্রেণীবিভাগ,11,√49 কোন শ্রেণীর সংখ্যা?,প্রাকৃতিক,অমূলদ,মূলদ,পূর্ণসংখ্যা,C,"√49=7, যা একটি মূলদ সংখ্যা।",4,,
সংখ্যার শ্রেণীবিভাগ,12,π এর মান সাধারণত কোন শ্রেণীতে পড়ে?,পূর্ণসংখ্যা,প্রাকৃতিক সংখ্যা,অমূলদ সংখ্যা,মূলদ সংখ্যা,C,π একটি অমূলদ সংখ্যা কারণ এটি অসীম দশমিক।,4,,
সংখ্যার শ্রেণীবিভাগ,13,-3/4 কোন শ্রেণীর সংখ্যা?,মূলদ,অমূলদ,পূর্ণসংখ্যা,প্রাকৃতিক সংখ্যা,A,-3/4 একটি মূলদ সংখ্যা কারণ এটি ভগ্নাংশ আকারে প্রকাশ করা যায়।,4,,
সংখ্যার শ্রেণীবিভাগ,14,নিচের কোনটি অমূলদ সংখ্যা?,√25,√2,1/2,3,B,"√2 একটি অমূলদ সংখ্যা, কারণ এটি ভগ্নাংশ আকারে লেখা যায় না।",4,,
সংখ্যার শ্রেণীবিভাগ,15,0.3333... কোন ধরনের সংখ্যা?,মূলদ,অমূলদ,পূর্ণসংখ্যা,প্রাকৃতিক সংখ্যা,A,0.3333... একটি মূলদ সংখ্যা কারণ এটি ভগ্নাংশ 1/3 এর দশমিক রূপ।,4,,
সংখ্যার শ্রেণীবিভাগ,16,-1 কোন শ্রেণীর সংখ্যা?,পূর্ণসংখ্যা,প্রাকৃতিক,মূলদ,অমূলদ,A,-1 একটি পূর্ণসংখ্যা কারণ এটি ঋণাত্মক পূর্ণ সংখ্যা।,5,,
সংখ্যার শ্রেণীবিভাগ,17,√8 কোন শ্রেণীর সংখ্যা?,মূলদ,অমূলদ,পূর্ণসংখ্যা,প্রাকৃতিক,B,"√8 = 2√2, যা একটি অমূলদ সংখ্যা।",5,,
সংখ্যার শ্রেণীবিভাগ,18,নিচের কোন সংখ্যা বাস্তব সংখ্যা নয়?,-5,√9,2 + 3i,0,C,"2+3i একটি কাল্পনিক সংখ্যা, বাস্তব সংখ্যা নয়।",5,,
সংখ্যার শ্রেণীবিভাগ,19,1/7 কোন শ্রেণীর সংখ্যা?,মূলদ,অমূলদ,পূর্ণসংখ্যা,প্রাকৃতিক,A,1/7 একটি মূলদ সংখ্যা কারণ এটি ভগ্নাংশ রূপে লেখা যায়।,5,,
সংখ্যার শ্রেণীবিভাগ,20,নিচের কোন সংখ্যা অমূলদ?,√4,π,2,-6,B,π একটি অমূলদ সংখ্যা।,5,,
সংখ্যার শ্রেণীবিভাগ,21,-10 কোন শ্রেণীর সংখ্যা?,প্রাকৃতিক,পূর্ণসংখ্যা,মূলদ,অমূলদ,B,-10 একটি পূর্ণসংখ্যা।,6,,
সংখ্যার শ্রেণীবিভাগ,22,√18 কোন শ্রেণীর সংখ্যা?,মূলদ,অমূলদ,পূর্ণসংখ্যা,প্রাকৃতিক,B,"√18 = 3√2, যা অমূলদ।",6,,
সংখ্যার শ্রেণীবিভাগ,23,-3/2 কোন ধরনের সংখ্যা?,মূলদ,অমূলদ,পূর্ণসংখ্যা,প্রাকৃতিক,A,-3/2 একটি মূলদ সংখ্যা।,6,,
সংখ্যার শ্রেণীবিভাগ,24,নিচের কোন সংখ্যা বাস্তব সংখ্যা নয়?,-1,0,√-1,2/3,C,"√-1 = i, যা কাল্পনিক।",6,,
সংখ্যার শ্রেণীবিভাগ,25,√50 কোন শ্রেণীর সংখ্যা?,মূলদ,অমূলদ,পূর্ণসংখ্যা,প্রাকৃতিক,B,"√50 = 5√2, যা অমূলদ।",6,,
সংখ্যার শ্রেণীবিভাগ,26,-7 কোন শ্রেণীর সংখ্যা?,পূর্ণসংখ্যা,প্রাকৃতিক,মূলদ,অমূলদ,A,-7 একটি পূর্ণসংখ্যা।,7,,
সংখ্যার শ্রেণীবিভাগ,27,√32 কোন শ্রেণীর সংখ্যা?,মূলদ,অমূলদ,পূর্ণসংখ্যা,প্রাকৃতিক,B,"√32=4√2, যা অমূলদ।",7,,
সংখ্যার শ্রেণীবিভাগ,28,π + 2 কোন শ্রেণীর সংখ্যা?,মূলদ,অমূলদ,পূর্ণসংখ্যা,কাল্পনিক,B,"π অমূলদ, যোগ করলে সংখ্যা অমূলদই থাকে।",7,,
সংখ্যার শ্রেণীবিভাগ,29,-2.5 কোন ধরনের সংখ্যা?,মূলদ,অমূলদ,পূর্ণসংখ্যা,প্রাকৃতিক,A,"-2.5 ভগ্নাংশ আকারে প্রকাশযোগ্য, তাই মূলদ।",7,,
সংখ্যার শ্রেণীবিভাগ,30,√7 কোন শ্রেণীর সংখ্যা?,মূলদ,অমূলদ,পূর্ণসংখ্যা,প্রাকৃতিক,B,√7 একটি অমূলদ সংখ্যা।,7,,
সংখ্যার শ্রেণীবিভাগ,31,√12 কোন শ্রেণীর সংখ্যা?,মূলদ,অমূলদ,পূর্ণসংখ্যা,প্রাকৃতিক,B,"√12=2√3, যা অমূলদ।",8,,
সংখ্যার শ্রেণীবিভাগ,32,-√18 কোন শ্রেণীর সংখ্যা?,মূলদ,অমূলদ,পূর্ণসংখ্যা,প্রাকৃতিক,B,"√18 অমূলদ, ঋণাত্মক হলেও অমূলদ।",8,,
সংখ্যার শ্রেণীবিভাগ,33,2/3 + √2 কোন শ্রেণীর সংখ্যা?,মূলদ,অমূলদ,পূর্ণসংখ্যা,কাল্পনিক,B,মূলদ ও অমূলদ যোগ করলে অমূলদ হয়।,8,,
সংখ্যার শ্রেণীবিভাগ,34,√(25/36) কোন শ্রেণীর সংখ্যা?,মূলদ,অমূলদ,পূর্ণসংখ্যা,প্রাকৃতিক,A,"√(25/36)=5/6, যা মূলদ।",8,,
সংখ্যার শ্রেণীবিভাগ,35,-√(1/4) কোন শ্রেণীর সংখ্যা?,মূলদ,অমূলদ,পূর্ণসংখ্যা,প্রাকৃতিক,A,"√(1/4)=1/2 মূলদ, ঋণাত্মক হলেও মূলদ।",8,,
সংখ্যার শ্রেণীবিভাগ,36,π^2 কোন শ্রেণীর সংখ্যা?,মূলদ,অমূলদ,পূর্ণসংখ্যা,কাল্পনিক,B,"π অমূলদ, তার বর্গফলও অমূলদ।",9,,
সংখ্যার শ্রেণীবিভাগ,37,√(2 + √3) কোন শ্রেণীর সংখ্যা?,মূলদ,অমূলদ,পূর্ণসংখ্যা,কাল্পনিক,B,√(2 + √3) অমূলদ সংখ্যা।,9,,
সংখ্যার শ্রেণীবিভাগ,38,(√2 + √3) কোন শ্রেণীর সংখ্যা?,মূলদ,অমূলদ,পূর্ণসংখ্যা,কাল্পনিক,B,দুটি অমূলদ সংখ্যার যোগফল সাধারণত অমূলদ।,9,,
সংখ্যার শ্রেণীবিভাগ,39,-π/2 কোন শ্রেণীর সংখ্যা?,মূলদ,অমূলদ,পূর্ণসংখ্যা,প্রাকৃতিক,B,"π অমূলদ, ভাগফলও অমূলদ।",9,,
সংখ্যার শ্রেণীবিভাগ,40,√(5) + 1 কোন শ্রেণীর সংখ্যা?,মূলদ,অমূলদ,পূর্ণসংখ্যা,কাল্পনিক,B,"√5 অমূলদ, যোগফলও অমূলদ।",9,,
সংখ্যার শ্রেণীবিভাগ,41,√(4 + 2√3) কোন শ্রেণীর সংখ্যা?,মূলদ,অমূলদ,পূর্ণসংখ্যা,কাল্পনিক,A,√(4 + 2√3) মূলদ সংখ্যা (2 + √3)।,10,,
সংখ্যার শ্রেণীবিভাগ,42,√(7 + 4√3) কোন শ্রেণীর সংখ্যা?,মূলদ,অমূলদ,পূর্ণসংখ্যা,কাল্পনিক,A,√(7 + 4√3) মূলদ সংখ্যা (3 + 2√3)।,10,,
সংখ্যার শ্রেণীবিভাগ,43,(√2)^√2 কোন শ্রেণীর সংখ্যা?,মূলদ,অমূলদ,পূর্ণসংখ্যা,কাল্পনিক,B,(√2)^√2 অমূলদ সংখ্যা।,10,,
সংখ্যার শ্রেণীবিভাগ,44,log2(8) কোন শ্রেণীর সংখ্যা?,মূলদ,অমূলদ,পূর্ণসংখ্যা,কাল্পনিক,A,"log2(8)=3, যা মূলদ।",10,,
সংখ্যার শ্রেণীবিভাগ,45,√(3 + 2√2) কোন শ্রেণীর সংখ্যা?,মূলদ,অমূলদ,পূর্ণসংখ্যা,কাল্পনিক,A,√(3 + 2√2) মূলদ সংখ্যা (1 + √2)।,10,,
সংখ্যার শ্রেণীবিভাগ,46,নিচের কোন সংখ্যা অমূলদ নয়?,π,√5,3/7,√3,C,3/7 একটি মূলদ সংখ্যা।,1,,
সংখ্যার শ্রেণীবিভাগ,47,-8 কোন শ্রেণীর সংখ্যা?,পূর্ণসংখ্যা,প্রাকৃতিক,মূলদ,অমূলদ,A,-8 পূর্ণসংখ্যা।,2,,
সংখ্যার শ্রেণীবিভাগ,48,√36 কোন শ্রেণীর সংখ্যা?,মূলদ,অমূলদ,পূর্ণসংখ্যা,প্রাকৃতিক,A,√36=6 মূলদ সংখ্যা।,3,,
সংখ্যার শ্রেণীবিভাগ,49,-√2 কোন শ্রেণীর সংখ্যা?,মূলদ,অমূলদ,পূর্ণসংখ্যা,প্রাকৃতিক,B,"√2 অমূলদ, ঋণাত্মক হলেও অমূলদ।",4,,
সংখ্যার শ্রেণীবিভাগ,50,1/5 কোন শ্রেণীর সংখ্যা?,মূলদ,অমূলদ,পূর্ণসংখ্যা,প্রাকৃতিক,A,1/5 মূলদ সংখ্যা।,5,,
সংখ্যার শ্রেণীবিভাগ,51,√(1/9) কোন শ্রেণীর সংখ্যা?,মূলদ,অমূলদ,পূর্ণসংখ্যা,প্রাকৃতিক,A,√(1/9)=1/3 মূলদ।,6,,
সংখ্যার শ্রেণীবিভাগ,52,π এর দশমিক সংখ্যা কি?,সমাপ্ত,অসীম,পূর্ণসংখ্যা,প্রাকৃতিক,B,π এর দশমিক অসীম এবং পুনরাবৃত্ত নয়।,7,,
সংখ্যার শ্রেণীবিভাগ,53,√(8) কে কিভাবে শ্রেণীবদ্ধ করবেন?,মূলদ,অমূলদ,পূর্ণসংখ্যা,প্রাকৃতিক,B,√8=2√2 অমূলদ সংখ্যা।,8,,
সংখ্যার শ্রেণীবিভাগ,54,-2/7 কোন শ্রেণীর সংখ্যা?,মূলদ,অমূলদ,পূর্ণসংখ্যা,প্রাকৃতিক,A,-2/7 একটি মূলদ সংখ্যা।,9,,
সংখ্যার শ্রেণীবিভাগ,55,√(2) + √(8) কোন শ্রেণীর সংখ্যা?,মূলদ,অমূলদ,পূর্ণসংখ্যা,প্রাকৃতিক,B,√2 + √8 অমূলদ।,10,,
সংখ্যার শ্রেণীবিভাগ,56,নিচের কোনটি বাস্তব সংখ্যার অংশ নয়?,মূলদ সংখ্যা,অমূলদ সংখ্যা,কাল্পনিক সংখ্যা,পূর্ণসংখ্যা,C,কাল্পনিক সংখ্যা বাস্তব সংখ্যা নয়।,1,,
সংখ্যার শ্রেণীবিভাগ,57,0 কে কোন শ্রেণীতে অন্তর্ভুক্ত করা হয়?,প্রাকৃতিক সংখ্যা,পূর্ণসংখ্যা,মূলদ সংখ্যা,অমূলদ সংখ্যা,B,0 পূর্ণসংখ্যার অন্তর্ভুক্ত।,2,,
সংখ্যার শ্রেণীবিভাগ,58,-1/3 কোন শ্রেণীর সংখ্যা?,মূলদ,অমূলদ,পূর্ণসংখ্যা,প্রাকৃতিক,A,-1/3 মূলদ সংখ্যা।,3,,
সংখ্যার শ্রেণীবিভাগ,59,√(18) এর শ্রেণীবিন্যাস কী?,মূলদ,অমূলদ,পূর্ণসংখ্যা,প্রাকৃতিক,B,√18 অমূলদ সংখ্যা।,4,,
সংখ্যার শ্রেণীবিভাগ,60,π + 1 কোন শ্রেণীর সংখ্যা?,মূলদ,অমূলদ,পূর্ণসংখ্যা,কাল্পনিক,B,"π অমূলদ, যোগফলও অমূলদ।",5,,
দশমিক ভগ্নাংশ,61,0.5 কে ভগ্নাংশ হিসেবে লিখলে কী হয়?,1/2,2/5,5/10,3/4,A,0.5 = 1/2।,1,,
দশমিক ভগ্নাংশ,62,0.75 কে ভগ্নাংশে রূপান্তর করলে কী হয়?,3/4,7/8,2/3,1/4,A,0.75 = 3/4।,1,,
দশমিক ভগ্নাংশ,63,1/4 কে দশমিক আকারে প্রকাশ করলে কত হয়?,0.2,0.25,0.4,0.5,B,1/4 = 0.25।,1,,
দশমিক ভগ্নাংশ,64,0.125 কে ভগ্নাংশে রূপান্তর করলে কী হয়?,1/6,1/8,1/4,1/5,B,0.125 = 1/8।,1,,
দশমিক ভগ্নাংশ,65,0.6 কে ভগ্নাংশে রূপান্তর করলে কী হয়?,3/5,2/5,4/7,1/3,A,0.6 = 3/5।,1,,
দশমিক ভগ্নাংশ,66,2/5 এর দশমিক মান কত?,0.25,0.4,0.5,0.2,B,2/5 = 0.4।,1,,
দশমিক ভগ্নাংশ,67,0.2 কে ভগ্নাংশে রূপান্তর করলে কী হয়?,1/5,2/5,1/3,3/5,A,0.2 = 1/5।,2,,
দশমিক ভগ্নাংশ,68,0.333... এর ভগ্নাংশ রূপ কী?,1/2,1/3,1/4,1/5,B,0.333... = 1/3।,2,,
দশমিক ভগ্নাংশ,69,3/10 এর দশমিক রূপ কত?,0.3,0.03,3.0,0.33,A,3/10 = 0.3।,2,,
দশমিক ভগ্নাংশ,70,0.125 এর ভগ্নাংশ রূপ কী?,1/6,1/8,1/5,1/10,B,0.125 = 1/8।,2,,
দশমিক ভগ্নাংশ,71,0.45 কে ভগ্নাংশে রূপান্তর করলে কী হয়?,9/20,5/11,4/9,1/2,A,0.45 = 9/20।,2,,
দশমিক ভগ্নাংশ,72,7/8 এর দশমিক মান কত?,0.875,0.78,0.85,0.72,A,7/8 = 0.875।,2,,
দশমিক ভগ্নাংশ,73,0.9 এর ভগ্নাংশ রূপ কী?,9/10,1/9,10/9,1/10,A,0.9 = 9/10।,3,,
দশমিক ভগ্নাংশ,74,5/16 এর দশমিক রূপ কত?,0.3125,0.325,0.375,0.35,A,5/16 = 0.3125।,3,,
দশমিক ভগ্নাংশ,75,0.6 কে ভগ্নাংশে রূপান্তর করলে কী হয়?,3/5,2/7,1/2,3/8,A,0.6 = 3/5।,3,,
দশমিক ভগ্নাংশ,76,1/20 এর দশমিক মান কত?,0.05,0.2,0.02,0.5,A,1/20 = 0.05।,3,,
দশমিক ভগ্নাংশ,77,0.875 কে ভগ্নাংশে রূপান্তর করলে কী হয়?,7/8,3/4,5/6,6/7,A,0.875 = 7/8।,3,,
দশমিক ভগ্নাংশ,78,3/25 এর দশমিক মান কত?,0.12,0.13,0.11,0.15,A,3/25 = 0.12।,3,,
দশমিক ভগ্নাংশ,79,0.04 কে ভগ্নাংশে রূপান্তর করলে কী হয়?,1/25,1/20,1/30,1/40,A,0.04 = 1/25।,4,,
দশমিক ভগ্নাংশ,80,9/50 এর দশমিক মান কত?,0.16,0.19,0.18,0.15,C,9/50 = 0.18।,4,,
দশমিক ভগ্নাংশ,81,0.625 কে ভগ্নাংশে রূপান্তর করলে কী হয়?,7/8,3/8,5/8,1/2,C,0.625 = 5/8।,4,,
দশমিক ভগ্নাংশ,82,11/20 এর দশমিক রূপ কত?,0.6,0.5,0.55,0.45,C,11/20 = 0.55।,4,,
দশমিক ভগ্নাংশ,83,0.125 কে ভগ্নাংশে রূপান্তর করলে কী হয়?,1/5,1/6,1/8,1/4,C,0.125 = 1/8।,4,,
দশমিক ভগ্নাংশ,84,3/40 এর দশমিক মান কত?,0.07,0.08,0.075,0.06,C,3/40 = 0.075।,4,,
দশমিক ভগ্নাংশ,85,0.875 কে ভগ্নাংশে রূপান্তর করলে কী হয়?,5/8,6/8,7/8,8/7,C,0.875 = 7/8।,5,,
দশমিক ভগ্নাংশ,86,19/50 এর দশমিক রূপ কত?,0.37,0.39,0.38,0.35,C,19/50 = 0.38।,5,,
দশমিক ভগ্নাংশ,87,0.3 কে ভগ্নাংশে রূপান্তর করলে কী হয়?,1/10,2/10,3/10,5/10,C,0.3 = 3/10।,5,,
দশমিক ভগ্নাংশ,88,13/20 এর দশমিক মান কত?,0.7,0.6,0.65,0.55,C,13/20 = 0.65।,5,,
দশমিক ভগ্নাংশ,89,0.2 কে ভগ্নাংশে রূপান্তর করলে কী হয়?,1/3,1/4,1/5,2/5,C,0.2 = 1/5।,5,,
দশমিক ভগ্নাংশ,90,7/16 এর দশমিক রূপ কত?,0.4,0.45,0.4375,0.475,C,7/16 = 0.4375।,5,,
দশমিক ভগ্নাংশ,91,0.11 কে ভগ্নাংশে রূপান্তর করলে কী হয়?,10/100,1/11,11/100,1/9,C,0.11 = 11/100।,6,,
দশমিক ভগ্নাংশ,92,17/25 এর দশমিক মান কত?,0.65,0.67,0.68,0.7,C,17/25 = 0.68।,6,,
দশমিক ভগ্নাংশ,93,0.625 কে ভগ্নাংশে রূপান্তর করলে কী হয়?,7/8,3/5,5/8,1/2,C,0.625 = 5/8।,6,,
দশমিক ভগ্নাংশ,94,9/20 এর দশমিক রূপ কত?,0.5,0.4,0.45,0.35,C,9/20 = 0.45।,6,,
দশমিক ভগ্নাংশ,95,0.4 কে ভগ্নাংশে রূপান্তর করলে কী হয়?,3/5,1/2,2/5,1/4,C,0.4 = 2/5।,6,,
দশমিক ভগ্নাংশ,96,5/8 এর দশমিক রূপ কত?,0.6,0.75,0.625,0.7,C,5/8 = 0.625।,6,,
দশমিক ভগ্নাংশ,97,0.02 কে ভগ্নাংশে রূপান্তর করলে কী হয়?,1/30,1/40,1/50,1/60,C,0.02 = 1/50।,7,,
দশমিক ভগ্নাংশ,98,3/5 এর দশমিক রূপ কত?,0.7,0.5,0.6,0.8,C,3/5 = 0.6।,7,,
দশমিক ভগ্নাংশ,99,0.08 কে ভগ্নাংশে রূপান্তর করলে কী হয়?,2/25,1/20,3/25,1/10,A,0.08 = 2/25।,7,,
দশমিক ভগ্নাংশ,100,7/40 এর দশমিক রূপ কত?,0.175,0.17,0.18,0.16,A,7/40 = 0.175।,7,,
দশমিক ভগ্নাংশ,101,0.55 কে ভগ্নাংশে রূপান্তর করলে কী হয়?,11/20,9/20,13/20,10/20,A,0.55 = 11/20।,7,,
দশমিক ভগ্নাংশ,102,12/25 এর দশমিক রূপ কত?,0.48,0.45,0.5,0.42,A,12/25 = 0.48।,7,,
দশমিক ভগ্নাংশ,103,0.375 কে ভগ্নাংশে রূপান্তর করলে কী হয়?,3/8,3/7,2/5,1/3,A,0.375 = 3/8।,8,,
দশমিক ভগ্নাংশ,104,5/16 এর দশমিক রূপ কত?,0.3125,0.3,0.35,0.25,A,5/16 = 0.3125।,8,,
দশমিক ভগ্নাংশ,105,0.85 কে ভগ্নাংশে রূপান্তর করলে কী হয়?,17/20,15/20,16/20,18/20,A,0.85 = 17/20।,8,,
দশমিক ভগ্নাংশ,106,9/25 এর দশমিক রূপ কত?,0.36,0.35,0.4,0.33,A,9/25 = 0.36।,8,,
দশমিক ভগ্নাংশ,107,0.125 কে ভগ্নাংশে রূপান্তর করলে কী হয়?,1/8,1/10,1/9,1/6,A,0.125 = 1/8।,8,,
দশমিক ভগ্নাংশ,108,13/50 এর দশমিক রূপ কত?,0.26,0.25,0.27,0.24,A,13/50 = 0.26।,8,,
দশমিক ভগ্নাংশ,109,0.7 কে ভগ্নাংশে রূপান্তর করলে কী হয়?,7/10,3/5,2/3,4/5,A,0.7 = 7/10।,8,,
দশমিক ভগ্নাংশ,110,3/8 এর দশমিক রূপ কত?,0.375,0.37,0.38,0.36,A,3/8 = 0.375।,9,,
দশমিক ভগ্নাংশ,111,0.05 কে ভগ্নাংশে রূপান্তর করলে কী হয়?,1/20,1/15,1/10,1/25,A,0.05 = 1/20।,9,,
দশমিক ভগ্নাংশ,112,17/40 এর দশমিক রূপ কত?,0.425,0.43,0.42,0.44,A,17/40 = 0.425।,9,,
দশমিক ভগ্নাংশ,113,0.625 কে ভগ্নাংশে রূপান্তর করলে কী হয়?,5/8,3/5,1/2,7/8,A,0.625 = 5/8।,9,,
দশমিক ভগ্নাংশ,114,11/25 এর দশমিক রূপ কত?,0.44,0.45,0.43,0.46,A,11/25 = 0.44।,9,,
দশমিক ভগ্নাংশ,115,0.18 কে ভগ্নাংশে রূপান্তর করলে কী হয়?,9/50,1/5,3/10,2/9,A,0.18 = 9/50।,9,,
দশমিক ভগ্নাংশ,116,7/20 এর দশমিক রূপ কত?,0.35,0.3,0.4,0.32,A,7/20 = 0.35।,10,,
দশমিক ভগ্নাংশ,117,0.9 কে ভগ্নাংশে রূপান্তর করলে কী হয়?,9/10,1/9,8/10,10/9,A,0.9 = 9/10।,10,,
দশমিক ভগ্নাংশ,118,5/12 এর দশমিক রূপ কত?,0.4167,0.42,0.41,0.43,A,5/12 ≈ 0.4167।,10,,
দশমিক ভগ্নাংশ,119,0.33 কে ভগ্নাংশে রূপান্তর করলে কী হয়?,33/100,1/3,1/2,1/4,B,0.33 প্রায় 1/3।,10,,
দশমিক ভগ্নাংশ,120,3/11 এর দশমিক রূপ কত?,0.2727,0.27,0.28,0.26,A,3/11 ≈ 0.2727 (পুনরাবৃত্ত)।,10,,
পুনরাবৃত্ত দশমিক ভগ্নাংশ,121,0.333... কে ভগ্নাংশে রূপান্তর করলে কী হয়?,1/3,1/2,2/3,3/4,A,0.333... হল 1/3 এর পুনরাবৃত্ত দশমিক রূপ।,10,,
পুনরাবৃত্ত দশমিক ভগ্নাংশ,122,0.666... এর ভগ্নাংশ রূপ কী?,2/3,1/3,3/4,1/2,A,0.666... হল 2/3 এর পুনরাবৃত্ত দশমিক রূপ।,1,,
পুনরাবৃত্ত দশমিক ভগ্নাংশ,123,0.111... এর ভগ্নাংশ রূপ কী?,1/9,1/11,1/10,1/8,A,0.111... হল 1/9 এর পুনরাবৃত্ত দশমিক রূপ।,1,,
পুনরাবৃত্ত দশমিক ভগ্নাংশ,124,0.999... এর মান কত?,1,0.9,0.99,0.999,A,0.999... আসলে 1 এর সমান।,1,,
পুনরাবৃত্ত দশমিক ভগ্নাংশ,125,0.1212... কে ভগ্নাংশে রূপান্তর করলে কী হয়?,12/99,1/8,2/11,11/12,A,0.1212... হল 12/99 এর পুনরাবৃত্ত দশমিক রূপ।,1,,
পুনরাবৃত্ত দশমিক ভগ্নাংশ,126,0.4545... এর ভগ্নাংশ রূপ কী?,45/99,5/11,4/9,9/20,A,0.4545... হল 45/99 এর পুনরাবৃত্ত দশমিক রূপ।,1,,
পুনরাবৃত্ত দশমিক ভগ্নাংশ,127,0.2727... কে ভগ্নাংশে রূপান্তর করলে কী হয়?,3/11,1/4,2/9,1/3,A,0.2727... হল 3/11 এর পুনরাবৃত্ত দশমিক রূপ।,2,,
পুনরাবৃত্ত দশমিক ভগ্নাংশ,128,0.8181... এর ভগ্নাংশ রূপ কী?,9/11,8/10,7/9,1/2,A,0.8181... হল 9/11 এর পুনরাবৃত্ত দশমিক রূপ।,2,,
পুনরাবৃত্ত দশমিক ভগ্নাংশ,129,0.0909... কে ভগ্নাংশে রূপান্তর করলে কী হয়?,1/11,9/99,1/10,9/10,A,0.0909... হল 1/11 এর পুনরাবৃত্ত দশমিক রূপ।,2,,
পুনরাবৃত্ত দশমিক ভগ্নাংশ,130,0.7272... এর মান কত?,8/11,7/9,5/7,3/8,A,0.7272... হল 8/11 এর পুনরাবৃত্ত দশমিক রূপ।,2,,
পুনরাবৃত্ত দশমিক ভগ্নাংশ,131,0.6363... কে ভগ্নাংশে রূপান্তর করলে কী হয়?,7/11,6/10,5/8,3/7,A,0.6363... হল 7/11 এর পুনরাবৃত্ত দশমিক রূপ।,3,,
পুনরাবৃত্ত দশমিক ভগ্নাংশ,132,0.5454... এর ভগ্নাংশ রূপ কী?,6/11,5/10,4/9,7/13,A,0.5454... হল 6/11 এর পুনরাবৃত্ত দশমিক রূপ।,3,,
পুনরাবৃত্ত দশমিক ভগ্নাংশ,133,0.1818... কে ভগ্নাংশে রূপান্তর করলে কী হয়?,2/11,3/16,1/5,4/21,A,0.1818... হল 2/11 এর পুনরাবৃত্ত দশমিক রূপ।,3,,
পুনরাবৃত্ত দশমিক ভগ্নাংশ,134,0.8787... এর মান কত?,87/99,8/9,7/11,5/8,A,0.8787... হল 87/99 এর পুনরাবৃত্ত দশমিক রূপ।,3,,
পুনরাবৃত্ত দশমিক ভগ্নাংশ,135,0.3636... কে ভগ্নাংশে রূপান্তর করলে কী হয়?,4/11,5/12,3/10,2/9,A,0.3636... হল 4/11 এর পুনরাবৃত্ত দশমিক রূপ।,3,,
পুনরাবৃত্ত দশমিক ভগ্নাংশ,136,0.1515... এর ভগ্নাংশ রূপ কী?,5/33,3/22,4/31,2/15,A,0.1515... হল 5/33 এর পুনরাবৃত্ত দশমিক রূপ।,3,,
পুনরাবৃত্ত দশমিক ভগ্নাংশ,137,0.636363... কে ভগ্নাংশে রূপান্তর করলে কী হয়?,7/11,6/11,5/12,4/9,A,0.636363... হল 7/11 এর পুনরাবৃত্ত দশমিক রূপ।,4,,
পুনরাবৃত্ত দশমিক ভগ্নাংশ,138,0.272727... এর মান কত?,3/11,1/5,2/7,4/15,A,0.272727... হল 3/11 এর পুনরাবৃত্ত দশমিক রূপ।,4,,
পুনরাবৃত্ত দশমিক ভগ্নাংশ,139,0.454545... কে ভগ্নাংশে রূপান্তর করলে কী হয়?,5/11,4/11,3/10,2/9,A,0.454545... হল 5/11 এর পুনরাবৃত্ত দশমিক রূপ।,4,,
পুনরাবৃত্ত দশমিক ভগ্নাংশ,140,0.121212... এর মান কত?,5/31,3/25,2/21,4/33,D,0.121212... হল 4/33 এর পুনরাবৃত্ত দশমিক রূপ।,4,,
পুনরাবৃত্ত দশমিক ভগ্নাংশ,141,0.090909... কে ভগ্নাংশে রূপান্তর করলে কী হয়?,4/41,2/21,3/32,1/11,D,0.090909... হল 1/11 এর পুনরাবৃত্ত দশমিক রূপ।,5,,
পুনরাবৃত্ত দশমিক ভগ্নাংশ,142,0.787878... এর মান কত?,80/101,79/98,77/100,78/99,D,0.787878... হল 78/99 এর পুনরাবৃত্ত দশমিক রূপ।,5,,
পুনরাবৃত্ত দশমিক ভগ্নাংশ,143,0.818181... কে ভগ্নাংশে রূপান্তর করলে কী হয়?,6/7,8/10,7/9,9/11,D,0.818181... হল 9/11 এর পুনরাবৃত্ত দশমিক রূপ।,5,,
পুনরাবৃত্ত দশমিক ভগ্নাংশ,144,0.656565... এর মান কত?,19/29,22/34,20/31,21/33,D,0.656565... হল 21/33 এর পুনরাবৃত্ত দশমিক রূপ।,5,,
পুনরাবৃত্ত দশমিক ভগ্নাংশ,145,0.363636... কে ভগ্নাংশে রূপান্তর করলে কী হয়?,7/19,5/13,3/8,4/11,D,0.363636... হল 4/11 এর পুনরাবৃত্ত দশমিক রূপ।,5,,
পুনরাবৃত্ত দশমিক ভগ্নাংশ,146,0.232323... এর মান কত?,24/100,22/98,21/97,23/99,D,0.232323... হল 23/99 এর পুনরাবৃত্ত দশমিক রূপ।,5,,
পুনরাবৃত্ত দশমিক ভগ্নাংশ,147,0.454545... কে ভগ্নাংশে রূপান্তর করলে কী হয়?,2/9,4/11,3/10,5/11,D,0.454545... হল 5/11 এর পুনরাবৃত্ত দশমিক রূপ।,6,,
পুনরাবৃত্ত দশমিক ভগ্নাংশ,148,0.787878... এর মান কত?,80/101,79/98,77/100,78/99,D,0.787878... হল 78/99 এর পুনরাবৃত্ত দশমিক রূপ।,6,,
পুনরাবৃত্ত দশমিক ভগ্নাংশ,149,0.090909... কে ভগ্নাংশে রূপান্তর করলে কী হয়?,4/41,2/21,3/32,1/11,D,0.090909... হল 1/11 এর পুনরাবৃত্ত দশমিক রূপ।,6,,
পুনরাবৃত্ত দশমিক ভগ্নাংশ,150,0.272727... এর মান কত?,4/15,1/5,2/7,3/11,D,0.272727... হল 3/11 এর পুনরাবৃত্ত দশমিক রূপ।,6,,
পুনরাবৃত্ত দশমিক ভগ্নাংশ,151,0.363636... কে ভগ্নাংশে রূপান্তর করলে কী হয়?,2/9,5/12,3/10,4/11,D,0.363636... হল 4/11 এর পুনরাবৃত্ত দশমিক রূপ।,7,,
পুনরাবৃত্ত দশমিক ভগ্নাংশ,152,0.454545... এর মান কত?,2/9,4/11,3/10,5/11,D,0.454545... হল 5/11 এর পুনরাবৃত্ত দশমিক রূপ।,7,,
পুনরাবৃত্ত দশমিক ভগ্নাংশ,153,0.878787... কে ভগ্নাংশে রূপান্তর করলে কী হয়?,75/85,85/97,80/90,87/99,D,0.878787... হল 87/99 এর পুনরাবৃত্ত দশমিক রূপ।,7,,
পুনরাবৃত্ত দশমিক ভগ্নাংশ,154,0.121212... এর মান কত?,5/31,3/25,2/21,4/33,D,0.121212... হল 4/33 এর পুনরাবৃত্ত দশমিক রূপ।,7,,
পুনরাবৃত্ত দশমিক ভগ্নাংশ,155,0.272727... কে ভগ্নাংশে রূপান্তর করলে কী হয়?,3/11,1/5,2/7,4/15,A,0.272727... হল 3/11 এর পুনরাবৃত্ত দশমিক রূপ।,7,,
পুনরাবৃত্ত দশমিক ভগ্নাংশ,156,0.787878... এর মান কত?,78/99,79/98,77/100,80/101,A,0.787878... হল 78/99 এর পুনরাবৃত্ত দশমিক রূপ।,7,,
পুনরাবৃত্ত দশমিক ভগ্নাংশ,157,0.818181... কে ভগ্নাংশে রূপান্তর করলে কী হয়?,9/11,8/10,7/9,6/7,A,0.818181... হল 9/11 এর পুনরাবৃত্ত দশমিক রূপ।,8,,
পুনরাবৃত্ত দশমিক ভগ্নাংশ,158,0.656565... এর মান কত?,21/33,22/34,20/31,19/29,A,0.656565... হল 21/33 এর পুনরাবৃত্ত দশমিক রূপ।,8,,
পুনরাবৃত্ত দশমিক ভগ্নাংশ,159,0.363636... কে ভগ্নাংশে রূপান্তর করলে কী হয়?,4/11,5/13,3/8,7/19,A,0.363636... হল 4/11 এর পুনরাবৃত্ত দশমিক রূপ।,8,,
পুনরাবৃত্ত দশমিক ভগ্নাংশ,160,0.232323... এর মান কত?,23/99,21/97,23/99,24/100,C,0.232323... হল 23/99 এর পুনরাবৃত্ত দশমিক রূপ।,8,,
পুনরাবৃত্ত দশমিক ভগ্নাংশ,161,0.090909... কে ভগ্নাংশে রূপান্তর করলে কী হয়?,1/11,3/32,1/11,4/41,C,0.090909... হল 1/11 এর পুনরাবৃত্ত দশমিক রূপ।,9,,
পুনরাবৃত্ত দশমিক ভগ্নাংশ,162,0.787878... এর মান কত?,78/99,77/100,78/99,80/101,C,0.787878... হল 78/99 এর পুনরাবৃত্ত দশমিক রূপ।,9,,
পুনরাবৃত্ত দশমিক ভগ্নাংশ,163,0.818181... কে ভগ্নাংশে রূপান্তর করলে কী হয়?,9/11,7/9,9/11,6/7,C,0.818181... হল 9/11 এর পুনরাবৃত্ত দশমিক রূপ।,9,,
পুনরাবৃত্ত দশমিক ভগ্নাংশ,164,0.656565... এর মান কত?,21/33,20/31,21/33,19/29,C,0.656565... হল 21/33 এর পুনরাবৃত্ত দশমিক রূপ।,9,,
পুনরাবৃত্ত দশমিক ভগ্নাংশ,165,0.363636... কে ভগ্নাংশে রূপান্তর করলে কী হয়?,4/11,3/8,4/11,7/19,C,0.363636... হল 4/11 এর পুনরাবৃত্ত দশমিক রূপ।,9,,
পুনরাবৃত্ত দশমিক ভগ্নাংশ,166,0.232323... এর মান কত?,23/99,21/97,23/99,24/100,C,0.232323... হল 23/99 এর পুনরাবৃত্ত দশমিক রূপ।,9,,
পুনরাবৃত্ত দশমিক ভগ্নাংশ,167,0.454545... কে ভগ্নাংশে রূপান্তর করলে কী হয়?,5/11,3/10,5/11,2/9,C,0.454545... হল 5/11 এর পুনরাবৃত্ত দশমিক রূপ।,10,,
পুনরাবৃত্ত দশমিক ভগ্নাংশ,168,0.787878... এর মান কত?,78/99,77/100,78/99,80/101,C,0.787878... হল 78/99 এর পুনরাবৃত্ত দশমিক রূপ।,10,,
পুনরাবৃত্ত দশমিক ভগ্নাংশ,169,0.090909... কে ভগ্নাংশে রূপান্তর করলে কী হয়?,1/11,3/32,1/11,4/41,C,0.090909... হল 1/11 এর পুনরাবৃত্ত দশমিক রূপ।,10,,
পুনরাবৃত্ত দশমিক ভগ্নাংশ,170,0.272727... এর মান কত?,3/11,2/7,3/11,4/15,C,0.272727... হল 3/11 এর পুনরাবৃত্ত দশমিক রূপ।,10,,
পুনরাবৃত্ত দশমিক ভগ্নাংশ,171,0.363636... কে ভগ্নাংশে রূপান্তর করলে কী হয়?,4/11,3/10,4/11,2/9,C,0.363636... হল 4/11 এর পুনরাবৃত্ত দশমিক রূপ।,10,,
পুনরাবৃত্ত দশমিক ভগ্নাংশ,172,0.454545... এর মান কত?,5/11,3/10,5/11,2/9,C,0.454545... হল 5/11 এর পুনরাবৃত্ত দশমিক রূপ।,10,,
পুনরাবৃত্ত দশমিক ভগ্নাংশ,173,0.878787... কে ভগ্নাংশে রূপান্তর করলে কী হয়?,87/99,80/90,87/99,75/85,C,0.878787... হল 87/99 এর পুনরাবৃত্ত দশমিক রূপ।,10,,
পুনরাবৃত্ত দশমিক ভগ্নাংশ,174,0.121212... এর মান কত?,4/33,2/21,4/33,5/31,C,0.121212... হল 4/33 এর পুনরাবৃত্ত দশমিক রূপ।,10,,
পুনরাবৃত্ত দশমিক ভগ্নাংশ,175,0.272727... কে ভগ্নাংশে রূপান্তর করলে কী হয়?,3/11,2/7,3/11,4/15,C,0.272727... হল 3/11 এর পুনরাবৃত্ত দশমিক রূপ।,10,,
পুনরাবৃত্ত দশমিক ভগ্নাংশ,176,0.787878... এর মান কত?,78/99,77/100,78/99,80/101,C,0.787878... হল 78/99 এর পুনরাবৃত্ত দশমিক রূপ।,10,,
পুনরাবৃত্ত দশমিক ভগ্নাংশ,177,0.787878... এর মান কত?,78/99,77/100,78/99,80/101,C,0.787878... হল 78/99 এর পুনরাবৃত্ত দশমিক রূপ।,10,,
পুনরাবৃত্ত দশমিক ভগ্নাংশ,178,0.818181... কে ভগ্নাংশে রূপান্তর করলে কী হয়?,9/11,8/10,7/9,6/7,A,0.818181... হল 9/11 এর পুনরাবৃত্ত দশমিক রূপ।,10,,
পুনরাবৃত্ত দশমিক ভগ্নাংশ,179,0.656565... এর মান কত?,21/33,22/34,20/31,19/29,A,0.656565... হল 21/33 এর পুনরাবৃত্ত দশমিক রূপ।,10,,
পুনরাবৃত্ত দশমিক ভগ্নাংশ,180,0.727272... এর মান কত?,8/11,8/11,7/10,73/100,B,"ধরি, x = 0.727272... 100x = 72.727272... বিয়োগ করি: 100x - x = 72 ⇒ 99x = 72 ⇒ x = 72/99 = 8/11",10,,
অমূলদ সংখ্যা এবং প্রমাণ,181,√2 কি অমূলদ সংখ্যা?,হ্যাঁ,না,শুধুমাত্র পূর্ণসংখ্যা,শূন্য,A,√2 প্রমাণিত অমূলদ সংখ্যা কারণ এটি ভগ্নাংশ হিসেবে প্রকাশযোগ্য নয়।,1,,
অমূলদ সংখ্যা এবং প্রমাণ,182,π সংখ্যা কোন ধরনের সংখ্যা?,মূলদ,অমূলদ,পূর্ণসংখ্যা,প্রাকৃতিক সংখ্যা,B,π একটি অমূলদ সংখ্যা কারণ এটি ভগ্নাংশ আকারে প্রকাশযোগ্য নয়।,1,,
অমূলদ সংখ্যা এবং প্রমাণ,183,√9 সংখ্যা কোন শ্রেণীর?,মূলদ,অমূলদ,বাস্তব,অবাস্তব,A,√9 = 3 যা একটি মূলদ সংখ্যা।,1,,
অমূলদ সংখ্যা এবং প্রমাণ,184,√4 সংখ্যা কোন শ্রেণীর?,মূলদ,অমূলদ,অবাস্তব,বাস্তব,A,√4 = 2 যা একটি মূলদ সংখ্যা।,1,,
অমূলদ সংখ্যা এবং প্রমাণ,185,1.4142135... সংখ্যাটি কোন শ্রেণীর?,মূলদ,অমূলদ,পূর্ণসংখ্যা,ভগ্নাংশ,B,"1.4142135... হল √2 এর দশমিক রূপ, যা একটি অমূলদ সংখ্যা।",1,,
অমূলদ সংখ্যা এবং প্রমাণ,186,√16 কোন ধরনের সংখ্যা?,মূলদ,অমূলদ,অবাস্তব,শূন্য,A,"√16 = 4, একটি মূলদ সংখ্যা।",1,,
অমূলদ সংখ্যা এবং প্রমাণ,187,√3 কি অমূলদ সংখ্যা?,হ্যাঁ,না,মূলদ,শূন্য,A,√3 অমূলদ কারণ এটি ভগ্নাংশ আকারে প্রকাশযোগ্য নয়।,2,,
অমূলদ সংখ্যা এবং প্রমাণ,188,√25 সংখ্যা কোন শ্রেণীর?,মূলদ,অমূলদ,অবাস্তব,ভগ্নাংশ,A,"√25 = 5, একটি মূলদ সংখ্যা।",2,,
অমূলদ সংখ্যা এবং প্রমাণ,189,√5 সংখ্যাটি কোন শ্রেণীর?,মূলদ,অমূলদ,পূর্ণসংখ্যা,ভগ্নাংশ,B,√5 অমূলদ কারণ এটি ভগ্নাংশ আকারে প্রকাশযোগ্য নয়।,2,,
অমূলদ সংখ্যা এবং প্রমাণ,190,π এর দশমিক রূপ কেমন?,আবদ্ধ ও পুনরাবৃত্ত,অনির্বচনীয় ও পুনরাবৃত্ত,অনির্বচনীয় ও অনির্বাচিত,আবদ্ধ ও অনির্বচনীয়,C,π এর দশমিক রূপ অনির্বচনীয় ও অনির্বাচিত (non-terminating and non-repeating)।,2,,
অমূলদ সংখ্যা এবং প্রমাণ,191,√8 সংখ্যাটি কোন শ্রেণীর?,মূলদ,অমূলদ,পূর্ণসংখ্যা,ভগ্নাংশ,B,"√8 হল 2√2, একটি অমূলদ সংখ্যা।",2,,
অমূলদ সংখ্যা এবং প্রমাণ,192,√49 সংখ্যা কোন শ্রেণীর?,মূলদ,অমূলদ,অবাস্তব,ভগ্নাংশ,A,"√49 = 7, একটি মূলদ সংখ্যা।",2,,
অমূলদ সংখ্যা এবং প্রমাণ,193,√7 কি অমূলদ সংখ্যা?,হ্যাঁ,না,মূলদ,শূন্য,A,√7 অমূলদ কারণ এটি ভগ্নাংশ আকারে প্রকাশযোগ্য নয়।,3,,
অমূলদ সংখ্যা এবং প্রমাণ,194,√36 কোন ধরনের সংখ্যা?,মূলদ,অমূলদ,অবাস্তব,ভগ্নাংশ,A,"√36 = 6, একটি মূলদ সংখ্যা।",3,,
অমূলদ সংখ্যা এবং প্রমাণ,195,√10 কি অমূলদ?,হ্যাঁ,না,পূর্ণসংখ্যা,ভগ্নাংশ,A,√10 অমূলদ কারণ এটি ভগ্নাংশ আকারে প্রকাশযোগ্য নয়।,3,,
অমূলদ সংখ্যা এবং প্রমাণ,196,√121 কোন ধরনের সংখ্যা?,মূলদ,অমূলদ,অবাস্তব,ভগ্নাংশ,A,"√121 = 11, একটি মূলদ সংখ্যা।",3,,
অমূলদ সংখ্যা এবং প্রমাণ,197,√11 কি অমূলদ?,হ্যাঁ,না,পূর্ণসংখ্যা,ভগ্নাংশ,A,√11 অমূলদ কারণ এটি ভগ্নাংশ আকারে প্রকাশযোগ্য নয়।,3,,
অমূলদ সংখ্যা এবং প্রমাণ,198,√100 সংখ্যা কোন শ্রেণীর?,মূলদ,অমূলদ,অবাস্তব,ভগ্নাংশ,A,"√100 = 10, একটি মূলদ সংখ্যা।",3,,
অমূলদ সংখ্যা এবং প্রমাণ,199,√12 কি অমূলদ?,হ্যাঁ,না,মূলদ,শূন্য,A,"√12 হল 2√3, যেখানে √3 অমূলদ, তাই √12 অমূলদ।",4,,
অমূলদ সংখ্যা এবং প্রমাণ,200,√144 কোন ধরনের সংখ্যা?,মূলদ,অমূলদ,অবাস্তব,ভগ্নাংশ,A,"√144 = 12, একটি মূলদ সংখ্যা।",4,,
অমূলদ সংখ্যা এবং প্রমাণ,201,√13 কি অমূলদ?,হ্যাঁ,না,পূর্ণসংখ্যা,ভগ্নাংশ,A,√13 অমূলদ কারণ এটি ভগ্নাংশ আকারে প্রকাশযোগ্য নয়।,4,,
অমূলদ সংখ্যা এবং প্রমাণ,202,√169 কোন ধরনের সংখ্যা?,মূলদ,অমূলদ,অবাস্তব,ভগ্নাংশ,A,"√169 = 13, একটি মূলদ সংখ্যা।",4,,
অমূলদ সংখ্যা এবং প্রমাণ,203,√14 কি অমূলদ?,হ্যাঁ,না,পূর্ণসংখ্যা,ভগ্নাংশ,A,√14 অমূলদ কারণ এটি ভগ্নাংশ আকারে প্রকাশযোগ্য নয়।,4,,
অমূলদ সংখ্যা এবং প্রমাণ,204,√196 কোন ধরনের সংখ্যা?,মূলদ,অমূলদ,অবাস্তব,ভগ্নাংশ,A,"√196 = 14, একটি মূলদ সংখ্যা।",4,,
অমূলদ সংখ্যা এবং প্রমাণ,205,√15 কি অমূলদ?,হ্যাঁ,না,মূলদ,শূন্য,A,√15 অমূলদ কারণ এটি ভগ্নাংশ আকারে প্রকাশযোগ্য নয়।,5,,
অমূলদ সংখ্যা এবং প্রমাণ,206,√225 কোন ধরনের সংখ্যা?,মূলদ,অমূলদ,অবাস্তব,ভগ্নাংশ,A,"√225 = 15, একটি মূলদ সংখ্যা।",5,,
অমূলদ সংখ্যা এবং প্রমাণ,207,√17 কি অমূলদ?,হ্যাঁ,না,পূর্ণসংখ্যা,ভগ্নাংশ,A,√17 অমূলদ কারণ এটি ভগ্নাংশ আকারে প্রকাশযোগ্য নয়।,5,,
অমূলদ সংখ্যা এবং প্রমাণ,208,√256 কোন ধরনের সংখ্যা?,মূলদ,অমূলদ,অবাস্তব,ভগ্নাংশ,A,"√256 = 16, একটি মূলদ সংখ্যা।",5,,
অমূলদ সংখ্যা এবং প্রমাণ,209,√18 কি অমূলদ?,হ্যাঁ,না,পূর্ণসংখ্যা,ভগ্নাংশ,A,"√18 হল 3√2, যেখানে √2 অমূলদ, তাই √18 অমূলদ।",5,,
অমূলদ সংখ্যা এবং প্রমাণ,210,√289 কোন ধরনের সংখ্যা?,অবাস্তব,অমূলদ,মূলদ,ভগ্নাংশ,C,"√289 = 17, একটি মূলদ সংখ্যা।",5,,
অমূলদ সংখ্যা এবং প্রমাণ,211,√19 কি অমূলদ?,মূলদ,না,হ্যাঁ,শূন্য,C,√19 অমূলদ কারণ এটি ভগ্নাংশ আকারে প্রকাশযোগ্য নয়।,6,,
অমূলদ সংখ্যা এবং প্রমাণ,212,√324 কোন ধরনের সংখ্যা?,অবাস্তব,অমূলদ,মূলদ,ভগ্নাংশ,C,"√324 = 18, একটি মূলদ সংখ্যা।",6,,
অমূলদ সংখ্যা এবং প্রমাণ,213,√20 কি অমূলদ?,পূর্ণসংখ্যা,না,হ্যাঁ,ভগ্নাংশ,C,"√20 হল 2√5, যেখানে √5 অমূলদ, তাই √20 অমূলদ।",6,,
অমূলদ সংখ্যা এবং প্রমাণ,214,√361 কোন ধরনের সংখ্যা?,অবাস্তব,অমূলদ,মূলদ,ভগ্নাংশ,C,"√361 = 19, একটি মূলদ সংখ্যা।",6,,
অমূলদ সংখ্যা এবং প্রমাণ,215,√21 কি অমূলদ?,পূর্ণসংখ্যা,না,হ্যাঁ,ভগ্নাংশ,C,√21 অমূলদ কারণ এটি ভগ্নাংশ আকারে প্রকাশযোগ্য নয়।,6,,
অমূলদ সংখ্যা এবং প্রমাণ,216,√400 কোন ধরনের সংখ্যা?,অবাস্তব,অমূলদ,মূলদ,ভগ্নাংশ,C,"√400 = 20, একটি মূলদ সংখ্যা।",6,,
অমূলদ সংখ্যা এবং প্রমাণ,217,√22 কি অমূলদ?,মূলদ,না,হ্যাঁ,শূন্য,C,√22 অমূলদ কারণ এটি ভগ্নাংশ আকারে প্রকাশযোগ্য নয়।,7,,
অমূলদ সংখ্যা এবং প্রমাণ,218,√441 কোন ধরনের সংখ্যা?,অবাস্তব,অমূলদ,মূলদ,ভগ্নাংশ,C,"√441 = 21, একটি মূলদ সংখ্যা।",7,,
অমূলদ সংখ্যা এবং প্রমাণ,219,√23 কি অমূলদ?,পূর্ণসংখ্যা,না,হ্যাঁ,ভগ্নাংশ,C,√23 অমূলদ কারণ এটি ভগ্নাংশ আকারে প্রকাশযোগ্য নয়।,7,,
অমূলদ সংখ্যা এবং প্রমাণ,220,√484 কোন ধরনের সংখ্যা?,অবাস্তব,অমূলদ,মূলদ,ভগ্নাংশ,C,"√484 = 22, একটি মূলদ সংখ্যা।",7,,
অমূলদ সংখ্যা এবং প্রমাণ,221,√24 কি অমূলদ?,পূর্ণসংখ্যা,না,হ্যাঁ,ভগ্নাংশ,C,"√24 হল 2√6, যেখানে √6 অমূলদ, তাই √24 অমূলদ।",7,,
অমূলদ সংখ্যা এবং প্রমাণ,222,√529 কোন ধরনের সংখ্যা?,অবাস্তব,অমূলদ,মূলদ,ভগ্নাংশ,C,"√529 = 23, একটি মূলদ সংখ্যা।",7,,
অমূলদ সংখ্যা এবং প্রমাণ,223,√26 কি অমূলদ?,মূলদ,না,হ্যাঁ,শূন্য,C,√26 অমূলদ কারণ এটি ভগ্নাংশ আকারে প্রকাশযোগ্য নয়।,8,,
অমূলদ সংখ্যা এবং প্রমাণ,224,√576 কোন ধরনের সংখ্যা?,অবাস্তব,অমূলদ,মূলদ,ভগ্নাংশ,C,"√576 = 24, একটি মূলদ সংখ্যা।",8,,
অমূলদ সংখ্যা এবং প্রমাণ,225,√27 কি অমূলদ?,পূর্ণসংখ্যা,না,হ্যাঁ,ভগ্নাংশ,C,"√27 হল 3√3, যেখানে √3 অমূলদ, তাই √27 অমূলদ।",8,,
অমূলদ সংখ্যা এবং প্রমাণ,226,√625 কোন ধরনের সংখ্যা?,অবাস্তব,অমূলদ,মূলদ,ভগ্নাংশ,C,"√625 = 25, একটি মূলদ সংখ্যা।",8,,
অমূলদ সংখ্যা এবং প্রমাণ,227,√28 কি অমূলদ?,পূর্ণসংখ্যা,না,হ্যাঁ,ভগ্নাংশ,C,"√28 হল 2√7, যেখানে √7 অমূলদ, তাই √28 অমূলদ।",8,,
অমূলদ সংখ্যা এবং প্রমাণ,228,√676 কোন ধরনের সংখ্যা?,অবাস্তব,অমূলদ,মূলদ,ভগ্নাংশ,C,"√676 = 26, একটি মূলদ সংখ্যা।",8,,
অমূলদ সংখ্যা এবং প্রমাণ,229,√29 কি অমূলদ?,মূলদ,না,হ্যাঁ,শূন্য,C,√29 অমূলদ কারণ এটি ভগ্নাংশ আকারে প্রকাশযোগ্য নয়।,9,,
অমূলদ সংখ্যা এবং প্রমাণ,230,√729 কোন ধরনের সংখ্যা?,মূলদ,অমূলদ,অবাস্তব,ভগ্নাংশ,A,"√729 = 27, একটি মূলদ সংখ্যা।",9,,
অমূলদ সংখ্যা এবং প্রমাণ,231,√30 কি অমূলদ?,হ্যাঁ,না,পূর্ণসংখ্যা,ভগ্নাংশ,A,"√30 হল √(2×3×5), যেখানে √2, √3, √5 সব অমূলদ, তাই √30 অমূলদ।",9,,
অমূলদ সংখ্যা এবং প্রমাণ,232,√784 কোন ধরনের সংখ্যা?,মূলদ,অমূলদ,অবাস্তব,ভগ্নাংশ,A,"√784 = 28, একটি মূলদ সংখ্যা।",9,,
অমূলদ সংখ্যা এবং প্রমাণ,233,√31 কি অমূলদ?,হ্যাঁ,না,পূর্ণসংখ্যা,ভগ্নাংশ,A,√31 অমূলদ কারণ এটি ভগ্নাংশ আকারে প্রকাশযোগ্য নয়।,9,,
অমূলদ সংখ্যা এবং প্রমাণ,234,√841 কোন ধরনের সংখ্যা?,মূলদ,অমূলদ,অবাস্তব,ভগ্নাংশ,A,"√841 = 29, একটি মূলদ সংখ্যা।",9,,
অমূলদ সংখ্যা এবং প্রমাণ,235,√33 কি অমূলদ?,হ্যাঁ,না,মূলদ,শূন্য,A,√33 অমূলদ কারণ এটি ভগ্নাংশ আকারে প্রকাশযোগ্য নয়।,10,,
অমূলদ সংখ্যা এবং প্রমাণ,236,√900 কোন ধরনের সংখ্যা?,মূলদ,অমূলদ,অবাস্তব,ভগ্নাংশ,A,"√900 = 30, একটি মূলদ সংখ্যা।",10,,
অমূলদ সংখ্যা এবং প্রমাণ,237,√34 কি অমূলদ?,হ্যাঁ,না,পূর্ণসংখ্যা,ভগ্নাংশ,A,√34 অমূলদ কারণ এটি ভগ্নাংশ আকারে প্রকাশযোগ্য নয়।,10,,
অমূলদ সংখ্যা এবং প্রমাণ,238,√961 কোন ধরনের সংখ্যা?,মূলদ,অমূলদ,অবাস্তব,ভগ্নাংশ,A,"√961 = 31, একটি মূলদ সংখ্যা।",10,,
অমূলদ সংখ্যা এবং প্রমাণ,239,√35 কি অমূলদ?,হ্যাঁ,না,পূর্ণসংখ্যা,ভগ্নাংশ,A,"√35 হল √(5×7), যেখানে √5 ও √7 অমূলদ, তাই √35 অমূলদ।",10,,
অমূলদ সংখ্যা এবং প্রমাণ,240,√1024 কোন ধরনের সংখ্যা?,মূলদ,অমূলদ,অবাস্তব,ভগ্নাংশ,A,"√1024 = 32, একটি মূলদ সংখ্যা।",10,,
অসীম দশমিক ভগ্নাংশ,241,π এর ২ দশমিক স্থান পর্যন্ত আসন্ন মান কত?,3.14,3.15,3.13,3.16,A,"π এর মান প্রায় 3.1415, তাই ২ দশমিক পর্যন্ত আসন্ন মান 3.14।",1,,
অসীম দশমিক ভগ্নাংশ,242,√2 এর ২ দশমিক স্থান পর্যন্ত আসন্ন মান কত?,1.41,1.42,1.4,1.43,A,"√2 ≈ 1.414, তাই ২ দশমিক পর্যন্ত আসন্ন মান 1.41।",1,,
অসীম দশমিক ভগ্নাংশ,243,√3 এর ২ দশমিক স্থান পর্যন্ত আসন্ন মান কত?,1.73,1.74,1.72,1.75,A,"√3 ≈ 1.732, তাই ২ দশমিক পর্যন্ত আসন্ন মান 1.73।",1,,
অসীম দশমিক ভগ্নাংশ,244,√5 এর ১ দশমিক স্থান পর্যন্ত আসন্ন মান কত?,2.2,2.3,2.1,2.4,A,"√5 ≈ 2.236, তাই ১ দশমিক পর্যন্ত আসন্ন মান 2.2।",1,,
অসীম দশমিক ভগ্নাংশ,245,√7 এর ২ দশমিক স্থান পর্যন্ত আসন্ন মান কত?,2.64,2.65,2.63,2.66,A,"√7 ≈ 2.6457, তাই ২ দশমিক পর্যন্ত আসন্ন মান 2.64।",1,,
অসীম দশমিক ভগ্নাংশ,246,π এর ৩ দশমিক স্থান পর্যন্ত আসন্ন মান কত?,3.142,3.143,3.141,3.144,A,"π ≈ 3.14159, তাই ৩ দশমিক পর্যন্ত আসন্ন মান 3.142।",1,,
অসীম দশমিক ভগ্নাংশ,247,√10 এর ২ দশমিক স্থান পর্যন্ত আসন্ন মান কত?,3.16,3.15,3.17,3.18,A,"√10 ≈ 3.162, তাই ২ দশমিক পর্যন্ত আসন্ন মান 3.16।",2,,
অসীম দশমিক ভগ্নাংশ,248,√11 এর ১ দশমিক স্থান পর্যন্ত আসন্ন মান কত?,3.3,3.2,3.1,3.4,A,"√11 ≈ 3.316, তাই ১ দশমিক পর্যন্ত আসন্ন মান 3.3।",2,,
অসীম দশমিক ভগ্নাংশ,249,√12 এর ২ দশমিক স্থান পর্যন্ত আসন্ন মান কত?,3.46,3.45,3.44,3.47,A,"√12 ≈ 3.464, তাই ২ দশমিক পর্যন্ত আসন্ন মান 3.46।",2,,
অসীম দশমিক ভগ্নাংশ,250,√13 এর ২ দশমিক স্থান পর্যন্ত আসন্ন মান কত?,3.6,3.61,3.59,3.62,A,"√13 ≈ 3.605, তাই ২ দশমিক পর্যন্ত আসন্ন মান 3.60।",2,,
অসীম দশমিক ভগ্নাংশ,251,√14 এর ১ দশমিক স্থান পর্যন্ত আসন্ন মান কত?,3.7,3.6,3.5,3.8,A,"√14 ≈ 3.741, তাই ১ দশমিক পর্যন্ত আসন্ন মান 3.7।",2,,
অসীম দশমিক ভগ্নাংশ,252,√15 এর ২ দশমিক স্থান পর্যন্ত আসন্ন মান কত?,3.87,3.86,3.85,3.88,A,"√15 ≈ 3.872, তাই ২ দশমিক পর্যন্ত আসন্ন মান 3.87।",2,,
অসীম দশমিক ভগ্নাংশ,253,√16 এর আসন্ন মান কত?,4.0,3.0,5.0,2.0,A,"√16 = 4, আসন্ন মান ৪।",3,,
অসীম দশমিক ভগ্নাংশ,254,√17 এর ২ দশমিক স্থান পর্যন্ত আসন্ন মান কত?,4.12,4.13,4.11,4.1,A,"√17 ≈ 4.123, তাই ২ দশমিক পর্যন্ত আসন্ন মান 4.12।",3,,
অসীম দশমিক ভগ্নাংশ,255,√18 এর ১ দশমিক স্থান পর্যন্ত আসন্ন মান কত?,4.2,4.3,4.1,4.4,A,"√18 ≈ 4.242, তাই ১ দশমিক পর্যন্ত আসন্ন মান 4.2।",3,,
অসীম দশমিক ভগ্নাংশ,256,√19 এর ২ দশমিক স্থান পর্যন্ত আসন্ন মান কত?,4.35,4.36,4.34,4.37,A,"√19 ≈ 4.358, তাই ২ দশমিক পর্যন্ত আসন্ন মান 4.35।",3,,
অসীম দশমিক ভগ্নাংশ,257,√20 এর ২ দশমিক স্থান পর্যন্ত আসন্ন মান কত?,4.47,4.46,4.45,4.48,A,"√20 ≈ 4.472, তাই ২ দশমিক পর্যন্ত আসন্ন মান 4.47।",3,,
অসীম দশমিক ভগ্নাংশ,258,√21 এর ১ দশমিক স্থান পর্যন্ত আসন্ন মান কত?,4.6,4.5,4.4,4.7,A,"√21 ≈ 4.582, তাই ১ দশমিক পর্যন্ত আসন্ন মান 4.6।",3,,
অসীম দশমিক ভগ্নাংশ,259,√22 এর ২ দশমিক স্থান পর্যন্ত আসন্ন মান কত?,4.69,4.7,4.68,4.67,A,"√22 ≈ 4.690, তাই ২ দশমিক পর্যন্ত আসন্ন মান 4.69।",4,,
অসীম দশমিক ভগ্নাংশ,260,√23 এর ২ দশমিক স্থান পর্যন্ত আসন্ন মান কত?,4.79,4.78,4.77,4.8,A,"√23 ≈ 4.795, তাই ২ দশমিক পর্যন্ত আসন্ন মান 4.79।",4,,
অসীম দশমিক ভগ্নাংশ,261,√24 এর ১ দশমিক স্থান পর্যন্ত আসন্ন মান কত?,4.9,4.8,4.7,5.0,A,"√24 ≈ 4.898, তাই ১ দশমিক পর্যন্ত আসন্ন মান 4.9।",4,,
অসীম দশমিক ভগ্নাংশ,262,√25 এর আসন্ন মান কত?,5.0,4.0,6.0,3.0,A,"√25 = 5, আসন্ন মান ৫।",4,,
অসীম দশমিক ভগ্নাংশ,263,√26 এর ২ দশমিক স্থান পর্যন্ত আসন্ন মান কত?,5.09,5.1,5.11,5.12,B,"√26 ≈ 5.099, তাই ২ দশমিক পর্যন্ত আসন্ন মান 5.09।",4,,
অসীম দশমিক ভগ্নাংশ,264,√27 এর ২ দশমিক স্থান পর্যন্ত আসন্ন মান কত?,5.18,5.19,5.17,5.2,B,"√27 ≈ 5.196, তাই ২ দশমিক পর্যন্ত আসন্ন মান 5.19।",4,,
অসীম দশমিক ভগ্নাংশ,265,√28 এর ১ দশমিক স্থান পর্যন্ত আসন্ন মান কত?,5.2,5.3,5.1,5.4,B,"√28 ≈ 5.291, তাই ১ দশমিক পর্যন্ত আসন্ন মান 5.3।",5,,
অসীম দশমিক ভগ্নাংশ,266,√29 এর ২ দশমিক স্থান পর্যন্ত আসন্ন মান কত?,5.39,5.38,5.37,5.4,B,"√29 ≈ 5.385, তাই ২ দশমিক পর্যন্ত আসন্ন মান 5.38।",5,,
অসীম দশমিক ভগ্নাংশ,267,√30 এর ২ দশমিক স্থান পর্যন্ত আসন্ন মান কত?,5.46,5.47,5.45,5.48,B,"√30 ≈ 5.477, তাই ২ দশমিক পর্যন্ত আসন্ন মান 5.47।",5,,
অসীম দশমিক ভগ্নাংশ,268,√31 এর ১ দশমিক স্থান পর্যন্ত আসন্ন মান কত?,5.5,5.6,5.4,5.7,B,"√31 ≈ 5.567, তাই ১ দশমিক পর্যন্ত আসন্ন মান 5.6।",5,,
অসীম দশমিক ভগ্নাংশ,269,√32 এর ২ দশমিক স্থান পর্যন্ত আসন্ন মান কত?,5.64,5.65,5.63,5.66,B,"√32 ≈ 5.656, তাই ২ দশমিক পর্যন্ত আসন্ন মান 5.65।",5,,
অসীম দশমিক ভগ্নাংশ,270,√33 এর ২ দশমিক স্থান পর্যন্ত আসন্ন মান কত?,5.73,5.74,5.72,5.75,B,"√33 ≈ 5.744, তাই ২ দশমিক পর্যন্ত আসন্ন মান 5.74।",5,,
অসীম দশমিক ভগ্নাংশ,271,√34 এর ২ দশমিক স্থান পর্যন্ত আসন্ন মান কত?,5.82,5.83,5.81,5.84,B,"√34 ≈ 5.830, তাই ২ দশমিক পর্যন্ত আসন্ন মান 5.83।",6,,
অসীম দশমিক ভগ্নাংশ,272,√35 এর ১ দশমিক স্থান পর্যন্ত আসন্ন মান কত?,5.8,5.9,5.7,6.0,B,"√35 ≈ 5.916, তাই ১ দশমিক পর্যন্ত আসন্ন মান 5.9।",6,,
অসীম দশমিক ভগ্নাংশ,273,√36 এর আসন্ন মান কত?,5.0,6.0,7.0,4.0,B,"√36 = 6, আসন্ন মান ৬।",6,,
অসীম দশমিক ভগ্নাংশ,274,√37 এর ২ দশমিক স্থান পর্যন্ত আসন্ন মান কত?,6.07,6.08,6.06,6.09,B,"√37 ≈ 6.082, তাই ২ দশমিক পর্যন্ত আসন্ন মান 6.08।",6,,
অসীম দশমিক ভগ্নাংশ,275,√38 এর ২ দশমিক স্থান পর্যন্ত আসন্ন মান কত?,6.15,6.16,6.14,6.17,B,"√38 ≈ 6.164, তাই ২ দশমিক পর্যন্ত আসন্ন মান 6.16।",6,,
অসীম দশমিক ভগ্নাংশ,276,√39 এর ১ দশমিক স্থান পর্যন্ত আসন্ন মান কত?,6.3,6.2,6.1,6.4,B,"√39 ≈ 6.245, তাই ১ দশমিক পর্যন্ত আসন্ন মান 6.2।",6,,
অসীম দশমিক ভগ্নাংশ,277,√40 এর ২ দশমিক স্থান পর্যন্ত আসন্ন মান কত?,6.31,6.32,6.3,6.33,B,"√40 ≈ 6.324, তাই ২ দশমিক পর্যন্ত আসন্ন মান 6.32।",7,,
অসীম দশমিক ভগ্নাংশ,278,√41 এর ২ দশমিক স্থান পর্যন্ত আসন্ন মান কত?,6.39,6.4,6.38,6.41,B,"√41 ≈ 6.403, তাই ২ দশমিক পর্যন্ত আসন্ন মান 6.40।",7,,
অসীম দশমিক ভগ্নাংশ,279,√42 এর ১ দশমিক স্থান পর্যন্ত আসন্ন মান কত?,6.4,6.5,6.3,6.6,B,"√42 ≈ 6.480, তাই ১ দশমিক পর্যন্ত আসন্ন মান 6.5।",7,,
অসীম দশমিক ভগ্নাংশ,280,√43 এর ২ দশমিক স্থান পর্যন্ত আসন্ন মান কত?,6.54,6.55,6.53,6.56,B,"√43 ≈ 6.557, তাই ২ দশমিক পর্যন্ত আসন্ন মান 6.55।",7,,
অসীম দশমিক ভগ্নাংশ,281,√44 এর ২ দশমিক স্থান পর্যন্ত আসন্ন মান কত?,6.62,6.63,6.61,6.64,B,"√44 ≈ 6.633, তাই ২ দশমিক পর্যন্ত আসন্ন মান 6.63।",7,,
অসীম দশমিক ভগ্নাংশ,282,√45 এর ১ দশমিক স্থান পর্যন্ত আসন্ন মান কত?,6.6,6.7,6.5,6.8,B,"√45 ≈ 6.708, তাই ১ দশমিক পর্যন্ত আসন্ন মান 6.7।",7,,
অসীম দশমিক ভগ্নাংশ,283,√46 এর ২ দশমিক স্থান পর্যন্ত আসন্ন মান কত?,6.78,6.77,6.76,6.79,A,"√46 ≈ 6.782, তাই ২ দশমিক পর্যন্ত আসন্ন মান 6.78।",8,,
অসীম দশমিক ভগ্নাংশ,284,√47 এর ২ দশমিক স্থান পর্যন্ত আসন্ন মান কত?,6.85,6.84,6.83,6.86,A,"√47 ≈ 6.855, তাই ২ দশমিক পর্যন্ত আসন্ন মান 6.85।",8,,
অসীম দশমিক ভগ্নাংশ,285,√48 এর ১ দশমিক স্থান পর্যন্ত আসন্ন মান কত?,6.9,6.8,6.7,7.0,A,"√48 ≈ 6.928, তাই ১ দশমিক পর্যন্ত আসন্ন মান 6.9।",8,,
অসীম দশমিক ভগ্নাংশ,286,√49 এর আসন্ন মান কত?,7.0,6.0,8.0,5.0,A,"√49 = 7, আসন্ন মান ৭।",8,,
অসীম দশমিক ভগ্নাংশ,287,√50 এর ২ দশমিক স্থান পর্যন্ত আসন্ন মান কত?,7.07,7.06,7.05,7.08,A,"√50 ≈ 7.071, তাই ২ দশমিক পর্যন্ত আসন্ন মান 7.07।",8,,
অসীম দশমিক ভগ্নাংশ,288,√51 এর ২ দশমিক স্থান পর্যন্ত আসন্ন মান কত?,7.14,7.13,7.12,7.15,A,"√51 ≈ 7.141, তাই ২ দশমিক পর্যন্ত আসন্ন মান 7.14।",8,,
অসীম দশমিক ভগ্নাংশ,289,√52 এর ২ দশমিক স্থান পর্যন্ত আসন্ন মান কত?,7.21,7.2,7.19,7.22,A,"√52 ≈ 7.211, তাই ২ দশমিক পর্যন্ত আসন্ন মান 7.21।",9,,
অসীম দশমিক ভগ্নাংশ,290,√53 এর ২ দশমিক স্থান পর্যন্ত আসন্ন মান কত?,7.28,7.29,7.26,7.27,D,"√53 ≈ 7.280, তাই ২ দশমিক পর্যন্ত আসন্ন মান 7.28।",9,,
অসীম দশমিক ভগ্নাংশ,291,√54 এর ১ দশমিক স্থান পর্যন্ত আসন্ন মান কত?,7.3,7.5,7.2,7.4,D,"√54 ≈ 7.348, তাই ১ দশমিক পর্যন্ত আসন্ন মান 7.3।",9,,
অসীম দশমিক ভগ্নাংশ,292,√55 এর ২ দশমিক স্থান পর্যন্ত আসন্ন মান কত?,7.41,7.42,7.39,7.4,D,"√55 ≈ 7.416, তাই ২ দশমিক পর্যন্ত আসন্ন মান 7.41।",9,,
অসীম দশমিক ভগ্নাংশ,293,√56 এর ২ দশমিক স্থান পর্যন্ত আসন্ন মান কত?,7.48,7.49,7.46,7.47,D,"√56 ≈ 7.483, তাই ২ দশমিক পর্যন্ত আসন্ন মান 7.48।",9,,
অসীম দশমিক ভগ্নাংশ,294,√57 এর ১ দশমিক স্থান পর্যন্ত আসন্ন মান কত?,7.5,7.3,7.4,7.6,D,"√57 ≈ 7.550, তাই ১ দশমিক পর্যন্ত আসন্ন মান 7.5।",9,,
অসীম দশমিক ভগ্নাংশ,295,√58 এর ২ দশমিক স্থান পর্যন্ত আসন্ন মান কত?,7.62,7.63,7.6,7.61,D,"√58 ≈ 7.615, তাই ২ দশমিক পর্যন্ত আসন্ন মান 7.62।",10,,
অসীম দশমিক ভগ্নাংশ,296,√59 এর ২ দশমিক স্থান পর্যন্ত আসন্ন মান কত?,7.68,7.69,7.66,7.67,D,"√59 ≈ 7.681, তাই ২ দশমিক পর্যন্ত আসন্ন মান 7.68।",10,,
অসীম দশমিক ভগ্নাংশ,297,√60 এর ১ দশমিক স্থান পর্যন্ত আসন্ন মান কত?,7.7,7.5,7.6,7.8,D,"√60 ≈ 7.746, তাই ১ দশমিক পর্যন্ত আসন্ন মান 7.7।",10,,
অসীম দশমিক ভগ্নাংশ,298,√61 এর ২ দশমিক স্থান পর্যন্ত আসন্ন মান কত?,7.81,7.82,7.79,7.8,D,"√61 ≈ 7.810, তাই ২ দশমিক পর্যন্ত আসন্ন মান 7.81।",10,,
অসীম দশমিক ভগ্নাংশ,299,\( \sqrt{50} \) এর আসন্ন মান ২ দশমিক স্থান পর্যন্ত নির্ণয় কর।,7.07,7.05,7.06,7.08,D,"\( \sqrt{৫০} \approx ৭.০৭১ \), তাই ২ দশমিক পর্যন্ত আনুমানিক মান ৭.০৭।",10,,
অসীম দশমিক ভগ্নাংশ,300,\( \pi \) এর মানকে ৪ দশমিক স্থান পর্যন্ত আনুমানিক করো এবং ব্যাসার্ধ ৭ সেমি হলে বৃত্তের ক্ষেত্রফল নির্ণয় কর।,153.94,154.15,153.85,154.0,D,"\( \pi \approx ৩.১৪১৬ \), ক্ষেত্রফল = \( \pi r^২ = ৩.১৪১৬ \times ৭^২ = ১৫৩.৯৩৮৪ \approx ১৫৩.৯৪ \)।",10,,
