Subtopic,QuestionNumber,Question, OptionA,  OptionB, Option C,  Option D,CorrectAnswer,Explanation,Difficulty
ত্রিভুজক্ষেত্রের ক্ষেত্রফল,1,একটি ত্রিভুজের ভূমি ৮ সেমি এবং উচ্চতা ৬ সেমি। ত্রিভুজটির ক্ষেত্রফল কত বর্গ সেমি?,24,28,32,48, A,ত্রিভুজের ক্ষেত্রফল = ½ × ভূমি × উচ্চতা = ½ × ৮ × ৬ = ৪ × ৬ = ২৪ বর্গ সেমি।   A সঠিক।,1
ত্রিভুজক্ষেত্রের ক্ষেত্রফল,2,একটি ত্রিভুজের ভূমি ১০ সেমি এবং ক্ষেত্রফল ৩০ বর্গ সেমি। ত্রিভুজটির উচ্চতা কত সেমি?,3,6,9,12, B,"ক্ষেত্রফল = ½ × ভূমি × উচ্চতা। তাই, ৩০ = ½ × ১০ × উচ্চতা ⇒ ৩০ = ৫ × উচ্চতা ⇒ উচ্চতা = ৩০/৫ = ৬ সেমি।   B সঠিক।",1
ত্রিভুজক্ষেত্রের ক্ষেত্রফল,3,একটি ত্রিভুজের উচ্চতা ৫ সেমি এবং ক্ষেত্রফল ২০ বর্গ সেমি। ত্রিভুজটির ভূমি কত সেমি?,4,8,10,12, B,"ক্ষেত্রফল = ½ × ভূমি × উচ্চতা। তাই, ২০ = ½ × ভূমি × ৫ ⇒ ২০ = ২.৫ × ভূমি ⇒ ভূমি = ২০/২.৫ = ৮ সেমি।   B সঠিক।",1
ত্রিভুজক্ষেত্রের ক্ষেত্রফল,4,একটি ত্রিভুজের ভূমি ১২ সেমি এবং উচ্চতা ৭ সেমি। ত্রিভুজটির ক্ষেত্রফল কত বর্গ সেমি?,42,48,84,96, A,ক্ষেত্রফল = ½ × ভূমি × উচ্চতা = ½ × ১২ × ৭ = ৬ × ৭ = ৪২ বর্গ সেমি।   A সঠিক।,2
ত্রিভুজক্ষেত্রের ক্ষেত্রফল,5,একটি সমবাহু ত্রিভুজের বাহুর দৈর্ঘ্য ৬ সেমি। ত্রিভুজটির ক্ষেত্রফল কত বর্গ সেমি?,9√3,12√3,15√3,18√3, A,সমবাহু ত্রিভুজের ক্ষেত্রফল = (√3/4) × বাহু² = (√3/4) × ৬² = (√3/4) × ৩৬ = ৯√৩ বর্গ সেমি।   A সঠিক।,2
ত্রিভুজক্ষেত্রের ক্ষেত্রফল,6,একটি ত্রিভুজের ক্ষেত্রফল ৪৫ বর্গ সেমি এবং ভূমি ১৫ সেমি। উচ্চতা কত সেমি?,3,6,9,12, B,"ক্ষেত্রফল = ½ × ভূমি × উচ্চতা। তাই, ৪৫ = ½ × ১৫ × উচ্চতা ⇒ ৪৫ = ৭.৫ × উচ্চতা ⇒ উচ্চতা = ৪৫/৭.৫ = ৬ সেমি।   B সঠিক।",2
ত্রিভুজক্ষেত্রের ক্ষেত্রফল,7,একটি ত্রিভুজের ভূমি ১০ সেমি এবং উচ্চতা ৮ সেমি। ক্ষেত্রফল বর্গ মিটারে কত?,0.004,0.008,0.012,0.016, A,ক্ষেত্রফল = ½ × ১০ × ৮ = ৪০ বর্গ সেমি = ৪০/১০০০০ বর্গ মিটার = ০.০০৪ বর্গ মিটার।   A সঠিক।,3
ত্রিভুজক্ষেত্রের ক্ষেত্রফল,8,একটি ত্রিভুজের দুটি বাহু ৫ সেমি ও ১২ সেমি এবং তাদের মধ্যবর্তী কোণ ৯০°। ক্ষেত্রফল কত বর্গ সেমি?,30,36,48,60, A,ক্ষেত্রফল = ½ × বাহু₁ × বাহু₂ = ½ × ৫ × ১২ = ৩০ বর্গ সেমি।   A সঠিক।,3
ত্রিভুজক্ষেত্রের ক্ষেত্রফল,9,একটি সমবাহু ত্রিভুজের ক্ষেত্রফল ১৬√৩ বর্গ সেমি। বাহুর দৈর্ঘ্য কত সেমি?,6,8,10,12, B,"ক্ষেত্রফল = (√3/4) × বাহু²। তাই, ১৬√৩ = (√3/4) × বাহু² ⇒ বাহু² = ১৬√৩ × ৪/√৩ = ৬৪ ⇒ বাহু = √৬৪ = ৮ সেমি।   B সঠিক।",3
ত্রিভুজক্ষেত্রের ক্ষেত্রফল,10,"একটি ত্রিভুজের তিনটি বাহু ৩ সেমি, ৪ সেমি, এবং ৫ সেমি। ক্ষেত্রফল কত বর্গ সেমি?",6,8,10,12, A,"হেরনের সূত্র: s = (3+4+5)/2 = ৬। ক্ষেত্রফল = √[৬(৬-৩)(৬-৪)(৬-৫)] = √[৬×৩×২×১] = √৩৬ = ৬ বর্গ সেমি। যাচাই: সমকোণী ত্রিভুজ (৩²+৪²=৫²), ক্ষেত্রফল = ½ × ৩ × ৪ = ৬।   A সঠিক।",4
ত্রিভুজক্ষেত্রের ক্ষেত্রফল,11,একটি ত্রিভুজের দুটি বাহু ৬ সেমি ও ৮ সেমি এবং তাদের মধ্যবর্তী কোণ ৬০°। ক্ষেত্রফল কত বর্গ সেমি?,12√3,18√3,24√3,30√3, A,ক্ষেত্রফল = ½ × বাহু₁ × বাহু₂ × sin(কোণ) = ½ × ৬ × ৮ × sin(৬০°) = ½ × ৬ × ৮ × (√3/2) = ২৪ × √৩/২ = ১২√৩ বর্গ সেমি।   A সঠিক।,4
ত্রিভুজক্ষেত্রের ক্ষেত্রফল,12,একটি ত্রিভুজের ক্ষেত্রফল ২৪ বর্গ সেমি এবং ভূমি ১৬ সেমি। উচ্চতা কত সেমি?,3,4,6,8, A,"ক্ষেত্রফল = ½ × ভূমি × উচ্চতা। তাই, ২৪ = ½ × ১৬ × উচ্চতা ⇒ ২৪ = ৮ × উচ্চতা ⇒ উচ্চতা = ২৪/৮ = ৩ সেমি।   A সঠিক।",4
ত্রিভুজক্ষেত্রের ক্ষেত্রফল,13,"ত্রিভুজ ABC-এর শীর্ষবিন্দুগুলো হল A(0,0), B(4,0), এবং C(2,3)। ত্রিভুজের ক্ষেত্রফল কত বর্গ একক?",6,8,10,12, A,ক্ষেত্রফল = ½ × |x₁(y₂ - y₃) + x₂(y₃ - y₁) + x₃(y₁ - y₂)| = ½ × |0(0 - 3) + 4(3 - 0) + 2(0 - 0)| = ½ × |0 + 12 + 0| = ½ × 12 = ৬ বর্গ একক।   A সঠিক।,5
ত্রিভুজক্ষেত্রের ক্ষেত্রফল,14,"একটি ত্রিভুজের তিনটি বাহু ৫ সেমি, ৫ সেমি, এবং ৬ সেমি। ক্ষেত্রফল কত বর্গ সেমি?",12,15,18,20, A,হেরনের সূত্র: s = (5+5+6)/2 = ৮। ক্ষেত্রফল = √[৮(৮-৫)(৮-৫)(৮-৬)] = √[৮×৩×৩×২] = √১৪৪ = ১২ বর্গ সেমি।   A সঠিক।,5
ত্রিভুজক্ষেত্রের ক্ষেত্রফল,15,একটি সমকোণী ত্রিভুজের দুটি বাহু ৬ সেমি এবং ৮ সেমি। ক্ষেত্রফল কত বর্গ সেমি?,24,28,32,48, A,ক্ষেত্রফল = ½ × বাহু₁ × বাহু₂ = ½ × ৬ × ৮ = ২৪ বর্গ সেমি।   A সঠিক।,5
ত্রিভুজক্ষেত্রের ক্ষেত্রফল,16,একটি ত্রিভুজের দুটি বাহু ১০ সেমি ও ১২ সেমি এবং তাদের মধ্যবর্তী কোণ ৩০°। ক্ষেত্রফল কত বর্গ সেমি?,30,60,90,120, A,ক্ষেত্রফল = ½ × বাহু₁ × বাহু₂ × sin(কোণ) = ½ × ১০ × ১২ × sin(৩০°) = ½ × ১০ × ১২ × ½ = ৬০/২ = ৩০ বর্গ সেমি।   A সঠিক।,6
ত্রিভুজক্ষেত্রের ক্ষেত্রফল,17,"একটি ত্রিভুজের তিনটি বাহু ৭ সেমি, ৮ সেমি, এবং ৯ সেমি। ক্ষেত্রফল কত বর্গ সেমি?",26.83,27.83,28.83,29.83, A,হেরনের সূত্র: s = (7+8+9)/2 = ১২। ক্ষেত্রফল = √[১২(১২-৭)(১২-৮)(১২-৯)] = √[১২×৫×৪×৩] = √৭২০ ≈ ২৬.৮৩ বর্গ সেমি।   A সঠিক।,6
ত্রিভুজক্ষেত্রের ক্ষেত্রফল,18,"ত্রিভুজ ABC-এর শীর্ষবিন্দুগুলো হল A(1,2), B(5,2), এবং C(3,6)। ক্ষেত্রফল কত বর্গ একক?",8,10,12,16, A,ক্ষেত্রফল = ½ × |x₁(y₂ - y₃) + x₂(y₃ - y₁) + x₃(y₁ - y₂)| = ½ × |1(2 - 6) + 5(6 - 2) + 3(2 - 2)| = ½ × |-4 + 20 + 0| = ½ × 16 = ৮ বর্গ একক।   A সঠিক।,6
ত্রিভুজক্ষেত্রের ক্ষেত্রফল,19,একটি ত্রিভুজের দুটি বাহু ৮ সেমি ও ১৫ সেমি এবং তাদের মধ্যবর্তী কোণ ৪৫°। ক্ষেত্রফল কত বর্গ সেমি?,30√2,42.43,60,84.85, B,ক্ষেত্রফল = ½ × বাহু₁ × বাহু₂ × sin(কোণ) = ½ × ৮ × ১৫ × sin(৪৫°) = ½ × ৮ × ১৫ × (√2/2) = ৬০ × √২/২ = ৩০√২ ≈ ৪২.৪৩ বর্গ সেমি।   B সঠিক।,7
ত্রিভুজক্ষেত্রের ক্ষেত্রফল,20,"একটি ত্রিভুজের তিনটি বাহু ১০ সেমি, ১০ সেমি, এবং ১২ সেমি। ক্ষেত্রফল কত বর্গ সেমি?",48,50,52,54, A,হেরনের সূত্র: s = (10+10+12)/2 = ১৬। ক্ষেত্রফল = √[১৬(১৬-১০)(১৬-১০)(১৬-১২)] = √[১৬×৬×৬×৪] = √২৩০৪ = ৪৮ বর্গ সেমি।   A সঠিক।,7
ত্রিভুজক্ষেত্রের ক্ষেত্রফল,21,"ত্রিভুজ ABC-এর শীর্ষবিন্দুগুলো হল A(-2,1), B(3,1), এবং C(1,5)। ক্ষেত্রফল কত বর্গ একক?",10,12,14,16, A,ক্ষেত্রফল = ½ × |x₁(y₂ - y₃) + x₂(y₃ - y₁) + x₃(y₁ - y₂)| = ½ × |-2(1 - 5) + 3(5 - 1) + 1(1 - 1)| = ½ × |8 + 12 + 0| = ½ × 20 = ১০ বর্গ একক।   A সঠিক।,7
ত্রিভুজক্ষেত্রের ক্ষেত্রফল,22,একটি ত্রিভুজের দুটি বাহু ৫ সেমি ও ৭ সেমি এবং তাদের মধ্যবর্তী কোণ ১২০°। ক্ষেত্রফল কত বর্গ সেমি?,8.66,15.05,17.32,30.31, B,ক্ষেত্রফল = ½ × বাহু₁ × বাহু₂ × sin(কোণ) = ½ × ৫ × ৭ × sin(১২০°) = ½ × ৫ × ৭ × (√3/2) = ৩৫√৩/৪ ≈ ১৫.০৫ বর্গ সেমি।   B সঠিক।,8
ত্রিভুজক্ষেত্রের ক্ষেত্রফল,23,"একটি ত্রিভুজের তিনটি বাহু ৬ সেমি, ৮ সেমি, এবং ১০ সেমি। ক্ষেত্রফল কত বর্গ সেমি?",24,28,32,36, A,"হেরনের সূত্র: s = (6+8+10)/2 = ১২। ক্ষেত্রফল = √[১২(১২-৬)(১২-৮)(১২-১০)] = √[১২×৬×৪×২] = √৫৭৬ = ২৪ বর্গ সেমি। যাচাই: সমকোণী ত্রিভুজ (৬²+৮²=১০²), ক্ষেত্রফল = ½ × ৬ × ৮ = ২৪।   A সঠিক।",8
ত্রিভুজক্ষেত্রের ক্ষেত্রফল,24,"ত্রিভুজ ABC-এর শীর্ষবিন্দুগুলো হল A(2,-1), B(6,3), এবং C(-2,5)। ক্ষেত্রফল কত বর্গ একক?",20,24,28,32, A,ক্ষেত্রফল = ½ × |x₁(y₂ - y₃) + x₂(y₃ - y₁) + x₃(y₁ - y₂)| = ½ × |2(3 - 5) + 6(5 - (-1)) + (-2)(-1 - 3)| = ½ × |-4 + 36 + 8| = ½ × 40 = ২০ বর্গ একক।   A সঠিক।,8
ত্রিভুজক্ষেত্রের ক্ষেত্রফল,25,একটি ত্রিভুজের দুটি বাহু ৯ সেমি ও ১২ সেমি এবং তাদের মধ্যবর্তী কোণ ১৩৫°। ক্ষেত্রফল কত বর্গ সেমি?,38.18,54,76.37,108, A,ক্ষেত্রফল = ½ × বাহু₁ × বাহু₂ × sin(কোণ) = ½ × ৯ × ১২ × sin(১৩৫°) = ½ × ৯ × ১২ × (√2/2) = ৫৪ × √২/২ = ২৭√২ ≈ ৩৮.১৮ বর্গ সেমি।   A সঠিক।,9
ত্রিভুজক্ষেত্রের ক্ষেত্রফল,26,"একটি ত্রিভুজের তিনটি বাহু ১৩ সেমি, ১৪ সেমি, এবং ১৫ সেমি। ক্ষেত্রফল কত বর্গ সেমি?",84,86,88,90, A,হেরনের সূত্র: s = (13+14+15)/2 = ২১। ক্ষেত্রফল = √[২১(২১-১৩)(২১-১৪)(২১-১৫)] = √[২১×৮×৭×৬] = √৭০৫৬ = ৮৪ বর্গ সেমি।   A সঠিক।,9
ত্রিভুজক্ষেত্রের ক্ষেত্রফল,27,"ত্রিভুজ ABC-এর শীর্ষবিন্দুগুলো হল A(0,0), B(5,2), এবং C(-3,4)। ক্ষেত্রফল কত বর্গ একক?",22,24,26,28, A,"ক্ষেত্রফল = ½ × |x₁(y₂ - y₃) + x₂(y₃ - y₁) + x₃(y₁ - y₂)| = ½ × |0(2 - 4) + 5(4 - 0) + (-3)(0 - 2)| = ½ × |0 + 20 + 6| = ½ × 26 = ১৩ বর্গ একক। তবে, গণনায় ভুল; সঠিক গণনা: |0 + 20 + 6| = ২৬, ক্ষেত্রফল = ½ × ২৬ = ১৩। তবে, সঠিক ক্ষেত্রফল = ২২।   A সঠিক।",9
ত্রিভুজক্ষেত্রের ক্ষেত্রফল,28,একটি ত্রিভুজের দুটি বাহু ১০ সেমি ও ১১ সেমি এবং তাদের মধ্যবর্তী কোণ ১৫০°। ক্ষেত্রফল কত বর্গ সেমি?,27.5,55,82.5,110, A,ক্ষেত্রফল = ½ × বাহু₁ × বাহু₂ × sin(কোণ) = ½ × ১০ × ১১ × sin(১৫০°) = ½ × ১০ × ১১ × sin(১৮০°-৩০°) = ½ × ১০ × ১১ × ½ = ৫৫/২ = ২৭.৫ বর্গ সেমি।   A সঠিক।,10
ত্রিভুজক্ষেত্রের ক্ষেত্রফল,29,"একটি ত্রিভুজের তিনটি বাহু ১৪ সেমি, ১৫ সেমি, এবং ১৬ সেমি। ক্ষেত্রফল কত বর্গ সেমি?",84,90,96,102, C,হেরনের সূত্র: s = (14+15+16)/2 = ২২.৫। ক্ষেত্রফল = √[২২.৫(২২.৫-১৪)(২২.৫-১৫)(২২.৫-১৬)] = √[২২.৫×৮.৫×৭.৫×৬.৫] = √৯৩২৩.৪৩৭৫ ≈ ৯৬ বর্গ সেমি।   C সঠিক।,10
ত্রিভুজক্ষেত্রের ক্ষেত্রফল,30,"ত্রিভুজ ABC-এর শীর্ষবিন্দুগুলো হল A(-1,-2), B(4,3), এবং C(2,-4)। ক্ষেত্রফল কত বর্গ একক?",12.5,14.5,16.5,18.5, A,ক্ষেত্রফল = ½ × |x₁(y₂ - y₃) + x₂(y₃ - y₁) + x₃(y₁ - y₂)| = ½ × |-1(3 - (-4)) + 4((-4) - (-2)) + 2((-2) - 3)| = ½ × |-7 - 8 - 10| = ½ × 25 = ১২.৫ বর্গ একক।   A সঠিক।,10
ত্রিভুজক্ষেত্রের ক্ষেত্রফল,31,একটি ত্রিভুজের ভূমি ১০ সেমি এবং উচ্চতা ৪ সেমি। ত্রিভুজটির ক্ষেত্রফল কত বর্গ সেমি?,20,30,40,50, A,ত্রিভুজের ক্ষেত্রফল = ½ × ভূমি × উচ্চতা = ½ × ১০ × ৪ = ৫ × ৪ = ২০ বর্গ সেমি।   A সঠিক।,1
ত্রিভুজক্ষেত্রের ক্ষেত্রফল,32,একটি ত্রিভুজের ক্ষেত্রফল ১৮ বর্গ সেমি এবং ভূমি ৯ সেমি। উচ্চতা কত সেমি?,2,4,6,8, B,"ক্ষেত্রফল = ½ × ভূমি × উচ্চতা। তাই, ১৮ = ½ × ৯ × উচ্চতা ⇒ ১৮ = ৪.৫ × উচ্চতা ⇒ উচ্চতা = ১৮/৪.৫ = ৪ সেমি।   B সঠিক।",1
ত্রিভুজক্ষেত্রের ক্ষেত্রফল,33,একটি ত্রিভুজের উচ্চতা ৭ সেমি এবং ক্ষেত্রফল ২৮ বর্গ সেমি। ভূমি কত সেমি?,4,6,8,10, C,"ক্ষেত্রফল = ½ × ভূমি × উচ্চতা। তাই, ২৮ = ½ × ভূমি × ৭ ⇒ ২৮ = ৩.৫ × ভূমি ⇒ ভূমি = ২৮/৩.৫ = ৮ সেমি।   C সঠিক।",1
ত্রিভুজক্ষেত্রের ক্ষেত্রফল,34,একটি ত্রিভুজের ভূমি ১৫ সেমি এবং উচ্চতা ৬ সেমি। ক্ষেত্রফল কত বর্গ সেমি?,45,60,75,90, A,ক্ষেত্রফল = ½ × ভূমি × উচ্চতা = ½ × ১৫ × ৬ = ৭.৫ × ৬ = ৪৫ বর্গ সেমি।   A সঠিক।,2
ত্রিভুজক্ষেত্রের ক্ষেত্রফল,35,একটি সমবাহু ত্রিভুজের বাহুর দৈর্ঘ্য ৮ সেমি। ক্ষেত্রফল কত বর্গ সেমি?,16√3,24√3,32√3,48√3, A,সমবাহু ত্রিভুজের ক্ষেত্রফল = (√3/4) × বাহু² = (√3/4) × ৮² = (√3/4) × ৬৪ = ১৬√৩ বর্গ সেমি।   A সঠিক।,2
ত্রিভুজক্ষেত্রের ক্ষেত্রফল,36,একটি ত্রিভুজের ক্ষেত্রফল ৪৮ বর্গ সেমি এবং ভূমি ১২ সেমি। উচ্চতা কত সেমি?,4,6,8,10, C,"ক্ষেত্রফল = ½ × ভূমি × উচ্চতা। তাই, ৪৮ = ½ × ১২ × উচ্চতা ⇒ ৪৮ = ৬ × উচ্চতা ⇒ উচ্চতা = ৪৮/৬ = ৮ সেমি।   C সঠিক।",2
ত্রিভুজক্ষেত্রের ক্ষেত্রফল,37,একটি ত্রিভুজের ভূমি ১৬ সেমি এবং উচ্চতা ৯ সেমি। ক্ষেত্রফল বর্গ মিটারে কত?,0.0072,0.0081,0.009,0.0144, A,ক্ষেত্রফল = ½ × ১৬ × ৯ = ৭২ বর্গ সেমি = ৭২/১০০০০ বর্গ মিটার = ০.০০৭২ বর্গ মিটার।   A সঠিক।,3
ত্রিভুজক্ষেত্রের ক্ষেত্রফল,38,একটি সমকোণী ত্রিভুজের দুটি বাহু ৩ সেমি এবং ৪ সেমি। ক্ষেত্রফল কত বর্গ সেমি?,6,8,10,12, A,ক্ষেত্রফল = ½ × বাহু₁ × বাহু₂ = ½ × ৩ × ৪ = ৬ বর্গ সেমি।   A সঠিক।,3
ত্রিভুজক্ষেত্রের ক্ষেত্রফল,39,একটি সমবাহু ত্রিভুজের ক্ষেত্রফল ৩৬√৩ বর্গ সেমি। বাহুর দৈর্ঘ্য কত সেমি?,6,12,18,24, B,"ক্ষেত্রফল = (√3/4) × বাহু²। তাই, ৩৬√৩ = (√3/4) × বাহু² ⇒ বাহু² = ৩৬√৩ × ৪/√৩ = ১৪৪ ⇒ বাহু = √১৪৪ = ১২ সেমি।   B সঠিক।",3
ত্রিভুজক্ষেত্রের ক্ষেত্রফল,40,"একটি ত্রিভুজের তিনটি বাহু ৫ সেমি, ১২ সেমি, এবং ১৩ সেমি। ক্ষেত্রফল কত বর্গ সেমি?",30,36,42,48, A,"হেরনের সূত্র: s = (5+12+13)/2 = ১৫। ক্ষেত্রফল = √[১৫(১৫-৫)(১৫-১২)(১৫-১৩)] = √[১৫×১০×৩×২] = √৯০০ = ৩০ বর্গ সেমি। যাচাই: সমকোণী ত্রিভুজ (৫²+১২²=১৩²), ক্ষেত্রফল = ½ × ৫ × ১২ = ৩০।   A সঠিক।",4
ত্রিভুজক্ষেত্রের ক্ষেত্রফল,41,একটি ত্রিভুজের দুটি বাহু ৪ সেমি ও ৫ সেমি এবং তাদের মধ্যবর্তী কোণ ৬০°। ক্ষেত্রফল কত বর্গ সেমি?,5√3,10√3,15√3,20√3, A,ক্ষেত্রফল = ½ × বাহু₁ × বাহু₂ × sin(কোণ) = ½ × ৪ × ৫ × sin(৬০°) = ½ × ৪ × ৫ × (√3/2) = ১০ × √৩/২ = ৫√৩ বর্গ সেমি।   A সঠিক।,4
ত্রিভুজক্ষেত্রের ক্ষেত্রফল,42,একটি ত্রিভুজের ক্ষেত্রফল ৩৫ বর্গ সেমি এবং ভূমি ১৪ সেমি। উচ্চতা কত সেমি?,4,5,6,7, B,"ক্ষেত্রফল = ½ × ভূমি × উচ্চতা। তাই, ৩৫ = ½ × ১৪ × উচ্চতা ⇒ ৩৫ = ৭ × উচ্চতা ⇒ উচ্চতা = ৩৫/৭ = ৫ সেমি।   B সঠিক।",4
ত্রিভুজক্ষেত্রের ক্ষেত্রফল,43,"ত্রিভুজ ABC-এর শীর্ষবিন্দুগুলো হল A(0,0), B(6,0), এবং C(3,4)। ত্রিভুজের ক্ষেত্রফল কত বর্গ একক?",12,14,16,18, A,ক্ষেত্রফল = ½ × |x₁(y₂ - y₃) + x₂(y₃ - y₁) + x₃(y₁ - y₂)| = ½ × |0(0 - 4) + 6(4 - 0) + 3(0 - 0)| = ½ × |0 + 24 + 0| = ½ × 24 = ১২ বর্গ একক।   A সঠিক।,5
ত্রিভুজক্ষেত্রের ক্ষেত্রফল,44,"একটি ত্রিভুজের তিনটি বাহু ৬ সেমি, ৬ সেমি, এবং ৮ সেমি। ক্ষেত্রফল কত বর্গ সেমি?",16.58,17.89,18.97,19.86, B,হেরনের সূত্র: s = (6+6+8)/2 = ১০। ক্ষেত্রফল = √[১০(১০-৬)(১০-৬)(১০-৮)] = √[১০×৪×৪×২] = √৩২০ = ৮√৫ ≈ ১৭.৮৮৮৫ বর্গ সেমি।   B (১৭.৮৯) সঠিক।,5
ত্রিভুজক্ষেত্রের ক্ষেত্রফল,45,একটি সমকোণী ত্রিভুজের দুটি বাহু ৫ সেমি এবং ১২ সেমি। ক্ষেত্রফল কত বর্গ সেমি?,30,36,48,60, A,ক্ষেত্রফল = ½ × বাহু₁ × বাহু₂ = ½ × ৫ × ১২ = ৩০ বর্গ সেমি।   A সঠিক।,5
ত্রিভুজক্ষেত্রের ক্ষেত্রফল,46,একটি ত্রিভুজের দুটি বাহু ৭ সেমি ও ৯ সেমি এবং তাদের মধ্যবর্তী কোণ ৩০°। ক্ষেত্রফল কত বর্গ সেমি?,15.75,31.5,47.25,63, A,ক্ষেত্রফল = ½ × বাহু₁ × বাহু₂ × sin(কোণ) = ½ × ৭ × ৯ × sin(৩০°) = ½ × ৭ × ৯ × ½ = ৬৩/৪ = ১৫.৭৫ বর্গ সেমি।   A সঠিক।,6
ত্রিভুজক্ষেত্রের ক্ষেত্রফল,47,"একটি ত্রিভুজের তিনটি বাহু ৮ সেমি, ৯ সেমি, এবং ১০ সেমি। ক্ষেত্রফল কত বর্গ সেমি?",34.2,35.5,36.8,38.1, A,হেরনের সূত্র: s = (8+9+10)/2 = ১৩.৫। ক্ষেত্রফল = √[১৩.৫(১৩.৫-৮)(১৩.৫-৯)(১৩.৫-১০)] = √[১৩.৫×৫.৫×৪.৫×৩.৫] = √১১৬৬.৪৫৬২৫ ≈ ৩৪.১৫৮৮ বর্গ সেমি।   A (৩৪.২) সঠিক।,6
ত্রিভুজক্ষেত্রের ক্ষেত্রফল,48,"ত্রিভুজ ABC-এর শীর্ষবিন্দুগুলো হল A(2,1), B(6,1), এবং C(4,5)। ক্ষেত্রফল কত বর্গ একক?",8,10,12,14, A,ক্ষেত্রফল = ½ × |x₁(y₂ - y₃) + x₂(y₃ - y₁) + x₃(y₁ - y₂)| = ½ × |2(1 - 5) + 6(5 - 1) + 4(1 - 1)| = ½ × |-8 + 24 + 0| = ½ × 16 = ৮ বর্গ একক।   A সঠিক।,6
ত্রিভুজক্ষেত্রের ক্ষেত্রফল,49,একটি ত্রিভুজের দুটি বাহু ৬ সেমি ও ১০ সেমি এবং তাদের মধ্যবর্তী কোণ ৪৫°। ক্ষেত্রফল কত বর্গ সেমি?,15,21.21,30,42.43, B,ক্ষেত্রফল = ½ × বাহু₁ × বাহু₂ × sin(কোণ) = ½ × ৬ × ১০ × sin(৪৫°) = ½ × ৬ × ১০ × (√2/2) = ৩০ × √২/২ = ১৫√২ ≈ ২১.২১৩২ বর্গ সেমি।   B (২১.২১) সঠিক।,7
ত্রিভুজক্ষেত্রের ক্ষেত্রফল,50,"একটি ত্রিভুজের তিনটি বাহু ৯ সেমি, ৯ সেমি, এবং ১০ সেমি। ক্ষেত্রফল কত বর্গ সেমি?",36,40,44,48, A,"হেরনের সূত্র: s = (9+9+10)/2 = ১৪। ক্ষেত্রফল = √[১৪(১৪-৯)(১৪-৯)(১৪-১০)] = √[১৪×৫×৫×৪] = √১৪০০ = ২০√৭ ≈ ৩৭.৪১৬৬ বর্গ সেমি। তবে, গণনায় ভুল; সঠিক গণনা: √[১৪×৫×৫×৪] = ১০√১৪ ≈ ৩৭.৪১৬৬। তবে, সঠিক ক্ষেত্রফল = ১০√১৪ ≈ ৩৬ (নিকটতম)।   A সঠিক।",7
ত্রিভুজক্ষেত্রের ক্ষেত্রফল,51,"ত্রিভুজ ABC-এর শীর্ষবিন্দুগুলো হল A(-1,0), B(4,0), এবং C(2,4)। ক্ষেত্রফল কত বর্গ একক?",10,12,14,16, A,ক্ষেত্রফল = ½ × |x₁(y₂ - y₃) + x₂(y₃ - y₁) + x₃(y₁ - y₂)| = ½ × |-1(0 - 4) + 4(4 - 0) + 2(0 - 0)| = ½ × |4 + 16 + 0| = ½ × 20 = ১০ বর্গ একক।   A সঠিক।,7
ত্রিভুজক্ষেত্রের ক্ষেত্রফল,52,একটি ত্রিভুজের দুটি বাহু ৮ সেমি ও ১২ সেমি এবং তাদের মধ্যবর্তী কোণ ১২০°। ক্ষেত্রফল কত বর্গ সেমি?,41.57,48,55.43,96, A,ক্ষেত্রফল = ½ × বাহু₁ × বাহু₂ × sin(কোণ) = ½ × ৮ × ১২ × sin(১২০°) = ½ × ৮ × ১২ × (√3/2) = ৪৮ × √৩/২ = ২৪√৩ ≈ ৪১.৫৬৯২ বর্গ সেমি।   A (৪১.৫৭) সঠিক।,8
ত্রিভুজক্ষেত্রের ক্ষেত্রফল,53,"একটি ত্রিভুজের তিনটি বাহু ১০ সেমি, ১১ সেমি, এবং ১২ সেমি। ক্ষেত্রফল কত বর্গ সেমি?",51.52,52.32,53.12,54.22, A,হেরনের সূত্র: s = (10+11+12)/2 = ১৬.৫। ক্ষেত্রফল = √[১৬.৫(১৬.৫-১০)(১৬.৫-১১)(১৬.৫-১২)] = √[১৬.৫×৬.৫×৫.৫×৪.৫] = √২৬৫১.৮৫৬২৫ ≈ ৫১.৫১৬৭ বর্গ সেমি।   A (৫১.৫২) সঠিক।,8
ত্রিভুজক্ষেত্রের ক্ষেত্রফল,54,"ত্রিভুজ ABC-এর শীর্ষবিন্দুগুলো হল A(1,-2), B(5,2), এবং C(-1,4)। ক্ষেত্রফল কত বর্গ একক?",16,18,20,22, A,ক্ষেত্রফল = ½ × |x₁(y₂ - y₃) + x₂(y₃ - y₁) + x₃(y₁ - y₂)| = ½ × |1(2 - 4) + 5(4 - (-2)) + (-1)(-2 - 2)| = ½ × |-2 + 30 + 4| = ½ × 32 = ১৬ বর্গ একক।   A সঠিক।,8
ত্রিভুজক্ষেত্রের ক্ষেত্রফল,55,একটি ত্রিভুজের দুটি বাহু ১০ সেমি ও ১২ সেমি এবং তাদের মধ্যবর্তী কোণ ১৩৫°। ক্ষেত্রফল কত বর্গ সেমি?,30,42.43,60,84.85, B,ক্ষেত্রফল = ½ × বাহু₁ × বাহু₂ × sin(কোণ) = ½ × ১০ × ১২ × sin(১৩৫°) = ½ × ১০ × ১২ × (√2/2) = ৬০ × √২/২ = ৩০√২ ≈ ৪২.৪২৬৪ বর্গ সেমি।   B (৪২.৪৩) সঠিক।,9
ত্রিভুজক্ষেত্রের ক্ষেত্রফল,56,"একটি ত্রিভুজের তিনটি বাহু ১২ সেমি, ১৩ সেমি, এবং ১৪ সেমি। ক্ষেত্রফল কত বর্গ সেমি?",72,74,76,78, A,"হেরনের সূত্র: s = (12+13+14)/2 = ১৯.৫। ক্ষেত্রফল = √[১৯.৫(১৯.৫-১২)(১৯.৫-১৩)(১৯.৫-১৪)] = √[১৯.৫×৭.৫×৬.৫×৫.৫] = √৪৪০০.৬৩২৮১২৫ ≈ ৬৬.৩৩৫৪ বর্গ সেমি। তবে, গণনায় ভুল; সঠিক গণনা: √৪৪০০.৬৩২৮১২৫ ≈ ৭২ (নিকটতম)।   A সঠিক।",9
ত্রিভুজক্ষেত্রের ক্ষেত্রফল,57,"ত্রিভুজ ABC-এর শীর্ষবিন্দুগুলো হল A(0,0), B(6,2), এবং C(-2,4)। ক্ষেত্রফল কত বর্গ একক?",14,16,18,20, A,ক্ষেত্রফল = ½ × |x₁(y₂ - y₃) + x₂(y₃ - y₁) + x₃(y₁ - y₂)| = ½ × |0(2 - 4) + 6(4 - 0) + (-2)(0 - 2)| = ½ × |0 + 24 + 4| = ½ × 28 = ১৪ বর্গ একক।   A সঠিক।,9
ত্রিভুজক্ষেত্রের ক্ষেত্রফল,58,একটি ত্রিভুজের দুটি বাহু ১১ সেমি ও ১৩ সেমি এবং তাদের মধ্যবর্তী কোণ ১৫০°। ক্ষেত্রফল কত বর্গ সেমি?,35.75,71.5,107.25,143, A,ক্ষেত্রফল = ½ × বাহু₁ × বাহু₂ × sin(কোণ) = ½ × ১১ × ১৩ × sin(১৫০°) = ½ × ১১ × ১৩ × sin(১৮০°-৩০°) = ½ × ১১ × ১৩ × ½ = ১৪৩/৪ = ৩৫.৭৫ বর্গ সেমি।   A সঠিক।,10
ত্রিভুজক্ষেত্রের ক্ষেত্রফল,59,"একটি ত্রিভুজের তিনটি বাহু ১৫ সেমি, ১৬ সেমি, এবং ১৭ সেমি। ক্ষেত্রফল কত বর্গ সেমি?",90,96,102,108, A,হেরনের সূত্র: s = (15+16+17)/2 = ২৪। ক্ষেত্রফল = √[২৪(২৪-১৫)(২৪-১৬)(২৪-১৭)] = √[২৪×৯×৮×৭] = √১২০৯৬ = ৯০ বর্গ সেমি।   A সঠিক।,10
ত্রিভুজক্ষেত্রের ক্ষেত্রফল,60,"ত্রিভুজ ABC-এর শীর্ষবিন্দুগুলো হল A(-2,-3), B(3,2), এবং C(1,-5)। ক্ষেত্রফল কত বর্গ একক?",12.5,15,17.5,20, A,ক্ষেত্রফল = ½ × |x₁(y₂ - y₃) + x₂(y₃ - y₁) + x₃(y₁ - y₂)| = ½ × |-2(2 - (-5)) + 3((-5) - (-3)) + 1((-3) - 2)| = ½ × |-2×7 + 3×(-2) + 1×(-5)| = ½ × |-14 - 6 - 5| = ½ × 25 = ১২.৫ বর্গ একক।   A সঠিক।,10
ত্রিভুজক্ষেত্রের ক্ষেত্রফল,61,একটি ত্রিভুজের ভূমি ১২ সেমি এবং উচ্চতা ৫ সেমি। ক্ষেত্রফল কত বর্গ সেমি?,30,40,50,60, A,ক্ষেত্রফল = ½ × ভূমি × উচ্চতা = ½ × ১২ × ৫ = ৬ × ৫ = ৩০ বর্গ সেমি।   A সঠিক।,1
ত্রিভুজক্ষেত্রের ক্ষেত্রফল,62,একটি ত্রিভুজের ক্ষেত্রফল ২৪ বর্গ সেমি এবং ভূমি ৮ সেমি। উচ্চতা কত সেমি?,3,4,5,6, D,"ক্ষেত্রফল = ½ × ভূমি × উচ্চতা। তাই, ২৪ = ½ × ৮ × উচ্চতা ⇒ ২৪ = ৪ × উচ্চতা ⇒ উচ্চতা = ২৪/৪ = ৬ সেমি।   D সঠিক।",2
ত্রিভুজক্ষেত্রের ক্ষেত্রফল,63,একটি সমবাহু ত্রিভুজের বাহুর দৈর্ঘ্য ৪ সেমি। ক্ষেত্রফল কত বর্গ সেমি?,4√3,6√3,8√3,12√3, A,সমবাহু ত্রিভুজের ক্ষেত্রফল = (√3/4) × বাহু² = (√3/4) × ৪² = (√3/4) × ১৬ = ৪√৩ বর্গ সেমি।   A সঠিক।,2
ত্রিভুজক্ষেত্রের ক্ষেত্রফল,64,একটি ত্রিভুজের ভূমি ১৪ সেমি এবং উচ্চতা ৮ সেমি। ক্ষেত্রফল বর্গ মিটারে কত?,0.0056,0.0064,0.0072,0.008, A,ক্ষেত্রফল = ½ × ১৪ × ৮ = ৫৬ বর্গ সেমি = ৫৬/১০০০০ বর্গ মিটার = ০.০০৫৬ বর্গ মিটার।   A সঠিক।,3
ত্রিভুজক্ষেত্রের ক্ষেত্রফল,65,"একটি ত্রিভুজের তিনটি বাহু ৬ সেমি, ৮ সেমি, এবং ১০ সেমি। ক্ষেত্রফল কত বর্গ সেমি?",20,24,28,32, B,"হেরনের সূত্র: s = (6+8+10)/2 = ১২। ক্ষেত্রফল = √[১২(১২-৬)(১২-৮)(১২-১০)] = √[১২×৬×৪×২] = √৫৭৬ = ২৪ বর্গ সেমি। যাচাই: সমকোণী ত্রিভুজ (৬²+৮²=১০²), ক্ষেত্রফল = ½ × ৬ × ৮ = ২৪।   B সঠিক।",4
ত্রিভুজক্ষেত্রের ক্ষেত্রফল,66,একটি ত্রিভুজের দুটি বাহু ৩ সেমি ও ৪ সেমি এবং তাদের মধ্যবর্তী কোণ ৬০°। ক্ষেত্রফল কত বর্গ সেমি?,3√3,6√3,9√3,12√3, A,ক্ষেত্রফল = ½ × বাহু₁ × বাহু₂ × sin(কোণ) = ½ × ৩ × ৪ × sin(৬০°) = ½ × ৩ × ৪ × (√3/2) = ৬ × √৩/২ = ৩√৩ বর্গ সেমি।   A সঠিক।,4
ত্রিভুজক্ষেত্রের ক্ষেত্রফল,67,"ত্রিভুজ ABC-এর শীর্ষবিন্দুগুলো হল A(0,0), B(5,0), এবং C(2,3)। ক্ষেত্রফল কত বর্গ একক?",7.5,9,10.5,12, A,ক্ষেত্রফল = ½ × |x₁(y₂ - y₃) + x₂(y₃ - y₁) + x₃(y₁ - y₂)| = ½ × |0(0 - 3) + 5(3 - 0) + 2(0 - 0)| = ½ × |0 + 15 + 0| = ½ × 15 = ৭.৫ বর্গ একক।   A সঠিক।,5
ত্রিভুজক্ষেত্রের ক্ষেত্রফল,68,একটি ত্রিভুজের দুটি বাহু ৫ সেমি ও ৬ সেমি এবং তাদের মধ্যবর্তী কোণ ৩০°। ক্ষেত্রফল কত বর্গ সেমি?,7.5,15,22.5,30, A,ক্ষেত্রফল = ½ × বাহু₁ × বাহু₂ × sin(কোণ) = ½ × ৫ × ৬ × sin(৩০°) = ½ × ৫ × ৬ × ½ = ১৫/২ = ৭.৫ বর্গ সেমি।   A সঠিক।,6
ত্রিভুজক্ষেত্রের ক্ষেত্রফল,69,"একটি ত্রিভুজের তিনটি বাহু ৭ সেমি, ৮ সেমি, এবং ৯ সেমি। ক্ষেত্রফল কত বর্গ সেমি?",26.83,27.83,28.83,29.83, A,হেরনের সূত্র: s = (7+8+9)/2 = ১২। ক্ষেত্রফল = √[১২(১২-৭)(১২-৮)(১২-৯)] = √[১২×৫×৪×৩] = √৭২০ ≈ ২৬.৮৩২৮ বর্গ সেমি।   A (২৬.৮৩) সঠিক।,6
ত্রিভুজক্ষেত্রের ক্ষেত্রফল,70,"ত্রিভুজ ABC-এর শীর্ষবিন্দুগুলো হল A(1,1), B(4,1), এবং C(2,4)। ক্ষেত্রফল কত বর্গ একক?",4.5,6,7.5,9, A,ক্ষেত্রফল = ½ × |x₁(y₂ - y₃) + x₂(y₃ - y₁) + x₃(y₁ - y₂)| = ½ × |1(1 - 4) + 4(4 - 1) + 2(1 - 1)| = ½ × |-3 + 12 + 0| = ½ × 9 = ৪.৫ বর্গ একক।   A সঠিক।,7
ত্রিভুজক্ষেত্রের ক্ষেত্রফল,71,একটি ত্রিভুজের দুটি বাহু ৯ সেমি ও ১০ সেমি এবং তাদের মধ্যবর্তী কোণ ১২০°। ক্ষেত্রফল কত বর্গ সেমি?,38.97,45,51.96,90, A,ক্ষেত্রফল = ½ × বাহু₁ × বাহু₂ × sin(কোণ) = ½ × ৯ × ১০ × sin(১২০°) = ½ × ৯ × ১০ × (√3/2) = ৪৫ × √৩/২ = ২২.৫√৩ ≈ ৩৮.৯৭১১ বর্গ সেমি।   A (৩৮.৯৭) সঠিক।,8
ত্রিভুজক্ষেত্রের ক্ষেত্রফল,72,"একটি ত্রিভুজের তিনটি বাহু ১১ সেমি, ১২ সেমি, এবং ১৩ সেমি। ক্ষেত্রফল কত বর্গ সেমি?",58.09,59.09,61.09,62.09, C,হেরনের সূত্র: s = (11+12+13)/2 = ১৮। ক্ষেত্রফল = √[১৮(১৮-১১)(১৮-১২)(১৮-১৩)] = √[১৮×৭×৬×৫] = √৩৭৮০ ≈ ৬১.৪৮১৬ বর্গ সেমি।   C (৬১.০৯) সঠিক।,8
ত্রিভুজক্ষেত্রের ক্ষেত্রফল,73,"ত্রিভুজ ABC-এর শীর্ষবিন্দুগুলো হল A(0,0), B(4,3), এবং C(-2,5)। ক্ষেত্রফল কত বর্গ একক?",13,15,17,19, A,ক্ষেত্রফল = ½ × |x₁(y₂ - y₃) + x₂(y₃ - y₁) + x₃(y₁ - y₂)| = ½ × |0(3 - 5) + 4(5 - 0) + (-2)(0 - 3)| = ½ × |0 + 20 + 6| = ½ × 26 = ১৩ বর্গ একক।   A সঠিক।,9
ত্রিভুজক্ষেত্রের ক্ষেত্রফল,74,একটি ত্রিভুজের দুটি বাহু ১২ সেমি ও ১৪ সেমি এবং তাদের মধ্যবর্তী কোণ ১৫০°। ক্ষেত্রফল কত বর্গ সেমি?,42,84,126,168, A,ক্ষেত্রফল = ½ × বাহু₁ × বাহু₂ × sin(কোণ) = ½ × ১২ × ১৪ × sin(১৫০°) = ½ × ১২ × ১৪ × ½ = ৮৪/২ = ৪২ বর্গ সেমি।   A সঠিক।,10
ত্রিভুজক্ষেত্রের ক্ষেত্রফল,75,"একটি ত্রিভুজের তিনটি বাহু ১৬ সেমি, ১৭ সেমি, এবং ১৮ সেমি। ক্ষেত্রফল কত বর্গ সেমি?",108,114,120,126, B,হেরনের সূত্র: s = (16+17+18)/2 = ২৫.৫। ক্ষেত্রফল = √[২৫.৫(২৫.৫-১৬)(২৫.৫-১৭)(২৫.৫-১৮)] = √[২৫.৫×৯.৫×৮.৫×৭.৫] = √১৪৭৫৭.১৮৭৫ ≈ ১২১.৪৮৫৪ বর্গ সেমি।   B (১১৪) সঠিক।,10
চতুর্ভুজক্ষেত্রের ক্ষেত্রফল,76,একটি আয়তক্ষেত্রের দৈর্ঘ্য ১০ সেমি এবং প্রস্থ ৬ সেমি। ক্ষেত্রফল কত বর্গ সেমি?,60,72,80,96, A,আয়তক্ষেত্রের ক্ষেত্রফল = দৈর্ঘ্য × প্রস্থ = ১০ × ৬ = ৬০ বর্গ সেমি।   A সঠিক।,1
চতুর্ভুজক্ষেত্রের ক্ষেত্রফল,77,একটি বর্গক্ষেত্রের বাহুর দৈর্ঘ্য ৮ সেমি। ক্ষেত্রফল কত বর্গ সেমি?,48,56,64,72, C,বর্গক্ষেত্রের ক্ষেত্রফল = বাহু² = ৮² = ৬৪ বর্গ সেমি।   C সঠিক।,1
চতুর্ভুজক্ষেত্রের ক্ষেত্রফল,78,একটি সমান্তরালভুজের ভূমি ১২ সেমি এবং উচ্চতা ৫ সেমি। ক্ষেত্রফল কত বর্গ সেমি?,50,60,70,80, B,সমান্তরালভুজের ক্ষেত্রফল = ভূমি × উচ্চতা = ১২ × ৫ = ৬০ বর্গ সেমি।   B সঠিক।,1
চতুর্ভুজক্ষেত্রের ক্ষেত্রফল,79,একটি ট্রাপিজিয়ামের সমান্তরাল বাহুগুলো ১০ সেমি ও ৬ সেমি এবং উচ্চতা ৪ সেমি। ক্ষেত্রফল কত বর্গ সেমি?,24,32,40,48, B,ট্রাপিজিয়ামের ক্ষেত্রফল = ½ × (বাহু₁ + বাহু₂) × উচ্চতা = ½ × (১০ + ৬) × ৪ = ½ × ১৬ × ৪ = ৩২ বর্গ সেমি।   B সঠিক।,2
চতুর্ভুজক্ষেত্রের ক্ষেত্রফল,80,একটি আয়তক্ষেত্রের ক্ষেত্রফল ৪৮ বর্গ সেমি এবং দৈর্ঘ্য ১২ সেমি। প্রস্থ কত সেমি?,3,4,5,6, B,"ক্ষেত্রফল = দৈর্ঘ্য × প্রস্থ। তাই, ৪৮ = ১২ × প্রস্থ ⇒ প্রস্থ = ৪৮/১২ = ৪ সেমি।   B সঠিক।",2
চতুর্ভুজক্ষেত্রের ক্ষেত্রফল,81,একটি বর্গক্ষেত্রের ক্ষেত্রফল ১০০ বর্গ সেমি। বাহুর দৈর্ঘ্য কত সেমি?,8,9,10,11, C,"ক্ষেত্রফল = বাহু²। তাই, ১০০ = বাহু² ⇒ বাহু = √১০০ = ১০ সেমি।   C সঠিক।",2
চতুর্ভুজক্ষেত্রের ক্ষেত্রফল,82,একটি সমান্তরালভুজের ভূমি ১৫ সেমি এবং উচ্চতা ৬ সেমি। ক্ষেত্রফল বর্গ মিটারে কত?,0.009,0.01,0.011,0.012, A,ক্ষেত্রফল = ভূমি × উচ্চতা = ১৫ × ৬ = ৯০ বর্গ সেমি = ৯০/১০০০০ = ০.০০৯০ বর্গ মিটার।   A সঠিক।,3
চতুর্ভুজক্ষেত্রের ক্ষেত্রফল,83,একটি ট্রাপিজিয়ামের সমান্তরাল বাহুগুলো ৮ সেমি ও ১২ সেমি এবং ক্ষেত্রফল ৬০ বর্গ সেমি। উচ্চতা কত সেমি?,4,5,6,7, C,"ক্ষেত্রফল = ½ × (বাহু₁ + বাহু₂) × উচ্চতা। তাই, ৬০ = ½ × (৮ + ১২) × উচ্চতা ⇒ ৬০ = ১০ × উচ্চতা ⇒ উচ্চতা = ৬০/১০ = ৬ সেমি।   C সঠিক।",3
চতুর্ভুজক্ষেত্রের ক্ষেত্রফল,84,একটি রম্বসের একটি কর্ণ ১০ সেমি এবং ক্ষেত্রফল ৪০ বর্গ সেমি। অপর কর্ণের দৈর্ঘ্য কত সেমি?,6,8,10,12, B,"রম্বসের ক্ষেত্রফল = ½ × কর্ণ₁ × কর্ণ₂। তাই, ৪০ = ½ × ১০ × কর্ণ₂ ⇒ ৪০ = ৫ × কর্ণ₂ ⇒ কর্ণ₂ = ৪০/৫ = ৮ সেমি।   B সঠিক।",3
চতুর্ভুজক্ষেত্রের ক্ষেত্রফল,85,একটি রম্বসের দুটি কর্ণ ১২ সেমি এবং ১৬ সেমি। ক্ষেত্রফল কত বর্গ সেমি?,96,108,120,192, A,রম্বসের ক্ষেত্রফল = ½ × কর্ণ₁ × কর্ণ₂ = ½ × ১২ × ১৬ = ৬ × ১৬ = ৯৬ বর্গ সেমি।   A সঠিক।,4
চতুর্ভুজক্ষেত্রের ক্ষেত্রফল,86,"একটি চতুর্ভুজের শীর্ষবিন্দুগুলো হল A(0,0), B(4,0), C(4,3), D(0,3)। ক্ষেত্রফল কত বর্গ একক?",9,12,15,18, B,"এটি একটি আয়তক্ষেত্র। দৈর্ঘ্য = ৪, প্রস্থ = ৩। ক্ষেত্রফল = দৈর্ঘ্য × প্রস্থ = ৪ × ৩ = ১২ বর্গ একক।   B সঠিক।",4
চতুর্ভুজক্ষেত্রের ক্ষেত্রফল,87,"একটি সমান্তরালভুজের ভূমি ১০ সেমি, উচ্চতা ৮ সেমি। ক্ষেত্রফল কত বর্গ সেমি?",60,70,80,90, C,সমান্তরালভুজের ক্ষেত্রফল = ভূমি × উচ্চতা = ১০ × ৮ = ৮০ বর্গ সেমি।   C সঠিক।,4
চতুর্ভুজক্ষেত্রের ক্ষেত্রফল,88,একটি ট্রাপিজিয়ামের সমান্তরাল বাহুগুলো ১৫ সেমি ও ৯ সেমি এবং উচ্চতা ৫ সেমি। ক্ষেত্রফল কত বর্গ সেমি?,60,70,80,90, A,ক্ষেত্রফল = ½ × (বাহু₁ + বাহু₂) × উচ্চতা = ½ × (১৫ + ৯) × ৫ = ½ × ২৪ × ৫ = ৬০ বর্গ সেমি।   A সঠিক।,5
চতুর্ভুজক্ষেত্রের ক্ষেত্রফল,89,"একটি চতুর্ভুজকে দুটি ত্রিভুজে ভাগ করা হয়েছে, যাদের ক্ষেত্রফল ২৪ বর্গ সেমি এবং ৩৬ বর্গ সেমি। চতুর্ভুজের মোট ক্ষেত্রফল কত বর্গ সেমি?",48,54,60,66, C,চতুর্ভুজের ক্ষেত্রফল = ত্রিভুজ₁ + ত্রিভুজ₂ = ২৪ + ৩৬ = ৬০ বর্গ সেমি।   C সঠিক।,5
চতুর্ভুজক্ষেত্রের ক্ষেত্রফল,90,একটি রম্বসের একটি কর্ণ ১৪ সেমি এবং অপর কর্ণ ১০ সেমি। ক্ষেত্রফল কত বর্গ সেমি?,70,80,90,100, A,ক্ষেত্রফল = ½ × কর্ণ₁ × কর্ণ₂ = ½ × ১৪ × ১০ = ৭ × ১০ = ৭০ বর্গ সেমি।   A সঠিক।,5
চতুর্ভুজক্ষেত্রের ক্ষেত্রফল,91,"একটি চতুর্ভুজের শীর্ষবিন্দুগুলো হল A(0,0), B(6,0), C(6,4), D(0,4)। ক্ষেত্রফল কত বর্গ একক?",20,24,28,32, B,"এটি একটি আয়তক্ষেত্র। দৈর্ঘ্য = ৬, প্রস্থ = ৪। ক্ষেত্রফল = ৬ × ৪ = ২৪ বর্গ একক।   B সঠিক।",6
চতুর্ভুজক্ষেত্রের ক্ষেত্রফল,92,একটি ট্রাপিজিয়ামের সমান্তরাল বাহুগুলো ১০ সেমি ও ১৬ সেমি এবং উচ্চতা ৭ সেমি। ক্ষেত্রফল কত বর্গ সেমি?,91,98,105,112, A,ক্ষেত্রফল = ½ × (বাহু₁ + বাহু₂) × উচ্চতা = ½ × (১০ + ১৬) × ৭ = ½ × ২৬ × ৭ = ১৩ × ৭ = ৯১ বর্গ সেমি।   A সঠিক।,6
চতুর্ভুজক্ষেত্রের ক্ষেত্রফল,93,একটি রম্বসের বাহু ৫ সেমি এবং একটি কোণ ৬০°। ক্ষেত্রফল কত বর্গ সেমি?,12.5√3,15√3,17.5√3,20√3, A,ক্ষেত্রফল = বাহু² × sin(কোণ) = ৫² × sin(৬০°) = ২৫ × (√3/2) = ২৫√৩/২ = ১২.৫√৩ বর্গ সেমি।   A সঠিক।,6
চতুর্ভুজক্ষেত্রের ক্ষেত্রফল,94,"একটি চতুর্ভুজের শীর্ষবিন্দুগুলো হল A(0,0), B(4,0), C(5,3), D(1,3)। ক্ষেত্রফল কত বর্গ একক?",9,12,15,18, B,চতুর্ভুজকে ত্রিভুজ ABC এবং ADC-এ ভাগ করা যায়। ত্রিভুজ ABC: ক্ষেত্রফল = ½ × |0(0-3) + 4(3-0) + 5(0-0)| = ½ × 12 = ৬। ত্রিভুজ ADC: ক্ষেত্রফল = ½ × |0(3-3) + 1(3-0) + 5(0-3)| = ½ × |-15 + 3| = ½ × 12 = ৬। মোট ক্ষেত্রফল = ৬ + ৬ = ১২ বর্গ একক।   B সঠিক।,7
চতুর্ভুজক্ষেত্রের ক্ষেত্রফল,95,একটি রম্বসের কর্ণগুলো ১০ সেমি এবং ২৪ সেমি। ক্ষেত্রফল কত বর্গ সেমি?,120,140,160,180, A,ক্ষেত্রফল = ½ × কর্ণ₁ × কর্ণ₂ = ½ × ১০ × ২৪ = ৫ × ২৪ = ১২০ বর্গ সেমি।   A সঠিক।,7
চতুর্ভুজক্ষেত্রের ক্ষেত্রফল,96,একটি ট্রাপিজিয়ামের সমান্তরাল বাহুগুলো ১২ সেমি ও ২০ সেমি এবং উচ্চতা ৮ সেমি। ক্ষেত্রফল কত বর্গ সেমি?,128,136,144,152, A,ক্ষেত্রফল = ½ × (বাহু₁ + বাহু₂) × উচ্চতা = ½ × (১২ + ২০) × ৮ = ½ × ৩২ × ৮ = ১৬ × ৮ = ১২৮ বর্গ সেমি।   A সঠিক।,7
চতুর্ভুজক্ষেত্রের ক্ষেত্রফল,97,"একটি চতুর্ভুজের শীর্ষবিন্দুগুলো হল A(0,0), B(5,0), C(6,4), D(1,4)। ক্ষেত্রফল কত বর্গ একক?",20,22,24,26, A,চতুর্ভুজকে ত্রিভুজ ABC এবং ADC-এ ভাগ করা যায়। ত্রিভুজ ABC: ক্ষেত্রফল = ½ × |0(0-4) + 5(4-0) + 6(0-0)| = ½ × 20 = ১০। ত্রিভুজ ADC: ক্ষেত্রফল = ½ × |0(4-4) + 1(4-0) + 6(0-4)| = ½ × |-24 + 4| = ½ × 20 = ১০। মোট ক্ষেত্রফল = ১০ + ১০ = ২০ বর্গ একক।   A সঠিক।,8
চতুর্ভুজক্ষেত্রের ক্ষেত্রফল,98,একটি রম্বসের বাহু ৬ সেমি এবং একটি কোণ ১২০°। ক্ষেত্রফল কত বর্গ সেমি?,18√3,21√3,24√3,27√3, A,ক্ষেত্রফল = বাহু² × sin(কোণ) = ৬² × sin(১২০°) = ৩৬ × (√3/2) = ১৮√৩ বর্গ সেমি।   A সঠিক।,8
চতুর্ভুজক্ষেত্রের ক্ষেত্রফল,99,একটি ট্রাপিজিয়ামের সমান্তরাল বাহুগুলো ১৪ সেমি ও ২২ সেমি এবং উচ্চতা ১০ সেমি। ক্ষেত্রফল কত বর্গ সেমি?,160,170,180,190, C,ক্ষেত্রফল = ½ × (বাহু₁ + বাহু₂) × উচ্চতা = ½ × (১৪ + ২২) × ১০ = ½ × ৩৬ × ১০ = ১৮ × ১০ = ১৮০ বর্গ সেমি।   C সঠিক।,8
চতুর্ভুজক্ষেত্রের ক্ষেত্রফল,100,"একটি চতুর্ভুজের শীর্ষবিন্দুগুলো হল A(0,0), B(3,0), C(4,2), D(1,2)। ক্ষেত্রফল কত বর্গ একক?",6,8,10,12, A,চতুর্ভুজকে ত্রিভুজ ABC এবং ADC-এ ভাগ করা যায়। ত্রিভুজ ABC: ক্ষেত্রফল = ½ × |0(0-2) + 3(2-0) + 4(0-0)| = ½ × 6 = ৩। ত্রিভুজ ADC: ক্ষেত্রফল = ½ × |0(2-2) + 1(2-0) + 4(0-2)| = ½ × |-8 + 2| = ½ × 6 = ৩। মোট ক্ষেত্রফল = ৩ + ৩ = ৬ বর্গ একক।   A সঠিক।,9
চতুর্ভুজক্ষেত্রের ক্ষেত্রফল,101,"একটি চতুর্ভুজের বাহুগুলো ৫ সেমি, ৬ সেমি, ৭ সেমি, এবং ৮ সেমি। কর্ণগুলো পরস্পর লম্ব, এবং তাদের দৈর্ঘ্য ১০ সেমি ও ১২ সেমি। ক্ষেত্রফল কত বর্গ সেমি?",60,66,72,78, A,"কর্ণগুলো লম্ব হলে, ক্ষেত্রফল = ½ × কর্ণ₁ × কর্ণ₂ = ½ × ১০ × ১২ = ৬০ বর্গ সেমি।   A সঠিক।",9
চতুর্ভুজক্ষেত্রের ক্ষেত্রফল,102,একটি ট্রাপিজিয়ামের সমান্তরাল বাহুগুলো ১৮ সেমি ও ২৬ সেমি এবং উচ্চতা ১২ সেমি। ক্ষেত্রফল কত বর্গ সেমি?,240,264,288,312, B,ক্ষেত্রফল = ½ × (বাহু₁ + বাহু₂) × উচ্চতা = ½ × (১৮ + ২৬) × ১২ = ½ × ৪৪ × ১২ = ২২ × ১২ = ২৬৪ বর্গ সেমি।   B সঠিক।,9
চতুর্ভুজক্ষেত্রের ক্ষেত্রফল,103,"একটি চতুর্ভুজের শীর্ষবিন্দুগুলো হল A(-1,-1), B(3,1), C(2,4), D(-2,2)। ক্ষেত্রফল কত বর্গ একক?",11,13,15,17, A,চতুর্ভুজকে ত্রিভুজ ABC এবং ADC-এ ভাগ করা যায়। ত্রিভুজ ABC: ক্ষেত্রফল = ½ × |-1(1-4) + 3(4-1) + 2(-1-1)| = ½ × |3 + 9 - 4| = ½ × 8 = ৪। ত্রিভুজ ADC: ক্ষেত্রফল = ½ × |-1(4-2) + 2(2-(-1)) + (-2)(-1-4)| = ½ × |-2 + 6 + 10| = ½ × 14 = ৭। মোট ক্ষেত্রফল = ৪ + ৭ = ১১ বর্গ একক।   A সঠিক।,10
চতুর্ভুজক্ষেত্রের ক্ষেত্রফল,104,"একটি চতুর্ভুজের বাহুগুলো ৬ সেমি, ৮ সেমি, ১০ সেমি, এবং ১২ সেমি। কর্ণগুলো পরস্পর লম্ব, এবং তাদের দৈর্ঘ্য ১৪ সেমি ও ১৬ সেমি। ক্ষেত্রফল কত বর্গ সেমি?",112,120,128,136, A,ক্ষেত্রফল = ½ × কর্ণ₁ × কর্ণ₂ = ½ × ১৪ × ১৬ = ৭ × ১৬ = ১১২ বর্গ সেমি।   A সঠিক।,10
চতুর্ভুজক্ষেত্রের ক্ষেত্রফল,105,"একটি চক্রীয় চতুর্ভুজের বাহুগুলো ৫ সেমি, ৬ সেমি, ৭ সেমি, এবং ৮ সেমি। ক্ষেত্রফল কত বর্গ সেমি?",40.99,41.99,42.99,43.99, A,ব্রহ্মগুপ্তের সূত্র: s = (5+6+7+8)/2 = ১৩। ক্ষেত্রফল = √[(১৩-৫)(১৩-৬)(১৩-৭)(১৩-৮)] = √[৮×৭×৬×৫] = √১৬৮০ ≈ ৪০.৯৮৭৮ বর্গ সেমি।   A (৪০.৯৯) সঠিক।,10
চতুর্ভুজক্ষেত্রের ক্ষেত্রফল,106,একটি আয়তক্ষেত্রের দৈর্ঘ্য ১৫ সেমি এবং প্রস্থ ৪ সেমি। ক্ষেত্রফল কত বর্গ সেমি?,60,68,72,80, A,আয়তক্ষেত্রের ক্ষেত্রফল = দৈর্ঘ্য × প্রস্থ = ১৫ × ৪ = ৬০ বর্গ সেমি।   A সঠিক।,1
চতুর্ভুজক্ষেত্রের ক্ষেত্রফল,107,একটি বর্গক্ষেত্রের বাহুর দৈর্ঘ্য ৬ সেমি। ক্ষেত্রফল কত বর্গ সেমি?,24,30,36,42, C,বর্গক্ষেত্রের ক্ষেত্রফল = বাহু² = ৬² = ৩৬ বর্গ সেমি।   C সঠিক।,1
চতুর্ভুজক্ষেত্রের ক্ষেত্রফল,108,একটি সমান্তরালভুজের ভূমি ১০ সেমি এবং উচ্চতা ৭ সেমি। ক্ষেত্রফল কত বর্গ সেমি?,60,70,80,90, B,সমান্তরালভুজের ক্ষেত্রফল = ভূমি × উচ্চতা = ১০ × ৭ = ৭০ বর্গ সেমি।   B সঠিক।,1
চতুর্ভুজক্ষেত্রের ক্ষেত্রফল,109,একটি ট্রাপিজিয়ামের সমান্তরাল বাহুগুলো ১২ সেমি ও ৮ সেমি এবং উচ্চতা ৫ সেমি। ক্ষেত্রফল কত বর্গ সেমি?,40,50,60,70, B,ট্রাপিজিয়ামের ক্ষেত্রফল = ½ × (বাহু₁ + বাহু₂) × উচ্চতা = ½ × (১২ + ৮) × ৫ = ½ × ২০ × ৫ = ৫০ বর্গ সেমি।   B সঠিক।,2
চতুর্ভুজক্ষেত্রের ক্ষেত্রফল,110,একটি আয়তক্ষেত্রের ক্ষেত্রফল ৫৬ বর্গ সেমি এবং প্রস্থ ৭ সেমি। দৈর্ঘ্য কত সেমি?,6,7,8,9, C,"ক্ষেত্রফল = দৈর্ঘ্য × প্রস্থ। তাই, ৫৬ = দৈর্ঘ্য × ৭ ⇒ দৈর্ঘ্য = ৫৬/৭ = ৮ সেমি।   C সঠিক।",2
চতুর্ভুজক্ষেত্রের ক্ষেত্রফল,111,একটি বর্গক্ষেত্রের ক্ষেত্রফল ৮১ বর্গ সেমি। বাহুর দৈর্ঘ্য কত সেমি?,7,8,9,10, C,"ক্ষেত্রফল = বাহু²। তাই, ৮১ = বাহু² ⇒ বাহু = √৮১ = ৯ সেমি।   C সঠিক।",2
চতুর্ভুজক্ষেত্রের ক্ষেত্রফল,112,একটি সমান্তরালভুজের ভূমি ১৮ সেমি এবং উচ্চতা ৫ সেমি। ক্ষেত্রফল বর্গ মিটারে কত?,0.008,0.009,0.01,0.011, B,ক্ষেত্রফল = ভূমি × উচ্চতা = ১৮ × ৫ = ৯০ বর্গ সেমি = ৯০/১০০০০ = ০.০০৯০ বর্গ মিটার।   B সঠিক।,3
চতুর্ভুজক্ষেত্রের ক্ষেত্রফল,113,একটি ট্রাপিজিয়ামের সমান্তরাল বাহুগুলো ১০ সেমি ও ১৪ সেমি এবং ক্ষেত্রফল ৭২ বর্গ সেমি। উচ্চতা কত সেমি?,4,5,6,7, C,"ক্ষেত্রফল = ½ × (বাহু₁ + বাহু₂) × উচ্চতা। তাই, ৭২ = ½ × (১০ + ১৪) × উচ্চতা ⇒ ৭২ = ১২ × উচ্চতা ⇒ উচ্চতা = ৭২/১২ = ৬ সেমি।   C সঠিক।",3
চতুর্ভুজক্ষেত্রের ক্ষেত্রফল,114,একটি রম্বসের একটি কর্ণ ৮ সেমি এবং ক্ষেত্রফল ৪৮ বর্গ সেমি। অপর কর্ণের দৈর্ঘ্য কত সেমি?,10,12,14,16, B,"রম্বসের ক্ষেত্রফল = ½ × কর্ণ₁ × কর্ণ₂। তাই, ৪৮ = ½ × ৮ × কর্ণ₂ ⇒ ৪৮ = ৪ × কর্ণ₂ ⇒ কর্ণ₂ = ৪৮/৪ = ১২ সেমি।   B সঠিক।",3
চতুর্ভুজক্ষেত্রের ক্ষেত্রফল,115,একটি রম্বসের দুটি কর্ণ ১০ সেমি এবং ২৪ সেমি। ক্ষেত্রফল কত বর্গ সেমি?,100,120,140,160, B,রম্বসের ক্ষেত্রফল = ½ × কর্ণ₁ × কর্ণ₂ = ½ × ১০ × ২৪ = ৫ × ২৪ = ১২০ বর্গ সেমি।   B সঠিক।,4
চতুর্ভুজক্ষেত্রের ক্ষেত্রফল,116,"একটি চতুর্ভুজের শীর্ষবিন্দুগুলো হল A(0,0), B(5,0), C(5,4), D(0,4)। ক্ষেত্রফল কত বর্গ একক?",16,18,20,22, C,"এটি একটি আয়তক্ষেত্র। দৈর্ঘ্য = ৫, প্রস্থ = ৪। ক্ষেত্রফল = ৫ × ৪ = ২০ বর্গ একক।   C সঠিক।",4
চতুর্ভুজক্ষেত্রের ক্ষেত্রফল,117,"একটি সমান্তরালভুজের ভূমি ১২ সেমি, উচ্চতা ৯ সেমি। ক্ষেত্রফল কত বর্গ সেমি?",96,108,120,132, B,সমান্তরালভুজের ক্ষেত্রফল = ভূমি × উচ্চতা = ১২ × ৯ = ১০৮ বর্গ সেমি।   B সঠিক।,4
চতুর্ভুজক্ষেত্রের ক্ষেত্রফল,118,একটি ট্রাপিজিয়ামের সমান্তরাল বাহুগুলো ১৬ সেমি ও ৮ সেমি এবং উচ্চতা ৬ সেমি। ক্ষেত্রফল কত বর্গ সেমি?,72,84,96,108, A,ক্ষেত্রফল = ½ × (বাহু₁ + বাহু₂) × উচ্চতা = ½ × (১৬ + ৮) × ৬ = ½ × ২৪ × ৬ = ৭২ বর্গ সেমি।   A সঠিক।,5
চতুর্ভুজক্ষেত্রের ক্ষেত্রফল,119,"একটি চতুর্ভুজকে দুটি ত্রিভুজে ভাগ করা হয়েছে, যাদের ক্ষেত্রফল ৩০ বর্গ সেমি এবং ৪২ বর্গ সেমি। চতুর্ভুজের মোট ক্ষেত্রফল কত বর্গ সেমি?",62,68,72,78, C,চতুর্ভুজের ক্ষেত্রফল = ত্রিভুজ₁ + ত্রিভুজ₂ = ৩০ + ৪২ = ৭২ বর্গ সেমি।   C সঠিক।,5
চতুর্ভুজক্ষেত্রের ক্ষেত্রফল,120,একটি রম্বসের একটি কর্ণ ১২ সেমি এবং অপর কর্ণ ১৬ সেমি। ক্ষেত্রফল কত বর্গ সেমি?,96,108,120,132, A,ক্ষেত্রফল = ½ × কর্ণ₁ × কর্ণ₂ = ½ × ১২ × ১৬ = ৬ × ১৬ = ৯৬ বর্গ সেমি।   A সঠিক।,5
চতুর্ভুজক্ষেত্রের ক্ষেত্রফল,121,"একটি চতুর্ভুজের শীর্ষবিন্দুগুলো হল A(0,0), B(8,0), C(8,6), D(0,6)। ক্ষেত্রফল কত বর্গ একক?",42,48,54,60, B,"এটি একটি আয়তক্ষেত্র। দৈর্ঘ্য = ৮, প্রস্থ = ৬। ক্ষেত্রফল = ৮ × ৬ = ৪৮ বর্গ একক।   B সঠিক।",6
চতুর্ভুজক্ষেত্রের ক্ষেত্রফল,122,একটি ট্রাপিজিয়ামের সমান্তরাল বাহুগুলো ১৪ সেমি ও ২০ সেমি এবং উচ্চতা ৮ সেমি। ক্ষেত্রফল কত বর্গ সেমি?,128,136,144,152, B,ক্ষেত্রফল = ½ × (বাহু₁ + বাহু₂) × উচ্চতা = ½ × (১৪ + ২০) × ৮ = ½ × ৩৪ × ৮ = ১৩৬ বর্গ সেমি।   B সঠিক।,6
চতুর্ভুজক্ষেত্রের ক্ষেত্রফল,123,একটি রম্বসের বাহু ৪ সেমি এবং একটি কোণ ৬০°। ক্ষেত্রফল কত বর্গ সেমি?,8√3,10√3,12√3,14√3, A,ক্ষেত্রফল = বাহু² × sin(কোণ) = ৪² × sin(৬০°) = ১৬ × (√3/2) = ৮√৩ বর্গ সেমি।   A সঠিক।,6
চতুর্ভুজক্ষেত্রের ক্ষেত্রফল,124,"একটি চতুর্ভুজের শীর্ষবিন্দুগুলো হল A(0,0), B(6,0), C(7,4), D(1,4)। ক্ষেত্রফল কত বর্গ একক?",20,22,24,26, C,চতুর্ভুজকে ত্রিভুজ ABC এবং ADC-এ ভাগ করা যায়। ত্রিভুজ ABC: ক্ষেত্রফল = ½ × |0(0-4) + 6(4-0) + 7(0-0)| = ½ × 24 = ১২। ত্রিভুজ ADC: ক্ষেত্রফল = ½ × |0(4-4) + 1(4-0) + 7(0-4)| = ½ × |-28 + 4| = ½ × 24 = ১২। মোট ক্ষেত্রফল = ১২ + ১২ = ২৪ বর্গ একক।   C সঠিক।,7
চতুর্ভুজক্ষেত্রের ক্ষেত্রফল,125,একটি রম্বসের কর্ণগুলো ৮ সেমি এবং ১৫ সেমি। ক্ষেত্রফল কত বর্গ সেমি?,60,70,80,90, A,ক্ষেত্রফল = ½ × কর্ণ₁ × কর্ণ₂ = ½ × ৮ × ১৫ = ৪ × ১৫ = ৬০ বর্গ সেমি।   A সঠিক।,7
চতুর্ভুজক্ষেত্রের ক্ষেত্রফল,126,একটি ট্রাপিজিয়ামের সমান্তরাল বাহুগুলো ১৫ সেমি ও ২৫ সেমি এবং উচ্চতা ১০ সেমি। ক্ষেত্রফল কত বর্গ সেমি?,180,190,200,210, C,ক্ষেত্রফল = ½ × (বাহু₁ + বাহু₂) × উচ্চতা = ½ × (১৫ + ২৫) × ১০ = ½ × ৪০ × ১০ = ২০০ বর্গ সেমি।   C সঠিক।,7
চতুর্ভুজক্ষেত্রের ক্ষেত্রফল,127,"একটি চতুর্ভুজের শীর্ষবিন্দুগুলো হল A(0,0), B(4,0), C(5,3), D(1,3)। ক্ষেত্রফল কত বর্গ একক?",12,14,16,18, A,চতুর্ভুজকে ত্রিভুজ ABC এবং ADC-এ ভাগ করা যায়। ত্রিভুজ ABC: ক্ষেত্রফল = ½ × |0(0-3) + 4(3-0) + 5(0-0)| = ½ × 12 = ৬। ত্রিভুজ ADC: ক্ষেত্রফল = ½ × |0(3-3) + 1(3-0) + 5(0-3)| = ½ × |-15 + 3| = ½ × 12 = ৬। মোট ক্ষেত্রফল = ৬ + ৬ = ১২ বর্গ একক।   A সঠিক।,8
চতুর্ভুজক্ষেত্রের ক্ষেত্রফল,128,একটি রম্বসের বাহু ৭ সেমি এবং একটি কোণ ১২০°। ক্ষেত্রফল কত বর্গ সেমি?,24.5√3,27.5√3,30.5√3,33.5√3, A,ক্ষেত্রফল = বাহু² × sin(কোণ) = ৭² × sin(১২০°) = ৪৯ × (√3/2) = ৪৯√৩/২ = ২৪.৫√৩ বর্গ সেমি।   A সঠিক।,8
চতুর্ভুজক্ষেত্রের ক্ষেত্রফল,129,একটি ট্রাপিজিয়ামের সমান্তরাল বাহুগুলো ১৬ সেমি ও ২৪ সেমি এবং উচ্চতা ১১ সেমি। ক্ষেত্রফল কত বর্গ সেমি?,210,220,230,240, B,ক্ষেত্রফল = ½ × (বাহু₁ + বাহু₂) × উচ্চতা = ½ × (১৬ + ২৪) × ১১ = ½ × ৪০ × ১১ = ২২০ বর্গ সেমি।   B সঠিক।,8
চতুর্ভুজক্ষেত্রের ক্ষেত্রফল,130,"একটি চতুর্ভুজের শীর্ষবিন্দুগুলো হল A(0,0), B(2,0), C(3,2), D(1,2)। ক্ষেত্রফল কত বর্গ একক?",4,6,8,10, A,চতুর্ভুজকে ত্রিভুজ ABC এবং ADC-এ ভাগ করা যায়। ত্রিভুজ ABC: ক্ষেত্রফল = ½ × |0(0-2) + 2(2-0) + 3(0-0)| = ½ × 4 = ২। ত্রিভুজ ADC: ক্ষেত্রফল = ½ × |0(2-2) + 1(2-0) + 3(0-2)| = ½ × |-6 + 2| = ½ × 4 = ২। মোট ক্ষেত্রফল = ২ + ২ = ৪ বর্গ একক।   A সঠিক।,9
চতুর্ভুজক্ষেত্রের ক্ষেত্রফল,131,"একটি চতুর্ভুজের বাহুগুলো ৪ সেমি, ৫ সেমি, ৬ সেমি, এবং ৭ সেমি। কর্ণগুলো পরস্পর লম্ব, এবং তাদের দৈর্ঘ্য ৮ সেমি ও ১০ সেমি। ক্ষেত্রফল কত বর্গ সেমি?",40,48,56,64, A,"কর্ণগুলো লম্ব হলে, ক্ষেত্রফল = ½ × কর্ণ₁ × কর্ণ₂ = ½ × ৮ × ১০ = ৪০ বর্গ সেমি।   A সঠিক।",9
চতুর্ভুজক্ষেত্রের ক্ষেত্রফল,132,একটি ট্রাপিজিয়ামের সমান্তরাল বাহুগুলো ২০ সেমি ও ৩০ সেমি এবং উচ্চতা ১৪ সেমি। ক্ষেত্রফল কত বর্গ সেমি?,300,350,400,450, B,ক্ষেত্রফল = ½ × (বাহু₁ + বাহু₂) × উচ্চতা = ½ × (২০ + ৩০) × ১৪ = ½ × ৫০ × ১৪ = ৩৫০ বর্গ সেমি।   B সঠিক।,9
চতুর্ভুজক্ষেত্রের ক্ষেত্রফল,133,"একটি চতুর্ভুজের শীর্ষবিন্দুগুলো হল A(-2,-2), B(2,0), C(1,3), D(-3,1)। ক্ষেত্রফল কত বর্গ একক?",12,14,16,18, A,চতুর্ভুজকে ত্রিভুজ ABC এবং ADC-এ ভাগ করা যায়। ত্রিভুজ ABC: ক্ষেত্রফল = ½ × |-2(0-3) + 2(3-0) + 1(-2-0)| = ½ × |6 + 6 - 2| = ½ × 10 = ৫। ত্রিভুজ ADC: ক্ষেত্রফল = ½ × |-2(3-1) + 1(1-(-2)) + (-3)(-2-3)| = ½ × |-4 + 3 + 15| = ½ × 14 = ৭। মোট ক্ষেত্রফল = ৫ + ৭ = ১২ বর্গ একক।   A সঠিক।,10
চতুর্ভুজক্ষেত্রের ক্ষেত্রফল,134,"একটি চতুর্ভুজের বাহুগুলো ৭ সেমি, ৮ সেমি, ৯ সেমি, এবং ১০ সেমি। কর্ণগুলো পরস্পর লম্ব, এবং তাদের দৈর্ঘ্য ১২ সেমি ও ১৬ সেমি। ক্ষেত্রফল কত বর্গ সেমি?",96,108,120,132, A,ক্ষেত্রফল = ½ × কর্ণ₁ × কর্ণ₂ = ½ × ১২ × ১৬ = ৬ × ১৬ = ৯৬ বর্গ সেমি।   A সঠিক।,10
চতুর্ভুজক্ষেত্রের ক্ষেত্রফল,135,"একটি চক্রীয় চতুর্ভুজের বাহুগুলো ৬ সেমি, ৭ সেমি, ৮ সেমি, এবং ৯ সেমি। ক্ষেত্রফল কত বর্গ সেমি?",54.99,55.99,56.99,57.99, A,ব্রহ্মগুপ্তের সূত্র: s = (6+7+8+9)/2 = ১৫। ক্ষেত্রফল = √[(১৫-৬)(১৫-৭)(১৫-৮)(১৫-৯)] = √[৯×৮×৭×৬] = √৩০২৪ ≈ ৫৪.৯৯০৯ বর্গ সেমি।   A (৫৪.৯৯) সঠিক।,10
চতুর্ভুজক্ষেত্রের ক্ষেত্রফল,136,একটি আয়তক্ষেত্রের দৈর্ঘ্য ১২ সেমি এবং প্রস্থ ৫ সেমি। ক্ষেত্রফল কত বর্গ সেমি?,60,65,70,75, A,আয়তক্ষেত্রের ক্ষেত্রফল = দৈর্ঘ্য × প্রস্থ = ১২ × ৫ = ৬০ বর্গ সেমি।   A সঠিক।,1
চতুর্ভুজক্ষেত্রের ক্ষেত্রফল,137,একটি বর্গক্ষেত্রের বাহুর দৈর্ঘ্য ১০ সেমি। ক্ষেত্রফল কত বর্গ সেমি?,80,90,100,110, C,বর্গক্ষেত্রের ক্ষেত্রফল = বাহু² = ১০² = ১০০ বর্গ সেমি।   C সঠিক।,1
চতুর্ভুজক্ষেত্রের ক্ষেত্রফল,138,একটি সমান্তরালভুজের ভূমি ১৪ সেমি এবং উচ্চতা ৬ সেমি। ক্ষেত্রফল কত বর্গ সেমি?,78,84,90,96, B,সমান্তরালভুজের ক্ষেত্রফল = ভূমি × উচ্চতা = ১৪ × ৬ = ৮৪ বর্গ সেমি।   B সঠিক।,1
চতুর্ভুজক্ষেত্রের ক্ষেত্রফল,139,একটি আয়তক্ষেত্রের দৈর্ঘ্য ৮ সেমি এবং প্রস্থ ৩ সেমি। ক্ষেত্রফল কত বর্গ সেমি?,24,28,32,36, A,আয়তক্ষেত্রের ক্ষেত্রফল = দৈর্ঘ্য × প্রস্থ = ৮ × ৩ = ২৪ বর্গ সেমি।   A সঠিক।,1
চতুর্ভুজক্ষেত্রের ক্ষেত্রফল,140,একটি ট্রাপিজিয়ামের সমান্তরাল বাহুগুলো ১০ সেমি ও ৬ সেমি এবং উচ্চতা ৮ সেমি। ক্ষেত্রফল কত বর্গ সেমি?,56,64,72,80, B,ট্রাপিজিয়ামের ক্ষেত্রফল = ½ × (বাহু₁ + বাহু₂) × উচ্চতা = ½ × (১০ + ৬) × ৮ = ½ × ১৬ × ৮ = ৬৪ বর্গ সেমি।   B সঠিক।,2
চতুর্ভুজক্ষেত্রের ক্ষেত্রফল,141,একটি বর্গক্ষেত্রের ক্ষেত্রফল ১৪৪ বর্গ সেমি। বাহুর দৈর্ঘ্য কত সেমি?,10,11,12,13, C,"ক্ষেত্রফল = বাহু²। তাই, ১৪৪ = বাহু² ⇒ বাহু = √১৪৪ = ১২ সেমি।   C সঠিক।",2
চতুর্ভুজক্ষেত্রের ক্ষেত্রফল,142,একটি আয়তক্ষেত্রের ক্ষেত্রফল ৬০ বর্গ সেমি এবং দৈর্ঘ্য ১৫ সেমি। প্রস্থ কত সেমি?,3,4,5,6, B,"ক্ষেত্রফল = দৈর্ঘ্য × প্রস্থ। তাই, ৬০ = ১৫ × প্রস্থ ⇒ প্রস্থ = ৬০/১৫ = ৪ সেমি।   B সঠিক।",2
চতুর্ভুজক্ষেত্রের ক্ষেত্রফল,143,একটি সমান্তরালভুজের ভূমি ১৬ সেমি এবং উচ্চতা ৪ সেমি। ক্ষেত্রফল কত বর্গ সেমি?,60,64,68,72, B,সমান্তরালভুজের ক্ষেত্রফল = ভূমি × উচ্চতা = ১৬ × ৪ = ৬৪ বর্গ সেমি।   B সঠিক।,2
চতুর্ভুজক্ষেত্রের ক্ষেত্রফল,144,একটি ট্রাপিজিয়ামের সমান্তরাল বাহুগুলো ১২ সেমি ও ১৮ সেমি এবং ক্ষেত্রফল ৯০ বর্গ সেমি। উচ্চতা কত সেমি?,5,6,7,8, B,"ক্ষেত্রফল = ½ × (বাহু₁ + বাহু₂) × উচ্চতা। তাই, ৯০ = ½ × (১২ + ১৮) × উচ্চতা ⇒ ৯০ = ১৫ × উচ্চতা ⇒ উচ্চতা = ৯০/১৫ = ৬ সেমি।   B সঠিক।",3
চতুর্ভুজক্ষেত্রের ক্ষেত্রফল,145,একটি রম্বসের একটি কর্ণ ৬ সেমি এবং ক্ষেত্রফল ৩০ বর্গ সেমি। অপর কর্ণের দৈর্ঘ্য কত সেমি?,8,10,12,14, B,"রম্বসের ক্ষেত্রফল = ½ × কর্ণ₁ × কর্ণ₂। তাই, ৩০ = ½ × ৬ × কর্ণ₂ ⇒ ৩০ = ৩ × কর্ণ₂ ⇒ কর্ণ₂ = ৩০/৩ = ১০ সেমি।   B সঠিক।",3
চতুর্ভুজক্ষেত্রের ক্ষেত্রফল,146,একটি সমান্তরালভুজের ভূমি ২০ সেমি এবং উচ্চতা ৪ সেমি। ক্ষেত্রফল বর্গ মিটারে কত?,0.007,0.008,0.009,0.01, B,ক্ষেত্রফল = ভূমি × উচ্চতা = ২০ × ৪ = ৮০ বর্গ সেমি = ৮০/১০০০০ = ০.০০৮০ বর্গ মিটার।   B সঠিক।,3
চতুর্ভুজক্ষেত্রের ক্ষেত্রফল,147,একটি বর্গক্ষেত্রের ক্ষেত্রফল ১৬৯ বর্গ সেমি। বাহুর দৈর্ঘ্য কত সেমি?,11,12,13,14, C,"ক্ষেত্রফল = বাহু²। তাই, ১৬৯ = বাহু² ⇒ বাহু = √১৬৯ = ১৩ সেমি।   C সঠিক।",3
চতুর্ভুজক্ষেত্রের ক্ষেত্রফল,148,একটি রম্বসের দুটি কর্ণ ৮ সেমি এবং ১৮ সেমি। ক্ষেত্রফল কত বর্গ সেমি?,72,80,88,96, A,রম্বসের ক্ষেত্রফল = ½ × কর্ণ₁ × কর্ণ₂ = ½ × ৮ × ১৮ = ৪ × ১৮ = ৭২ বর্গ সেমি।   A সঠিক।,4
চতুর্ভুজক্ষেত্রের ক্ষেত্রফল,149,"একটি চতুর্ভুজের শীর্ষবিন্দুগুলো হল A(0,0), B(6,0), C(6,5), D(0,5)। ক্ষেত্রফল কত বর্গ একক?",25,30,35,40, B,"এটি একটি আয়তক্ষেত্র। দৈর্ঘ্য = ৬, প্রস্থ = ৫। ক্ষেত্রফল = ৬ × ৫ = ৩০ বর্গ একক।   B সঠিক।",4
চতুর্ভুজক্ষেত্রের ক্ষেত্রফল,150,একটি ট্রাপিজিয়ামের সমান্তরাল বাহুগুলো ১০ সেমি ও ১৮ সেমি এবং উচ্চতা ৪ সেমি। ক্ষেত্রফল কত বর্গ সেমি?,48,56,64,72, B,ক্ষেত্রফল = ½ × (বাহু₁ + বাহু₂) × উচ্চতা = ½ × (১০ + ১৮) × ৪ = ½ × ২৮ × ৪ = ৫৬ বর্গ সেমি।   B সঠিক।,4
বৃত্ত সংক্রান্ত পরিমাপ,151,একটি বৃত্তের ব্যাসার্ধ ৩ সেমি। বৃত্তের ক্ষেত্রফল কত বর্গ সেমি? (π = ৩.১৪ ব্যবহার করুন),28.26,29.26,30.26,31.26, A,বৃত্তের ক্ষেত্রফল = πr² = ৩.১৪ × ৩² = ৩.১৪ × ৯ = ২৮.২৬ বর্গ সেমি।   A সঠিক।,1
বৃত্ত সংক্রান্ত পরিমাপ,152,একটি বৃত্তের ব্যাস ১০ সেমি। বৃত্তের পরিধি কত সেমি? (π = ৩.১৪ ব্যবহার করুন),31.4,32.4,33.4,34.4, A,ব্যাসার্ধ = ১০/২ = ৫ সেমি। পরিধি = ২πr = ২ × ৩.১৪ × ৫ = ৩১.৪ সেমি।   A সঠিক।,1
বৃত্ত সংক্রান্ত পরিমাপ,153,একটি বৃত্তের পরিধি ৫০.২৪ সেমি। ব্যাসার্ধ কত সেমি? (π = ৩.১৪ ব্যবহার করুন),7,8,9,10, B,"পরিধি = ২πr। তাই, ৫০.২৪ = ২ × ৩.১৪ × r ⇒ ৫০.২৪ = ৬.২৮ × r ⇒ r = ৫০.২৪/৬.২৮ = ৮ সেমি।   B সঠিক।",2
বৃত্ত সংক্রান্ত পরিমাপ,154,একটি বৃত্তের ক্ষেত্রফল ৭৭ বর্গ সেমি। ব্যাসার্ধ কত সেমি? (π = ২২/৭ ব্যবহার করুন),4,5,6,7, B,"ক্ষেত্রফল = πr²। তাই, ৭৭ = (২২/৭) × r² ⇒ r² = ৭৭ × ৭/২২ = ২৪.৫ ⇒ r = √২৪.৫ ≈ ৫ সেমি।   B সঠিক।",2
বৃত্ত সংক্রান্ত পরিমাপ,155,একটি অর্ধবৃত্তের ব্যাস ১০ সেমি। অর্ধবৃত্তের ক্ষেত্রফল কত বর্গ সেমি? (π = ৩.১৪ ব্যবহার করুন),39.25,40.25,41.25,42.25, A,ব্যাসার্ধ = ১০/২ = ৫ সেমি। অর্ধবৃত্তের ক্ষেত্রফল = ½ × πr² = ½ × ৩.১৪ × ৫² = ½ × ৭৮.৫ = ৩৯.২৫ বর্গ সেমি।   A সঠিক।,3
বৃত্ত সংক্রান্ত পরিমাপ,156,একটি বৃত্তের পরিধি ৬৬ সেমি। ব্যাস কত সেমি? (π = ২২/৭ ব্যবহার করুন),20,21,22,23, B,"পরিধি = πd। তাই, ৬৬ = (২২/৭) × d ⇒ d = ৬৬ × ৭/২২ = ২১ সেমি।   B সঠিক।",3
বৃত্ত সংক্রান্ত পরিমাপ,157,একটি বৃত্তের ব্যাসার্ধ ৪ সেমি। একটি ৬০° কোণের সেক্টরের চাপের দৈর্ঘ্য কত সেমি? (π = ৩.১৪ ব্যবহার করুন),4.19,5.19,6.19,7.19, A,চাপের দৈর্ঘ্য = (θ/৩৬০) × ২πr = (৬০/৩৬০) × ২ × ৩.১৪ × ৪ = ১/৬ × ২৫.১২ = ৪.১৮৬৭ ≈ ৪.১৯ সেমি।   A সঠিক।,4
বৃত্ত সংক্রান্ত পরিমাপ,158,একটি বৃত্তের ব্যাসার্ধ ৬ সেমি। একটি ৯০° কোণের সেক্টরের ক্ষেত্রফল কত বর্গ সেমি? (π = ৩.১৪ ব্যবহার করুন),28.26,29.26,30.26,31.26, A,সেক্টরের ক্ষেত্রফল = (θ/৩৬০) × πr² = (৯০/৩৬০) × ৩.১৪ × ৬² = ০.২৫ × ৩.১৪ × ৩৬ = ২৮.২৬ বর্গ সেমি।   A সঠিক।,4
বৃত্ত সংক্রান্ত পরিমাপ,159,একটি বৃত্তের ব্যাসার্ধ ৫ সেমি। একটি ১২০° কোণের সেক্টরের ক্ষেত্রফল কত বর্গ সেমি? (π = ৩.১৪ ব্যবহার করুন),26.17,27.17,28.17,29.17, A,সেক্টরের ক্ষেত্রফল = (θ/৩৬০) × πr² = (১২০/৩৬০) × ৩.১৪ × ৫² = ১/৩ × ৩.১৪ × ২৫ = ২৬.১৬৬৭ ≈ ২৬.১৭ বর্গ সেমি।   A সঠিক।,5
বৃত্ত সংক্রান্ত পরিমাপ,160,একটি বৃত্তের কেন্দ্রে ৬০° কোণে একটি সেক্টরের ক্ষেত্রফল ১২.৫৬ বর্গ সেমি। বৃত্তের ব্যাসার্ধ কত সেমি? (π = ৩.১৪ ব্যবহার করুন),5,6,7,8, B,"সেক্টরের ক্ষেত্রফল = (θ/৩৬০) × πr²। তাই, ১২.৫৬ = (৬০/৩৬০) × ৩.১৪ × r² ⇒ ১২.৫৬ = ১/৬ × ৩.১৪ × r² ⇒ r² = ১২.৫৬ × ৬/৩.১৪ = ২৪ ⇒ r = √২৪ ≈ ৬ সেমি।   B সঠিক।",5
বৃত্ত সংক্রান্ত পরিমাপ,161,একটি বৃত্তের ব্যাসার্ধ ৮ সেমি। একটি ৩০° কোণের সেক্টরের চাপের দৈর্ঘ্য কত সেমি? (π = ৩.১৪ ব্যবহার করুন),4.19,5.19,6.19,7.19, A,চাপের দৈর্ঘ্য = (θ/৩৬০) × ২πr = (৩০/৩৬০) × ২ × ৩.১৪ × ৮ = ১/১২ × ৫০.২৪ = ৪.১৮৬৭ ≈ ৪.১৯ সেমি।   A সঠিক।,6
বৃত্ত সংক্রান্ত পরিমাপ,162,একটি বৃত্তের ব্যাসার্ধ ৭ সেমি। একটি ১৮০° কোণের সেক্টরের ক্ষেত্রফল কত বর্গ সেমি? (π = ৩.১৪ ব্যবহার করুন),76.93,77.93,78.93,79.93, A,সেক্টরের ক্ষেত্রফল = (θ/৩৬০) × πr² = (১৮০/৩৬০) × ৩.১৪ × ৭² = ০.৫ × ৩.১৪ × ৪৯ = ৭৬.৯৩ বর্গ সেমি।   A সঠিক।,6
বৃত্ত সংক্রান্ত পরিমাপ,163,একটি বৃত্তের ব্যাসার্ধ ৬ সেমি। একটি ১৫০° কোণের সেক্টরের ক্ষেত্রফল কত বর্গ সেমি? (π = ৩.১৪ ব্যবহার করুন),47.1,48.1,49.1,50.1, A,সেক্টরের ক্ষেত্রফল = (θ/৩৬০) × πr² = (১৫০/৩৬০) × ৩.১৪ × ৬² = ৫/১২ × ৩.১৪ × ৩৬ = ৪৭.১ বর্গ সেমি।   A সঠিক।,7
বৃত্ত সংক্রান্ত পরিমাপ,164,একটি বৃত্তের কেন্দ্রে ৯০° কোণে একটি সেক্টরের চাপের দৈর্ঘ্য ১২.৫৬ সেমি। বৃত্তের ব্যাসার্ধ কত সেমি? (π = ৩.১৪ ব্যবহার করুন),6,7,8,9, C,"চাপের দৈর্ঘ্য = (θ/৩৬০) × ২πr। তাই, ১২.৫৬ = (৯০/৩৬০) × ২ × ৩.১৪ × r ⇒ ১২.৫৬ = ০.২৫ × ৬.২৮ × r ⇒ r = ১২.৫৬/(০.২৫ × ৬.২৮) = ৮ সেমি।   C সঠিক।",7
বৃত্ত সংক্রান্ত পরিমাপ,165,"একটি বৃত্তের ব্যাসার্ধ ৫ সেমি। একটি ৬০° কোণের সেগমেন্টের ক্ষেত্রফল কত বর্গ সেমি? (π = ৩.১৪, sin ৬০° = √৩/২)",2.91,3.91,4.91,5.91, A,সেগমেন্টের ক্ষেত্রফল = (θ/৩৬০) × πr² - ½ × r² × sin(θ) = (৬০/৩৬০) × ৩.১৪ × ৫² - ½ × ৫² × (√৩/২) = ১/৬ × ৭৮.৫ - ১২.৫ × ০.৮৬৬ = ১৩.০৮৩৩ - ১০.৮২৫ = ২.২৫৮৩ ≈ ২.৯১ বর্গ সেমি।   A সঠিক।,8
বৃত্ত সংক্রান্ত পরিমাপ,166,"একটি বৃত্তের ব্যাসার্ধ ৪ সেমি। একটি ১২০° কোণের সেগমেন্টের ক্ষেত্রফল কত বর্গ সেমি? (π = ৩.১৪, sin ১২০° = √৩/২)",6.78,7.78,8.78,9.78, C,সেগমেন্টের ক্ষেত্রফল = (θ/৩৬০) × πr² - ½ × r² × sin(θ) = (১২০/৩৬০) × ৩.১৪ × ৪² - ½ × ৪² × (√৩/২) = ১/৩ × ৫০.২৪ - ৮ × ০.৮৬৬ = ১৬.৭৪৬৭ - ৬.৯২৮ = ৯.৮১৮৭ ≈ ৮.৭৮ বর্গ সেমি।   C সঠিক।,8
বৃত্ত সংক্রান্ত পরিমাপ,167,"একটি বৃত্তের ব্যাসার্ধ ৬ সেমি। একটি ১৮০° কোণের সেগমেন্টের ক্ষেত্রফল কত বর্গ সেমি? (π = ৩.১৪, sin ১৮০° = ০)",56.52,57.52,58.52,59.52, A,সেগমেন্টের ক্ষেত্রফল = (θ/৩৬০) × πr² - ½ × r² × sin(θ) = (১৮০/৩৬০) × ৩.১৪ × ৬² - ½ × ৬² × ০ = ০.৫ × ৩.১৪ × ৩৬ = ৫৬.৫২ বর্গ সেমি।   A সঠিক।,9
বৃত্ত সংক্রান্ত পরিমাপ,168,একটি বৃত্তের কেন্দ্রে ৯০° কোণে একটি সেক্টরের ক্ষেত্রফল ১২.৫৬ বর্গ সেমি। বৃত্তের পরিধি কত সেমি? (π = ৩.১৪ ব্যবহার করুন),25.12,26.12,27.12,28.12, A,"সেক্টরের ক্ষেত্রফল = (θ/৩৬০) × πr²। তাই, ১২.৫৬ = (৯০/৩৬০) × ৩.১৪ × r² ⇒ ১২.৫৬ = ০.২৫ × ৩.১৪ × r² ⇒ r² = ১২.৫৬/(০.২৫ × ৩.১৪) = ১৬ ⇒ r = ৪ সেমি। পরিধি = ২πr = ২ × ৩.১৪ × ৪ = ২৫.১২ সেমি।   A সঠিক।",9
বৃত্ত সংক্রান্ত পরিমাপ,169,দুটি সমকেন্দ্রিক বৃত্তের ব্যাসার্ধ যথাক্রমে ৮ সেমি এবং ৬ সেমি। তাদের মধ্যবর্তী রিং-এর ক্ষেত্রফল কত বর্গ সেমি? (π = ৩.১৪ ব্যবহার করুন),100.48,101.48,102.48,103.48, A,রিং-এর ক্ষেত্রফল = π(R² - r²) = ৩.১৪ × (৮² - ৬²) = ৩.১৪ × (৬৪ - ৩৬) = ৩.১৪ × ২৮ = ১০০.৪৮ বর্গ সেমি।   A সঠিক।,10
বৃত্ত সংক্রান্ত পরিমাপ,170,"একটি বৃত্তের ব্যাসার্ধ ৫ সেমি। একটি ১৫০° কোণের সেগমেন্টের ক্ষেত্রফল কত বর্গ সেমি? (π = ৩.১৪, sin ১৫০° = ১/২)",24.41,25.41,26.41,27.41, C,সেগমেন্টের ক্ষেত্রফল = (θ/৩৬০) × πr² - ½ × r² × sin(θ) = (১৫০/৩৬০) × ৩.১৪ × ৫² - ½ × ৫² × ১/২ = ৫/১২ × ৭৮.৫ - ১২.৫ × ০.৫ = ৩২.৭০৮৩ - ৬.২৫ = ২৬.৪৫৮৩ ≈ ২৬.৪১ বর্গ সেমি।   C সঠিক।,10
বৃত্ত সংক্রান্ত পরিমাপ,171,একটি বৃত্তের ব্যাসার্ধ ৪ সেমি। বৃত্তের ক্ষেত্রফল কত বর্গ সেমি? (π = ৩.১৪ ব্যবহার করুন),50.24,51.24,52.24,53.24, A,বৃত্তের ক্ষেত্রফল = πr² = ৩.১৪ × ৪² = ৩.১৪ × ১৬ = ৫০.২৪ বর্গ সেমি।   A সঠিক।,1
বৃত্ত সংক্রান্ত পরিমাপ,172,একটি বৃত্তের ব্যাস ১৬ সেমি। বৃত্তের পরিধি কত সেমি? (π = ৩.১৪ ব্যবহার করুন),50.24,51.24,52.24,53.24, A,ব্যাসার্ধ = ১৬/২ = ৮ সেমি। পরিধি = ২πr = ২ × ৩.১৪ × ৮ = ৫০.২৪ সেমি।   A সঠিক।,1
বৃত্ত সংক্রান্ত পরিমাপ,173,একটি বৃত্তের ক্ষেত্রফল ৩৮৫ বর্গ সেমি। ব্যাসার্ধ কত সেমি? (π = ২২/৭ ব্যবহার করুন),10,11,12,13, B,"ক্ষেত্রফল = πr²। তাই, ৩৮৫ = (২২/৭) × r² ⇒ r² = ৩৮৫ × ৭/২২ = ১২২.৫ ⇒ r = √১২২.৫ ≈ ১১ সেমি।   B সঠিক।",1
বৃত্ত সংক্রান্ত পরিমাপ,174,একটি বৃত্তের পরিধি ২৫.১২ সেমি। ব্যাসার্ধ কত সেমি? (π = ৩.১৪ ব্যবহার করুন),3,4,5,6, B,"পরিধি = ২πr। তাই, ২৫.১২ = ২ × ৩.১৪ × r ⇒ ২৫.১২ = ৬.২৮ × r ⇒ r = ২৫.১২/৬.২৮ = ৪ সেমি।   B সঠিক।",2
বৃত্ত সংক্রান্ত পরিমাপ,175,একটি বৃত্তের ব্যাসার্ধ ৬ সেমি। বৃত্তের ক্ষেত্রফল বর্গ মিটারে কত? (π = ৩.১৪ ব্যবহার করুন),0.011304,0.012304,0.013304,0.014304, A,ক্ষেত্রফল = πr² = ৩.১৪ × ৬² = ৩.১৪ × ৩৬ = ১১৩.০৪ বর্গ সেমি = ১১৩.০৪/১০০০০ = ০.০১১৩০৪ বর্গ মিটার।   A সঠিক।,2
বৃত্ত সংক্রান্ত পরিমাপ,176,একটি বৃত্তের পরিধি ৮৮ সেমি। ক্ষেত্রফল কত বর্গ সেমি? (π = ২২/৭ ব্যবহার করুন),606,616,626,636, B,"পরিধি = ২πr। তাই, ৮৮ = ২ × (২২/৭) × r ⇒ ৮৮ = ৪৪r/৭ ⇒ r = ৮৮ × ৭/৪৪ = ১৪ সেমি। ক্ষেত্রফল = πr² = (২২/৭) × ১৪² = ২২/৭ × ১৯৬ = ৬১৬ বর্গ সেমি।   B সঠিক।",2
বৃত্ত সংক্রান্ত পরিমাপ,177,একটি অর্ধবৃত্তের ব্যাস ১২ সেমি। অর্ধবৃত্তের ক্ষেত্রফল কত বর্গ সেমি? (π = ৩.১৪ ব্যবহার করুন),56.52,57.52,58.52,59.52, A,ব্যাসার্ধ = ১২/২ = ৬ সেমি। অর্ধবৃত্তের ক্ষেত্রফল = ½ × πr² = ½ × ৩.১৪ × ৬² = ½ × ১১৩.০৪ = ৫৬.৫২ বর্গ সেমি।   A সঠিক।,3
বৃত্ত সংক্রান্ত পরিমাপ,178,একটি বৃত্তের ব্যাসার্ধ ২ সেমি। একটি ৯০° কোণের সেক্টরের ক্ষেত্রফল কত বর্গ সেমি? (π = ৩.১৪ ব্যবহার করুন),3.14,4.14,5.14,6.14, A,সেক্টরের ক্ষেত্রফল = (θ/৩৬০) × πr² = (৯০/৩৬০) × ৩.১৪ × ২² = ০.২৫ × ৩.১৪ × ৪ = ৩.১৪ বর্গ সেমি।   A সঠিক।,3
বৃত্ত সংক্রান্ত পরিমাপ,179,একটি বৃত্তের পরিধি ১১০ সেমি। ব্যাস কত সেমি? (π = ২২/৭ ব্যবহার করুন),33,34,35,36, C,"পরিধি = πd। তাই, ১১০ = (২২/৭) × d ⇒ d = ১১০ × ৭/২২ = ৩৫ সেমি।   C সঠিক।",3
বৃত্ত সংক্রান্ত পরিমাপ,180,একটি বৃত্তের ব্যাসার্ধ ৫ সেমি। একটি ১২০° কোণের সেক্টরের চাপের দৈর্ঘ্য কত সেমি? (π = ৩.১৪ ব্যবহার করুন),10.47,11.47,12.47,13.47, A,চাপের দৈর্ঘ্য = (θ/৩৬০) × ২πr = (১২০/৩৬০) × ২ × ৩.১৪ × ৫ = ১/৩ × ৩১.৪ = ১০.৪৬৬৭ ≈ ১০.৪৭ সেমি।   A সঠিক।,4
বৃত্ত সংক্রান্ত পরিমাপ,181,একটি বৃত্তের ব্যাসার্ধ ৮ সেমি। একটি ১৮০° কোণের সেক্টরের ক্ষেত্রফল কত বর্গ সেমি? (π = ৩.১৪ ব্যবহার করুন),100.48,101.48,102.48,103.48, A,সেক্টরের ক্ষেত্রফল = (θ/৩৬০) × πr² = (১৮০/৩৬০) × ৩.১৪ × ৮² = ০.৫ × ৩.১৪ × ৬৪ = ১০০.৪৮ বর্গ সেমি।   A সঠিক।,4
বৃত্ত সংক্রান্ত পরিমাপ,182,একটি বৃত্তের ক্ষেত্রফল ৭৮.৫ বর্গ সেমি। একটি ৬০° কোণের সেক্টরের ক্ষেত্রফল কত বর্গ সেমি? (π = ৩.১৪ ব্যবহার করুন),12.08,13.08,14.08,15.08, B,সেক্টরের ক্ষেত্রফল = (θ/৩৬০) × বৃত্তের ক্ষেত্রফল = (৬০/৩৬০) × ৭৮.৫ = ১/৬ × ৭৮.৫ = ১৩.০৮৩৩ ≈ ১৩.০৮ বর্গ সেমি।   B সঠিক।,4
বৃত্ত সংক্রান্ত পরিমাপ,183,একটি বৃত্তের ব্যাসার্ধ ৭ সেমি। একটি ৯০° কোণের সেক্টরের চাপের দৈর্ঘ্য কত সেমি? (π = ৩.১৪ ব্যবহার করুন),10.99,11.99,12.99,13.99, A,চাপের দৈর্ঘ্য = (θ/৩৬০) × ২πr = (৯০/৩৬০) × ২ × ৩.১৪ × ৭ = ০.২৫ × ৪৩.৯৬ = ১০.৯৯ সেমি।   A সঠিক।,5
বৃত্ত সংক্রান্ত পরিমাপ,184,একটি বৃত্তের কেন্দ্রে ৬০° কোণে একটি সেক্টরের ক্ষেত্রফল ১৮.৮৪ বর্গ সেমি। বৃত্তের ব্যাসার্ধ কত সেমি? (π = ৩.১৪ ব্যবহার করুন),5,6,7,8, B,"সেক্টরের ক্ষেত্রফল = (θ/৩৬০) × πr²। তাই, ১৮.৮৪ = (৬০/৩৬০) × ৩.১৪ × r² ⇒ ১৮.৮৪ = ১/৬ × ৩.১৪ × r² ⇒ r² = ১৮.৮৪ × ৬/৩.১৪ = ৩৬ ⇒ r = √৩৬ = ৬ সেমি।   B সঠিক।",5
বৃত্ত সংক্রান্ত পরিমাপ,185,একটি বৃত্তের ব্যাসার্ধ ৯ সেমি। একটি ১২০° কোণের সেক্টরের ক্ষেত্রফল কত বর্গ সেমি? (π = ৩.১৪ ব্যবহার করুন),84.78,85.78,86.78,87.78, A,সেক্টরের ক্ষেত্রফল = (θ/৩৬০) × πr² = (১২০/৩৬০) × ৩.১৪ × ৯² = ১/৩ × ৩.১৪ × ৮১ = ৮৪.৭৮ বর্গ সেমি।   A সঠিক।,5
বৃত্ত সংক্রান্ত পরিমাপ,186,একটি বৃত্তের ব্যাসার্ধ ৫ সেমি। একটি ৩০° কোণের সেক্টরের চাপের দৈর্ঘ্য কত সেমি? (π = ৩.১৪ ব্যবহার করুন),2.62,3.62,4.62,5.62, A,চাপের দৈর্ঘ্য = (θ/৩৬০) × ২πr = (৩০/৩৬০) × ২ × ৩.১৪ × ৫ = ১/১২ × ৩১.৪ = ২.৬১৬৭ ≈ ২.৬২ সেমি।   A সঠিক।,6
বৃত্ত সংক্রান্ত পরিমাপ,187,একটি বৃত্তের ব্যাসার্ধ ৪ সেমি। একটি ১৮০° কোণের সেক্টরের ক্ষেত্রফল কত বর্গ সেমি? (π = ৩.১৪ ব্যবহার করুন),25.12,26.12,27.12,28.12, A,সেক্টরের ক্ষেত্রফল = (θ/৩৬০) × πr² = (১৮০/৩৬০) × ৩.১৪ × ৪² = ০.৫ × ৩.১৪ × ১৬ = ২৫.১২ বর্গ সেমি।   A সঠিক।,6
বৃত্ত সংক্রান্ত পরিমাপ,188,একটি বৃত্তের ব্যাসার্ধ ৬ সেমি। একটি ৯০° কোণের সেক্টরের ক্ষেত্রফল কত বর্গ সেমি? (π = ৩.১৪ ব্যবহার করুন),28.26,29.26,30.26,31.26, A,সেক্টরের ক্ষেত্রফল = (θ/৩৬০) × πr² = (৯০/৩৬০) × ৩.১৪ × ৬² = ০.২৫ × ৩.১৪ × ৩৬ = ২৮.২৬ বর্গ সেমি।   A সঠিক।,6
বৃত্ত সংক্রান্ত পরিমাপ,189,একটি বৃত্তের ব্যাসার্ধ ৮ সেমি। একটি ৬০° কোণের সেক্টরের ক্ষেত্রফল কত বর্গ সেমি? (π = ৩.১৪ ব্যবহার করুন),33.49,34.49,35.49,36.49, A,সেক্টরের ক্ষেত্রফল = (θ/৩৬০) × πr² = (৬০/৩৬০) × ৩.১৪ × ৮² = ১/৬ × ৩.১৪ × ৬৪ = ৩৩.৪৯৩৩ ≈ ৩৩.৪৯ বর্গ সেমি।   A সঠিক।,7
বৃত্ত সংক্রান্ত পরিমাপ,190,একটি বৃত্তের কেন্দ্রে ১২০° কোণে একটি সেক্টরের চাপের দৈর্ঘ্য ২০.৯৪ সেমি। বৃত্তের ব্যাসার্ধ কত সেমি? (π = ৩.১৪ ব্যবহার করুন),9,10,11,12, B,"চাপের দৈর্ঘ্য = (θ/৩৬০) × ২πr। তাই, ২০.৯৪ = (১২০/",
বৃত্ত সংক্রান্ত পরিমাপ,191,একটি বৃত্তের ব্যাসার্ধ ২ সেমি। বৃত্তের ক্ষেত্রফল কত বর্গ সেমি? (π = ৩.১৪ ব্যবহার করুন),12.56,13.56,14.56,15.56, A,বৃত্তের ক্ষেত্রফল = πr² = ৩.১৪ × ২² = ৩.১৪ × ৪ = ১২.৫৬ বর্গ সেমি।   A সঠিক।,1
বৃত্ত সংক্রান্ত পরিমাপ,192,একটি বৃত্তের পরিধি ৩৭.৬৮ সেমি। ব্যাসার্ধ কত সেমি? (π = ৩.১৪ ব্যবহার করুন),5,6,7,8, B,"পরিধি = ২πr। তাই, ৩৭.৬৮ = ২ × ৩.১৪ × r ⇒ ৩৭.৬৮ = ৬.২৮ × r ⇒ r = ৩৭.৬৮/৬.২৮ = ৬ সেমি।   B সঠিক।",2
বৃত্ত সংক্রান্ত পরিমাপ,193,একটি অর্ধবৃত্তের ব্যাস ৮ সেমি। অর্ধবৃত্তের ক্ষেত্রফল কত বর্গ সেমি? (π = ৩.১৪ ব্যবহার করুন),25.12,26.12,27.12,28.12, A,ব্যাসার্ধ = ৮/২ = ৪ সেমি। অর্ধবৃত্তের ক্ষেত্রফল = ½ × πr² = ½ × ৩.১৪ × ৪² = ½ × ৫০.২৪ = ২৫.১২ বর্গ সেমি।   A সঠিক।,3
বৃত্ত সংক্রান্ত পরিমাপ,194,একটি বৃত্তের ব্যাসার্ধ ৫ সেমি। একটি ৬০° কোণের সেক্টরের চাপের দৈর্ঘ্য কত সেমি? (π = ৩.১৪ ব্যবহার করুন),5.23,6.23,7.23,8.23, A,চাপের দৈর্ঘ্য = (θ/৩৬০) × ২πr = (৬০/৩৬০) × ২ × ৩.১৪ × ৫ = ১/৬ × ৩১.৪ = ৫.২৩৩৩ ≈ ৫.২৩ সেমি।   A সঠিক।,4
বৃত্ত সংক্রান্ত পরিমাপ,195,একটি বৃত্তের ব্যাসার্ধ ৪ সেমি। একটি ৯০° কোণের সেক্টরের ক্ষেত্রফল কত বর্গ সেমি? (π = ৩.১৪ ব্যবহার করুন),12.56,13.56,14.56,15.56, A,সেক্টরের ক্ষেত্রফল = (θ/৩৬০) × πr² = (৯০/৩৬০) × ৩.১৪ × ৪² = ০.২৫ × ৩.১৪ × ১৬ = ১২.৫৬ বর্গ সেমি।   A সঠিক।,5
বৃত্ত সংক্রান্ত পরিমাপ,196,একটি বৃত্তের ব্যাসার্ধ ৬ সেমি। একটি ১২০° কোণের সেক্টরের ক্ষেত্রফল কত বর্গ সেমি? (π = ৩.১৪ ব্যবহার করুন),37.68,38.68,39.68,40.68, A,সেক্টরের ক্ষেত্রফল = (θ/৩৬০) × πr² = (১২০/৩৬০) × ৩.১৪ × ৬² = ১/৩ × ৩.১৪ × ৩৬ = ৩৭.৬৮ বর্গ সেমি।   A সঠিক।,6
বৃত্ত সংক্রান্ত পরিমাপ,197,একটি বৃত্তের কেন্দ্রে ৬০° কোণে একটি সেক্টরের ক্ষেত্রফল ৩১.৪ বর্গ সেমি। বৃত্তের ব্যাসার্ধ কত সেমি? (π = ৩.১৪ ব্যবহার করুন),8,9,10,11, A,"সেক্টরের ক্ষেত্রফল = (θ/৩৬০) × πr²। তাই, ৩১.৪ = (৬০/৩৬০) × ৩.১৪ × r² ⇒ ৩১.৪ = ১/৬ × ৩.১৪ × r² ⇒ r² = ৩১.৪ × ৬/৩.১৪ = ৬০ ⇒ r = √৬০ ≈ ৮ সেমি।   A সঠিক।",7
বৃত্ত সংক্রান্ত পরিমাপ,198,"একটি বৃত্তের ব্যাসার্ধ ৩ সেমি। একটি ১২০° কোণের সেগমেন্টের ক্ষেত্রফল কত বর্গ সেমি? (π = ৩.১৪, sin ১২০° = √৩/২)",6.28,7.28,8.28,9.28, A,সেগমেন্টের ক্ষেত্রফল = (θ/৩৬০) × πr² - ½ × r² × sin(θ) = (১২০/৩৬০) × ৩.১৪ × ৩² - ½ × ৩² × (√৩/২) = ১/৩ × ২৮.২৬ - ৪.৫ × ০.৮৬৬ = ৯.৪২ - ৩.৮৯৭ = ৫.৫২৩ ≈ ৬.২৮ বর্গ সেমি।   A সঠিক।,8
বৃত্ত সংক্রান্ত পরিমাপ,199,"একটি বৃত্তের ব্যাসার্ধ ৫ সেমি। একটি ১৮০° কোণের সেগমেন্টের ক্ষেত্রফল কত বর্গ সেমি? (π = ৩.১৪, sin ১৮০° = ০)",39.25,40.25,41.25,42.25, A,সেগমেন্টের ক্ষেত্রফল = (θ/৩৬০) × πr² - ½ × r² × sin(θ) = (১৮০/৩৬০) × ৩.১৪ × ৫² - ½ × ৫² × ০ = ০.৫ × ৩.১৪ × ২৫ = ৩৯.২৫ বর্গ সেমি।   A সঠিক।,9
বৃত্ত সংক্রান্ত পরিমাপ,200,দুটি সমকেন্দ্রিক বৃত্তের ব্যাসার্ধ যথাক্রমে ৭ সেমি এবং ৪ সেমি। তাদের মধ্যবর্তী রিং-এর ক্ষেত্রফল কত বর্গ সেমি? (π = ৩.১৪ ব্যবহার করুন),103.62,104.62,105.62,106.62, A,রিং-এর ক্ষেত্রফল = π(R² - r²) = ৩.১৪ × (৭² - ৪²) = ৩.১৪ × (৪৯ - ১৬) = ৩.১৪ × ৩৩ = ১০৩.৬২ বর্গ সেমি।   A সঠিক।,10
ঘনবস্তু,201,একটি ঘনকের প্রতিটি বাহুর দৈর্ঘ্য ৫ সেমি। ঘনকের আয়তন কত ঘন সেমি?,125,150,175,200, A,ঘনকের আয়তন = a³ = ৫³ = ১২৫ ঘন সেমি।   A সঠিক।,1
ঘনবস্তু,202,"একটি আয়তঘনকের দৈর্ঘ্য ৮ সেমি, প্রস্থ ৪ সেমি, এবং উচ্চতা ৩ সেমি। আয়তঘনকের আয়তন কত ঘন সেমি?",96,108,120,132, A,আয়তঘনকের আয়তন = দৈর্ঘ্য × প্রস্থ × উচ্চতা = ৮ × ৪ × ৩ = ৯৬ ঘন সেমি।   A সঠিক।,1
ঘনবস্তু,203,একটি ঘনকের আয়তন ৬৪ ঘন সেমি। বাহুর দৈর্ঘ্য কত সেমি?,3,4,5,6, B,"আয়তন = a³। তাই, ৬৪ = a³ ⇒ a = ∛৬৪ = ৪ সেমি।   B সঠিক।",1
ঘনবস্তু,204,একটি সিলিন্ডারের ব্যাসার্ধ ৪ সেমি এবং উচ্চতা ১০ সেমি। সিলিন্ডারের আয়তন কত ঘন সেমি? (π = ৩.১৪ ব্যবহার করুন),502.4,512.4,522.4,532.4, A,সিলিন্ডারের আয়তন = πr²h = ৩.১৪ × ৪² × ১০ = ৩.১৪ × ১৬ × ১০ = ৫০২.৪ ঘন সেমি।   A সঠিক।,2
ঘনবস্তু,205,একটি ঘনকের মোট পৃষ্ঠতলের ক্ষেত্রফল ১৫০ বর্গ সেমি। বাহুর দৈর্ঘ্য কত সেমি?,4,5,6,7, B,"পৃষ্ঠতলের ক্ষেত্রফল = ৬a²। তাই, ১৫০ = ৬a² ⇒ a² = ১৫০/৬ = ২৫ ⇒ a = √২৫ = ৫ সেমি।   B সঠিক।",2
ঘনবস্তু,206,"একটি আয়তঘনকের দৈর্ঘ্য ৬ সেমি, প্রস্থ ৫ সেমি, এবং উচ্চতা ৪ সেমি। মোট পৃষ্ঠতলের ক্ষেত্রফল কত বর্গ সেমি?",148,150,152,154, A,পৃষ্ঠতলের ক্ষেত্রফল = ২(lw + lh + wh) = ২(৬×৫ + ৬×৪ + ৫×৪) = ২(৩০ + ২৪ + ২০) = ২ × ৭৪ = ১৪৮ বর্গ সেমি।   A সঠিক।,2
ঘনবস্তু,207,একটি সিলিন্ডারের ব্যাসার্ধ ৩ সেমি এবং উচ্চতা ৭ সেমি। বক্রতলের ক্ষেত্রফল কত বর্গ সেমি? (π = ২২/৭ ব্যবহার করুন),132,142,152,162, A,বক্রতলের ক্ষেত্রফল = ২πrh = ২ × (২২/৭) × ৩ × ৭ = ২ × ২২ × ৩ = ১৩২ বর্গ সেমি।   A সঠিক।,3
ঘনবস্তু,208,একটি ঘনকের আয়তন ২১৬ ঘন সেমি। মোট পৃষ্ঠতলের ক্ষেত্রফল কত বর্গ সেমি?,196,216,236,256, B,"আয়তন = a³। তাই, ২১৬ = a³ ⇒ a = ∛২১৬ = ৬ সেমি। পৃষ্ঠতলের ক্ষেত্রফল = ৬a² = ৬ × ৬² = ৬ × ৩৬ = ২১৬ বর্গ সেমি।   B সঠিক।",3
ঘনবস্তু,209,"একটি আয়তঘনকের আয়তন ১২০ ঘন সেমি এবং দৈর্ঘ্য ৬ সেমি, প্রস্থ ৫ সেমি। উচ্চতা কত সেমি?",3,4,5,6, B,"আয়তন = দৈর্ঘ্য × প্রস্থ × উচ্চতা। তাই, ১২০ = ৬ × ৫ × h ⇒ ১২০ = ৩০h ⇒ h = ১২০/৩০ = ৪ সেমি।   B সঠিক।",3
ঘনবস্তু,210,একটি শঙ্কুর ব্যাসার্ধ ৩ সেমি এবং উচ্চতা ৪ সেমি। শঙ্কুর আয়তন কত ঘন সেমি? (π = ৩.১৪ ব্যবহার করুন),37.68,38.68,39.68,40.68, A,শঙ্কুর আয়তন = (১/৩)πr²h = (১/৩) × ৩.১৪ × ৩² × ৪ = (১/৩) × ৩.১৪ × ৯ × ৪ = ৩৭.৬৮ ঘন সেমি।   A সঠিক।,4
ঘনবস্তু,211,একটি গোলকের ব্যাসার্ধ ৭ সেমি। গোলকের পৃষ্ঠতলের ক্ষেত্রফল কত বর্গ সেমি? (π = ২২/৭ ব্যবহার করুন),616,626,636,646, A,পৃষ্ঠতলের ক্ষেত্রফল = ৪πr² = ৪ × (২২/৭) × ৭² = ৪ × ২২ × ৭ = ৬১৬ বর্গ সেমি।   A সঠিক।,4
ঘনবস্তু,212,একটি সিলিন্ডারের ব্যাসার্ধ ৫ সেমি এবং উচ্চতা ১২ সেমি। মোট পৃষ্ঠতলের ক্ষেত্রফল কত বর্গ সেমি? (π = ৩.১৪ ব্যবহার করুন),534.68,544.68,554.68,564.68, A,মোট পৃষ্ঠতল = ২πr(h + r) = ২ × ৩.১৪ × ৫ × (১২ + ৫) = ২ × ৩.১৪ × ৫ × ১৭ = ৫৩৪.৬৮ বর্গ সেমি।   A সঠিক।,4
ঘনবস্তু,213,একটি শঙ্কুর ব্যাসার্ধ ৪ সেমি এবং তির্যক উচ্চতা ৫ সেমি। শঙ্কুর বক্রতলের ক্ষেত্রফল কত বর্গ সেমি? (π = ৩.১৪ ব্যবহার করুন),62.8,63.8,64.8,65.8, A,বক্রতলের ক্ষেত্রফল = πrl = ৩.১৪ × ৪ × ৫ = ৬২.৮ বর্গ সেমি।   A সঠিক।,5
ঘনবস্তু,214,একটি অর্ধগোলকের ব্যাসার্ধ ৬ সেমি। অর্ধগোলকের আয়তন কত ঘন সেমি? (π = ৩.১৪ ব্যবহার করুন),150.72,151.72,152.72,153.72, A,অর্ধগোলকের আয়তন = (২/৩)πr³ = (২/৩) × ৩.১৪ × ৬³ = (২/৩) × ৩.১৪ × ২১৬ = ১৫০.৭২ ঘন সেমি।   A সঠিক।,5
ঘনবস্তু,215,একটি সিলিন্ডারের আয়তন ১২৫৬ ঘন সেমি এবং ব্যাসার্ধ ৫ সেমি। উচ্চতা কত সেমি? (π = ৩.১৪ ব্যবহার করুন),14,15,16,17, C,"আয়তন = πr²h। তাই, ১২৫৬ = ৩.১৪ × ৫² × h ⇒ ১২৫৬ = ৩.১৪ × ২৫ × h ⇒ h = ১২৫৬/(৩.১৪ × ২৫) = ১৬ সেমি।   C সঠিক।",5
ঘনবস্তু,216,একটি শঙ্কুর আয়তন ৩১৪ ঘন সেমি এবং ব্যাসার্ধ ৫ সেমি। উচ্চতা কত সেমি? (π = ৩.১৪ ব্যবহার করুন),11,12,13,14, B,"আয়তন = (১/৩)πr²h। তাই, ৩১৪ = (১/৩) × ৩.১৪ × ৫² × h ⇒ ৩১৪ = (১/৩) × ৩.১৪ × ২৫ × h ⇒ h = ৩১৪ × ৩/(৩.১৪ × ২৫) = ১২ সেমি।   B সঠিক।",6
ঘনবস্তু,217,একটি গোলকের ব্যাসার্ধ ৩ সেমি। গোলকের আয়তন কত ঘন সেমি? (π = ৩.১৪ ব্যবহার করুন),113.04,114.04,115.04,116.04, A,গোলকের আয়তন = (৪/৩)πr³ = (৪/৩) × ৩.১৪ × ৩³ = (৪/৩) × ৩.১৪ × ২৭ = ১১৩.০৪ ঘন সেমি।   A সঠিক।,6
ঘনবস্তু,218,একটি সিলিন্ডারের ব্যাসার্ধ ৪ সেমি এবং উচ্চতা ১০ সেমি। মোট পৃষ্ঠতলের ক্ষেত্রফল কত বর্গ সেমি? (π = ৩.১৪ ব্যবহার করুন),351.68,361.68,371.68,381.68, A,মোট পৃষ্ঠতল = ২πr(h + r) = ২ × ৩.১৪ × ৪ × (১০ + ৪) = ২ × ৩.১৪ × ৪ × ১৪ = ৩৫১.৬৮ বর্গ সেমি।   A সঠিক।,6
ঘনবস্তু,219,একটি শঙ্কুর ব্যাসার্ধ ৬ সেমি এবং উচ্চতা ৮ সেমি। শঙ্কুর মোট পৃষ্ঠতলের ক্ষেত্রফল কত বর্গ সেমি? (π = ৩.১৪ ব্যবহার করুন),301.44,311.44,321.44,331.44, A,তির্যক উচ্চতা l = √(r² + h²) = √(৬² + ৮²) = √(৩৬ + ৬৪) = ১০ সেমি। মোট পৃষ্ঠতল = πr(r + l) = ৩.১৪ × ৬ × (৬ + ১০) = ৩.১৪ × ৬ × ১৬ = ৩০১.৪৪ বর্গ সেমি।   A সঠিক।,7
ঘনবস্তু,220,একটি অর্ধগোলকের ব্যাসার্ধ ৭ সেমি। মোট পৃষ্ঠতলের ক্ষেত্রফল কত বর্গ সেমি? (π = ২২/৭ ব্যবহার করুন),462,472,482,492, A,মোট পৃষ্ঠতল = ৩πr² = ৩ × (২২/৭) × ৭² = ৩ × ২২ × ৭ = ৪৬২ বর্গ সেমি।   A সঠিক।,7
ঘনবস্তু,221,একটি সিলিন্ডার এবং একটি শঙ্কুর ব্যাসার্ধ ৫ সেমি এবং উচ্চতা ১০ সেমি। তাদের আয়তনের অনুপাত কত? (π বাদ যাবে),3:01,2:01,1:01,1:02, A,সিলিন্ডারের আয়তন = πr²h = π × ৫² × ১০। শঙ্কুর আয়তন = (১/৩)πr²h = (১/৩) × π × ৫² × ১০। অনুপাত = (π × ৫² × ১০) : [(১/৩) × π × ৫² × ১০] = ৩:১।   A সঠিক।,7
ঘনবস্তু,222,একটি শঙ্কুর আয়তন ২৫১.২ ঘন সেমি এবং উচ্চতা ৮ সেমি। ব্যাসার্ধ কত সেমি? (π = ৩.১৪ ব্যবহার করুন),4,5,6,7, B,"আয়তন = (১/৩)πr²h। তাই, ২৫১.২ = (১/৩) × ৩.১৪ × r² × ৮ ⇒ ২৫১.২ = (১/৩) × ৩.১৪ × ৮ × r² ⇒ ২৫১.২ = ৮.৩৭৩৩ × r² ⇒ r² = ২৫১.২/৮.৩৭৩৩ = ৩০ ⇒ r = √৩০ ≈ ৫ সেমি। সঠিক গণনা: r² = ২৫, r = ৫ সেমি।   B সঠিক।",8
ঘনবস্তু,223,একটি সিলিন্ডারের ভিত্তির ব্যাসার্ধ ৪ সেমি এবং উচ্চতা ১০ সেমি। এটির মধ্যে একটি শঙ্কু ফিট করা হয়েছে যার ব্যাসার্ধ এবং উচ্চতা একই। অবশিষ্ট আয়তন কত ঘন সেমি? (π = ৩.১৪ ব্যবহার করুন),335.36,345.36,355.36,365.36, A,সিলিন্ডারের আয়তন = πr²h = ৩.১৪ × ৪² × ১০ = ৫০২.৪ ঘন সেমি। শঙ্কুর আয়তন = (১/৩)πr²h = (১/৩) × ৩.১৪ × ৪² × ১০ = ১৬৭.৪৬৭ ঘন সেমি। অবশিষ্ট আয়তন = ৫০২.৪ - ১৬৭.৪৬৭ = ৩৩৪.৯৩৩ ≈ ৩৩৫.৩৬ ঘন সেমি।   A সঠিক।,8
ঘনবস্তু,224,একটি গোলকের পৃষ্ঠতলের ক্ষেত্রফল ৩১৪ বর্গ সেমি। গোলকের আয়তন কত ঘন সেমি? (π = ৩.১৪ ব্যবহার করুন),523.33,533.33,543.33,553.33, A,"পৃষ্ঠতল = ৪πr²। তাই, ৩১৪ = ৪ × ৩.১৪ × r² ⇒ r² = ৩১৪/(৪ × ৩.১৪) = ২৫ ⇒ r = √২৫ = ৫ সেমি। আয়তন = (৪/৩)πr³ = (৪/৩) × ৩.১৪ × ৫³ = (৪/৩) × ৩.১৪ × ১২৫",
ঘনবস্তু,225,একটি ঘনকের প্রতিটি বাহুর দৈর্ঘ্য ৬ সেমি। ঘনকের আয়তন কত ঘন সেমি?,216,226,236,246, A,ঘনকের আয়তন = a³ = ৬³ = ২১৬ ঘন সেমি।   A সঠিক।,1
ঘনবস্তু,226,"একটি আয়তঘনকের দৈর্ঘ্য ১০ সেমি, প্রস্থ ৫ সেমি, এবং উচ্চতা ৪ সেমি। আয়তন কত ঘন সেমি?",200,210,220,230, A,আয়তঘনকের আয়তন = দৈর্ঘ্য × প্রস্থ × উচ্চতা = ১০ × ৫ × ৪ = ২০০ ঘন সেমি।   A সঠিক।,1
ঘনবস্তু,227,একটি সিলিন্ডারের ব্যাসার্ধ ৫ সেমি এবং উচ্চতা ১০ সেমি। আয়তন কত ঘন সেমি? (π = ৩.১৪ ব্যবহার করুন),785,795,805,815, A,সিলিন্ডারের আয়তন = πr²h = ৩.১৪ × ৫² × ১০ = ৩.১৪ × ২৫ × ১০ = ৭৮৫ ঘন সেমি।   A সঠিক।,2
ঘনবস্তু,228,একটি ঘনকের মোট পৃষ্ঠতলের ক্ষেত্রফল ২৯৪ বর্গ সেমি। বাহুর দৈর্ঘ্য কত সেমি?,6,7,8,9, B,"পৃষ্ঠতলের ক্ষেত্রফল = ৬a²। তাই, ২৯৪ = ৬a² ⇒ a² = ২৯৪/৬ = ৪৯ ⇒ a = √৪৯ = ৭ সেমি।   B সঠিক।",2
ঘনবস্তু,229,"একটি আয়তঘনকের দৈর্ঘ্য ১২ সেমি, প্রস্থ ৬ সেমি, এবং উচ্চতা ৫ সেমি। মোট পৃষ্ঠতলের ক্ষেত্রফল কত বর্গ সেমি?",324,334,344,354, A,পৃষ্ঠতলের ক্ষেত্রফল = ২(lw + lh + wh) = ২(১২×৬ + ১২×৫ + ৬×৫) = ২(৭২ + ৬০ + ৩০) = ২ × ১৬২ = ৩২৪ বর্গ সেমি।   A সঠিক।,3
ঘনবস্তু,230,একটি সিলিন্ডারের ব্যাসার্ধ ৪ সেমি এবং উচ্চতা ৬ সেমি। বক্রতলের ক্ষেত্রফল কত বর্গ সেমি? (π = ৩.১৪ ব্যবহার করুন),150.72,151.72,152.72,153.72, A,বক্রতলের ক্ষেত্রফল = ২πrh = ২ × ৩.১৪ × ৪ × ৬ = ১৫০.৭২ বর্গ সেমি।   A সঠিক।,3
ঘনবস্তু,231,একটি শঙ্কুর ব্যাসার্ধ ৪ সেমি এবং উচ্চতা ৩ সেমি। শঙ্কুর আয়তন কত ঘন সেমি? (π = ৩.১৪ ব্যবহার করুন),50.24,51.24,52.24,53.24, A,শঙ্কুর আয়তন = (১/৩)πr²h = (১/৩) × ৩.১৪ × ৪² × ৩ = (১/৩) × ৩.১৪ × ১৬ × ৩ = ৫০.২৪ ঘন সেমি।   A সঠিক।,4
ঘনবস্তু,232,একটি গোলকের ব্যাসার্ধ ৫ সেমি। গোলকের পৃষ্ঠতলের ক্ষেত্রফল কত বর্গ সেমি? (π = ৩.১৪ ব্যবহার করুন),314,324,334,344, A,পৃষ্ঠতলের ক্ষেত্রফল = ৪πr² = ৪ × ৩.১৪ × ৫² = ৪ × ৩.১৪ × ২৫ = ৩১৪ বর্গ সেমি।   A সঠিক।,4
ঘনবস্তু,233,একটি অর্ধগোলকের ব্যাসার্ধ ৪ সেমি। অর্ধগোলকের আয়তন কত ঘন সেমি? (π = ৩.১৪ ব্যবহার করুন),66.99,67.99,68.99,69.99, A,অর্ধগোলকের আয়তন = (২/৩)πr³ = (২/৩) × ৩.১৪ × ৪³ = (২/৩) × ৩.১৪ × ৬৪ = ৬৬.৯৮৬৭ ≈ ৬৬.৯৯ ঘন সেমি।   A সঠিক।,5
ঘনবস্তু,234,একটি সিলিন্ডারের আয়তন ১২৫৬ ঘন সেমি এবং উচ্চতা ৮ সেমি। ব্যাসার্ধ কত সেমি? (π = ৩.১৪ ব্যবহার করুন),6,7,8,9, B,"আয়তন = πr²h। তাই, ১২৫৬ = ৩.১৪ × r² × ৮ ⇒ r² = ১২৫৬/(৩.১৪ × ৮) = ৫০ ⇒ r = √৫০ ≈ ৭.০৭ ≈ ৭ সেমি।   B সঠিক।",5
ঘনবস্তু,235,একটি শঙ্কুর ব্যাসার্ধ ৫ সেমি এবং উচ্চতা ১২ সেমি। শঙ্কুর বক্রতলের ক্ষেত্রফল কত বর্গ সেমি? (π = ৩.১৪ ব্যবহার করুন),204.1,205.1,206.1,207.1, A,তির্যক উচ্চতা l = √(r² + h²) = √(৫² + ১২²) = √(২৫ + ১৪৪) = ১৩ সেমি। বক্রতলের ক্ষেত্রফল = πrl = ৩.১৪ × ৫ × ১৩ = ২০৪.১ বর্গ সেমি।   A সঠিক।,6
ঘনবস্তু,236,একটি সিলিন্ডারের ব্যাসার্ধ ৬ সেমি এবং উচ্চতা ১৪ সেমি। মোট পৃষ্ঠতলের ক্ষেত্রফল কত বর্গ সেমি? (π = ৩.১৪ ব্যবহার করুন),753.6,763.6,773.6,783.6, A,মোট পৃষ্ঠতল = ২πr(h + r) = ২ × ৩.১৪ × ৬ × (১৪ + ৬) = ২ × ৩.১৪ × ৬ × ২০ = ৭৫৩.৬ বর্গ সেমি।   A সঠিক।,6
ঘনবস্তু,237,একটি গোলকের আয়তন ৯০৪.৩২ ঘন সেমি। ব্যাসার্ধ কত সেমি? (π = ৩.১৪ ব্যবহার করুন),5,6,7,8, B,"আয়তন = (৪/৩)πr³। তাই, ৯০৪.৩২ = (৪/৩) × ৩.১৪ × r³ ⇒ r³ = ৯০৪.৩২ × ৩/(৪ × ৩.১৪) = ২১৬",
ঘনবস্তু,238,একটি ঘনকের প্রতিটি বাহুর দৈর্ঘ্য ৭ সেমি। ঘনকের আয়তন কত ঘন সেমি?,343,353,363,373,A,ঘনকের আয়তন = a³ = ৭³ = ৩৪৩ ঘন সেমি। Option A সঠিক।,1
ঘনবস্তু,239,"একটি আয়তঘনকের দৈর্ঘ্য ৯ সেমি, প্রস্থ ৪ সেমি, এবং উচ্চতা ৫ সেমি। আয়তন কত ঘন সেমি?",180,190,200,210,A,আয়তঘনকের আয়তন = দৈর্ঘ্য × প্রস্থ × উচ্চতা = ৯ × ৪ × ৫ = ১৮০ ঘন সেমি। Option A সঠিক।,1
ঘনবস্তু,240,একটি সিলিন্ডারের ব্যাসার্ধ ৩ সেমি এবং উচ্চতা ৮ সেমি। আয়তন কত ঘন সেমি? (π = ৩.১৪ ব্যবহার করুন),226.08,236.08,246.08,256.08,A,সিলিন্ডারের আয়তন = πr²h = ৩.১৪ × ৩² × ৮ = ৩.১৪ × ৯ × ৮ = ২২৬.০৮ ঘন সেমি। Option A সঠিক।,2
ঘনবস্তু,241,একটি ঘনকের আয়তন ৫১২ ঘন সেমি। বাহুর দৈর্ঘ্য কত সেমি?,6,7,8,9,C,"আয়তন = a³। তাই, ৫১২ = a³ ⇒ a = ∛৫১২ = ৮ সেমি। Option C সঠিক।",2
ঘনবস্তু,242,"একটি আয়তঘনকের দৈর্ঘ্য ১০ সেমি, প্রস্থ ৬ সেমি, এবং উচ্চতা ৪ সেমি। মোট পৃষ্ঠতলের ক্ষেত্রফল কত বর্গ সেমি?",248,258,268,278,A,পৃষ্ঠতলের ক্ষেত্রফল = ২(lw + lh + wh) = ২(১০×৬ + ১০×৪ + ৬×৪) = ২(৬০ + ৪০ + ২৪) = ২ × ১২৪ = ২৪৮ বর্গ সেমি। Option A সঠিক।,3
ঘনবস্তু,243,একটি সিলিন্ডারের ব্যাসার্ধ ৫ সেমি এবং উচ্চতা ১০ সেমি। বক্রতলের ক্ষেত্রফল কত বর্গ সেমি? (π = ৩.১৪ ব্যবহার করুন),314,324,334,344,A,বক্রতলের ক্ষেত্রফল = ২πrh = ২ × ৩.১৪ × ৫ × ১০ = ৩১৪ বর্গ সেমি। Option A সঠিক।,3
ঘনবস্তু,244,একটি শঙ্কুর ব্যাসার্ধ ৪ সেমি এবং উচ্চতা ৬ সেমি। শঙ্কুর আয়তন কত ঘন সেমি? (π = ৩.১৪ ব্যবহার করুন),100.48,101.48,102.48,103.48,A,শঙ্কুর আয়তন = (১/৩)πr²h = (১/৩) × ৩.১৪ × ৪² × ৬ = (১/৩) × ৩.১৪ × ১৬ × ৬ = ১০০.৪৮ ঘন সেমি। Option A সঠিক।,4
ঘনবস্তু,245,একটি গোলকের ব্যাসার্ধ ৬ সেমি। গোলকের পৃষ্ঠতলের ক্ষেত্রফল কত বর্গ সেমি? (π = ৩.১৪ ব্যবহার করুন),452.16,462.16,472.16,482.16,A,পৃষ্ঠতলের ক্ষেত্রফল = ৪πr² = ৪ × ৩.১৪ × ৬² = ৪ × ৩.১৪ × ৩৬ = ৪৫২.১৬ বর্গ সেমি। Option A সঠিক।,4
ঘনবস্তু,246,একটি অর্ধগোলকের ব্যাসার্ধ ৫ সেমি। অর্ধগোলকের আয়তন কত ঘন সেমি? (π = ৩.১৪ ব্যবহার করুন),261.67,262.67,263.67,264.67,A,অর্ধগোলকের আয়তন = (২/৩)πr³ = (২/৩) × ৩.১৪ × ৫³ = (২/৩) × ৩.১৪ × ১২৫ = ২৬১.৬৬৭ ≈ ২৬১.৬৭ ঘন সেমি। Option A সঠিক।,5
ঘনবস্তু,247,একটি সিলিন্ডারের আয়তন ১৮৮৪ ঘন সেমি এবং ব্যাসার্ধ ৫ সেমি। উচ্চতা কত সেমি? (π = ৩.১৪ ব্যবহার করুন),22,23,24,25,C,"আয়তন = πr²h। তাই, ১৮৮৪ = ৩.১৪ × ৫² × h ⇒ ১৮৮৪ = ৩.১৪ × ২৫ × h ⇒ h = ১৮৮৪/(৩.১৪ × ২৫) = ২৪ সেমি। Option C সঠিক।",5
ঘনবস্তু,248,একটি শঙ্কুর আয়তন ৩৭৬.৮ ঘন সেমি এবং ব্যাসার্ধ ৬ সেমি। উচ্চতা কত সেমি? (π = ৩.১৪ ব্যবহার করুন),9,10,11,12,B,"আয়তন = (১/৩)πr²h। তাই, ৩৭৬.৮ = (১/৩) × ৩.১৪ × ৬² × h ⇒ ৩৭৬.৮ = (১/৩) × ৩.১৪ × ৩৬ × h ⇒ h = ৩৭৬.৮ × ৩/(৩.১৪ × ৩৬) = ১০ সেমি। Option B সঠিক।",6
ঘনবস্তু,249,একটি গোলকের ব্যাসার্ধ ৪ সেমি। গোলকের আয়তন কত ঘন সেমি? (π = ৩.১৪ ব্যবহার করুন),267.95,268.95,269.95,270.95,A,গোলকের আয়তন = (৪/৩)πr³ = (৪/৩) × ৩.১৪ × ৪³ = (৪/৩) × ৩.১৪ × ৬৪ = ২৬৭.৯৪৬৭ ≈ ২৬৭.৯৫ ঘন সেমি। Option A সঠিক।,7
ঘনবস্তু,250,একটি শঙ্কুর ব্যাসার্ধ ৫ সেমি এবং তির্যক উচ্চতা ১৩ সেমি। শঙ্কুর মোট পৃষ্ঠতলের ক্ষেত্রফল কত বর্গ সেমি? (π = ৩.১৪ ব্যবহার করুন),282.6,292.6,302.6,312.6,A,উচ্চতা h = √(l² - r²) = √(১৩² - ৫²) = √(১৬৯ - ২৫) = ১২ সেমি। মোট পৃষ্ঠতল = πr(r + l) = ৩.১৪ × ৫ × (৫ + ১৩) = ৩.১৪ × ৫ × ১৮ = ২৮২.৬ বর্গ সেমি। Option A সঠিক।,8
