Subtopic,QuestionNumber,Question,   Option A,   Option B,  Option C, Option D,CorrectAnswer,Explanation,Difficulty
অনুক্রম ও ধারা,1,"a₁ = 10, a₅ = 22, সাধারণ পার্থক্য d কত?",2,3,4,5,B,a₅ = a₁ + 4d ⇒ 22 = 10 + 4d ⇒ d = 3,1
অনুক্রম ও ধারা,2,"a₁ = 3, d = 2, a₆ কত?",12,13,14,15,B,a₆ = 3 + 5 × 2 = 13,1
অনুক্রম ও ধারা,3,"সমান্তর ধারার প্রথম তিনটি পদ 2, 5, 8 হলে সাধারণ পার্থক্য d কত?",2,3,4,5,B,d = 5 - 2 = 3,2
অনুক্রম ও ধারা,4,"সমান্তর ধারায় প্রথম পাঁচটি পদ হল 1, 4, 7, 10, 13, d কত?",2,3,4,5,B,d = 3,2
অনুক্রম ও ধারা,5,"a₁ = 7, d = 4, a₈ কত?",33,34,35,36,C,a₈ = 7 + 7 × 4 = 35,2
অনুক্রম ও ধারা,6,"সমান্তর ধারায় প্রথম পদ a₁ = 4, সাধারণ পার্থক্য d = 3, a₅ কত?",16,18,20,22,A,a₅ = a₁ + 4d = 4 + 4 × 3 = 16,3
অনুক্রম ও ধারা,7,"সমান্তর ধারায় a₁ = 7, d = -1, a₄ কত?",4,5,6,7,A,a₄ = 7 + 3 × (-1) = 4,3
অনুক্রম ও ধারা,8,"সমান্তর ধারার ৮ম পদ a₈ = 29, সাধারণ পার্থক্য d = 3, প্রথম পদ কত?",5,6,7,8,D,a₈ = a₁ + 7d ⇒ 29 = a₁ + 21 ⇒ a₁ = 8,4
অনুক্রম ও ধারা,9,"সমান্তর ধারার প্রথম পদ a₁=5, সাধারণ পার্থক্য d=7। a₁₅ কত?",105,110,115,120,A,a₁₅ = 5 + (15−1) × 7 = 5 + 98 = 105,5
অনুক্রম ও ধারা,10,"a₁=9, a₅=33। সাধারণ পার্থক্য d কত?",6,7,8,9,A,33 = 9 + 4d ⇒ d = 6,6
অনুক্রম ও ধারা,11,"a₁=10, a₂₀=67। সাধারণ পার্থক্য d কত?",3,4,5,6,A,70 = 10 + 19d ⇒ d = 3,6
অনুক্রম ও ধারা,12,"সমান্তর ধারায় a₁=4, a₆=24। সাধারণ পার্থক্য d কত?",3,4,5,6,B,24 = 4 + 5d ⇒ d = 4,7
অনুক্রম ও ধারা,13,"a₁=15, a₇=39। সাধারণ পার্থক্য d কত?",3,4,5,6,B,39 = 15 + 6d ⇒ d = 4,7
অনুক্রম ও ধারা,14,"a₁=4, a₈=39। সাধারণ পার্থক্য d কত?",5,6,7,8,A,40 = 4 + 7d ⇒ d = 5,7
অনুক্রম ও ধারা,15,"a₂ = 10, a₅ = 22, সাধারণ পার্থক্য d কত?",3,4,5,6,B,a₅ = a₂ + 3d ⇒ 22 = 10 + 3d ⇒ d = 4,8
অনুক্রম ও ধারা,16,"a₁=3, d=2। a₂₅ কত?",51,52,53,54,A,a₂₅ = 3 + 24 × 2 = 51,8
অনুক্রম ও ধারা,17,"a₁=7, a₁₀=43। সাধারণ পার্থক্য d কত?",3,4,5,6,B,43 = 7 + 9d ⇒ d = 4,8
অনুক্রম ও ধারা,18,"a₁ = 15, d = -2, a₇ কত?",3,7,9,11,A,a₇ = 15 + 6 × (-2) = 3,9
অনুক্রম ও ধারা,19,"a₁=6, a₁₂=50। সাধারণ পার্থক্য d কত?",3,4,5,6,B,50 = 6 + 11d ⇒ d = 4,9
অনুক্রম ও ধারা,20,"a₁ = 5, d = -1, a₆ কত?",0,1,2,3,A,a₆ = 5 + 5 × (-1) = 0,1
অনুক্রম ও ধারা,21,"Fill in the blank: a₁ = 3, d = 5, a₇ = ___,",32,33,34,35,B,a₇ = 3 + 6 × 5 = 33,1
অনুক্রম ও ধারা,22,"a₅ = 20, d = 4, প্রথম পদ কত?",4,5,6,7,A,a₅ = a₁ + 4d ⇒ 20 = a₁ + 16 ⇒ a₁ = 4,1
অনুক্রম ও ধারা,23,"a₁ = 5, d = -2, a₆ কত?",-5,-6,-7,-8,A,a₆ = 5 + 5 × (-2) = -5,1
অনুক্রম ও ধারা,24,"a₁ = 9, d = 1, a₁₀ কত?",18,19,20,21,A,a₁₀ = 9 + 9 × 1 = 18,1
অনুক্রম ও ধারা,25,"a₃ = 16, d = 2, প্রথম পদ কত?",12,13,14,15,A,a₃ = a₁ + 2d ⇒ 16 = a₁ + 4 ⇒ a₁ = 12,1
অনুক্রম ও ধারা,26,"একটি সমান্তর ধারার প্রথম 6টি পদের যোগফল 72 হলে, প্রথম পদ 8, সাধারণ পার্থক্য d কত?",1.6,2,2.5,3, A,"S₆ = 6/2 × (2×8 + 5d) = 72, তাই 3 × (16 + 5d) = 72, 16 + 5d = 24, 5d = 8, d = 1.6",1
অনুক্রম ও ধারা,27,3 + 6 + 9 + 12 + ... ধারাটির প্রথম 10টি পদের যোগফল কত?,165,170,175,180,A,যোগফল = 10/2 × (2×3 + 9×3) = 165,1
অনুক্রম ও ধারা,28,"a₁ = 5, d = 7, a₄ কত?",26,27,28,29,A,a₄ = 5 + 3 × 7 = 26,2
অনুক্রম ও ধারা,29,"a₁ = 12, d = 1, a₅ কত?",16,17,18,19,A,a₅ = 12 + 4 × 1 = 16,2
অনুক্রম ও ধারা,30,"a₁ = 15, d = 4, a₇ কত?",39,40,41,42,A,a₇ = 15 + 6 × 4 = 39,2
অনুক্রম ও ধারা,31,"a₁ = 6, d = 2, a₉ কত?",22,23,24,25,A,a₉ = 6 + 8 × 2 = 22,2
অনুক্রম ও ধারা,32,"অনুক্রম 3, 7, 11, 15... এর ১০ম পদ কত?",39,43,47,50, A,"সমান্তর ধারা, a₁ = 3, d = 4। a₁₀ = 3 + (10-1)×4 = 3 + 36 = 39।",2
অনুক্রম ও ধারা,33,"সমান্তর ধারায় a₁ = 9, d = -1, a₄ কত?",6,7,8,9,A,a₄ = 9 + 3 × (-1) = 6,2
অনুক্রম ও ধারা,34,"Fill in the blank: a₁ = 6, d = 2, a₈ = ___,",20,21,22,23,A,a₈ = 6 + 7 × 2 = 20,2
অনুক্রম ও ধারা,35,"Fill in the blank: a₁ = 8, d = 3, a₆ = ___",23,24,25,26,A,a₆ = 8 + 5 × 3 = 23,2
অনুক্রম ও ধারা,36,"Fill in the blank: a₁ = 5, d = 0, a₉ = ___",5,6,7,8,A,a₉ = 5 + 8 × 0 = 5,2
অনুক্রম ও ধারা,37,"a₁ = 8, d = -1, a₆ কত?",3,4,5,6,A,a₆ = 8 + 5 × (-1) = 3,2
অনুক্রম ও ধারা,38,"a₁ = 7, d = 3, a₇ কত?",22,23,24,25,D,a₇ = 7 + 6 × 3 = 25,2
অনুক্রম ও ধারা,39,"a₁ = 6, d = 0, a₉ কত?",6,7,8,9,A,a₉ = 6 + 8 × 0 = 6,2
অনুক্রম ও ধারা,40,"a₁ = 9, d = 1, a₁₀ কত?",17,18,19,20,B,a₁₀ = 9 + 9 × 1 = 18,2
অনুক্রম ও ধারা,41,"a₁ = 4, d = 5, a₇ কত?",34,35,36,37,A,a₇ = 4 + 6 × 5 = 34,2
অনুক্রম ও ধারা,42,"a₁ = 4, d = 4, a₆ কত?",২৪,২৮,৩২,৩০,A,a₆ = 4 + (6−1) × 4 = 24,2
অনুক্রম ও ধারা,43,"a₁ = 5, d = 6, a₄ কত?",১৭,২৩,২৯,৩৫,B,a₄ = 5 + (4−1) × 6 = 23,2
অনুক্রম ও ধারা,44,"a₁ = 8, d = 7, a₅ কত?",৩৬,৩৪,৩২,৩০,A,a₅ = 8 + (5−1) × 7 = 36,2
অনুক্রম ও ধারা,45,"a₁ = 5, d = 4, a₈ কত?",৩৩,৩৭,৪১,৪৫,A,a₈ = 5 + (8−1) × 4 = 33,2
অনুক্রম ও ধারা,46,"a₁ = 12, d = 2 হলে a₁₀ কত?",30,32,34,36,A,a₁₀ = 12 + (10−1)×2 = 30,2
অনুক্রম ও ধারা,47,1 + 2 + 3 + 4 + ... ধারাটির প্রথম 20টি পদের যোগফল কত?,210,220,230,240,A,যোগফল = 20/2 × (1 + 20) = 210,2
অনুক্রম ও ধারা,48,"একটি সমান্তর ধারার প্রথম পদ 12, সাধারণ পার্থক্য -2, 7তম পদ কত?",0,-2,-4,-6,A,৭তম পদ = 12 + 6×(-2) = 0,2
অনুক্রম ও ধারা,49,"একটি সমান্তর ধারার প্রথম পদ 5, সাধারণ পার্থক্য 2, 12তম পদ কত?",27,28,29,30,A,১২তম পদ = 5 + 11×2 = 27,2
অনুক্রম ও ধারা,50,"a₁ = 2, d = 3, প্রথম ৭টি পদ সমষ্টি কত?",৭৭,৮২,৮৭,৯২,A,S₇ = 7/2 × (2×2 + 6×3) = 77,3
অনুক্রম ও ধারা,51,"a₁ = 7, d = 5, প্রথম ৪টি পদ সমষ্টি কত?",56,58,60,62, B,S₄ = n/2 × (2a₁ + (n-1)d) = 4/2 × (2×7 + 3×5) = 2 × (14 + 15) = 2 × 29 = 58,3
অনুক্রম ও ধারা,52,5 + 8 + 11 + 14 + ... ধারাটির 10তম পদ কত?,32,33,34,35,A,১০তম পদ = 5 + 9×3 = 32,3
অনুক্রম ও ধারা,53,"a₃=15, a₉=33। সাধারণ পার্থক্য d কত?",2,3,4,5,B,33 − 15 = 6d ⇒ d = 3,3
অনুক্রম ও ধারা,54,"Fill in the blank: a₁ = 7, d = 5, a₈ = ___,",42,43,44,45,A,a₈ = 7 + 7 × 5 = 42,3
অনুক্রম ও ধারা,55,"a₄=22, a₁₂=46। সাধারণ পার্থক্য d কত?",2,3,4,5,B,46 − 22 = 8d ⇒ d = 3,3
অনুক্রম ও ধারা,56,"a₁ = 8, d = -3, a₆ কত?",-7,-1,0,1,A,a₆ = 8 + 5 × (-3) = -7,4
অনুক্রম ও ধারা,57,"a₁ = 11, d = -1, a₇ কত?",5,6,7,8,A,a₇ = 11 + 6 × (-1) = 5,4
অনুক্রম ও ধারা,58,"a₃ = 16, d = 3, প্রথম পদ কত?",11,10,12,13,B,a₃ = a₁ + 2d ⇒ 16 = a₁ + 6 ⇒ a₁ = 10,4
অনুক্রম ও ধারা,59,"a₂ = 15, a₅ = 27, সাধারণ পার্থক্য d কত?",3,4,5,6,B,a₅ = a₂ + 3d ⇒ 27 = 15 + 3d ⇒ d = 4,4
অনুক্রম ও ধারা,60,"a₁ = 10, d = -2, a₅ কত?",2,4,6,7,A,a₅ = 10 + 4 × (-2) = 2,4
অনুক্রম ও ধারা,61,"a₁ = 5, d = 6, a₈ কত?",41,42,43,47, D,a₈ = a₁ + (n-1)d = 5 + (8-1)×6 = 5 + 42 = 47,4
অনুক্রম ও ধারা,62,"a₁ = 7, d = -3, a₆ কত?",-8,-9,-10,-11,A,a₆ = 7 + 5 × (-3) = -8,4
অনুক্রম ও ধারা,63,"a₁ = 12, d = −1, প্রথম ৮টি পদ সমষ্টি কত?",৭২,৬৮,৭০,৭৪,B,S₈ = 8/2 × (2×12 + 7×(−1)) = 68,4
অনুক্রম ও ধারা,64,"a₁ = 15, d = 0, প্রথম ১০টি পদ সমষ্টি কত?",১৫০,১৬০,১৪০,১৩০,A,S₁₀ = 10 × 15 = 150,4
অনুক্রম ও ধারা,65,"a₁ = 16, d = −3 হলে প্রথম ৭টি পদ সমষ্টি কত?",49,56,63,70, A,S₇ = n/2 × (2a₁ + (n-1)d) = 7/2 × (2×16 + 6×(-3)) = 7/2 × (32 - 18) = 7/2 × 14 = 49,4
অনুক্রম ও ধারা,66,"একটি সমান্তর ধারার প্রথম 9টি পদের যোগফল 225 হলে, প্রথম পদ 3, সাধারণ পার্থক্য d কত?",5,5.5,6,6.5, B,"S₉ = 9/2 × (2×3 + 8d) = 225, তাই 9/2 × (6 + 8d) = 225, 6 + 8d = 50, 8d = 44, d = 5.5",4
অনুক্রম ও ধারা,67,"একটি সমান্তর ধারার প্রথম 15টি পদের যোগফল 1200 হলে, প্রথম পদ 10, সাধারণ পার্থক্য d কত?",8,9,10,11, C,"S₁₅ = 15/2 × (2×10 + 14d) = 1200, তাই 15/2 × (20 + 14d) = 1200, 20 + 14d = 160, 14d = 140, d = 10",4
অনুক্রম ও ধারা,68,"a₁=8, d=3। a₂₀ কত?",62,65,68,71,B,a₂₀ = 8 + 19 × 3 = 65,5
অনুক্রম ও ধারা,69,"a₃ = 16, d = 2, প্রথম পদ a₁ কত?",12,13,14,15,A,a₃ = a₁ + 2d ⇒ 16 = a₁ + 4 ⇒ a₁ = 12,5
অনুক্রম ও ধারা,70,"a₅ = 25, a₈ = 37, সাধারণ পার্থক্য d কত?",3,4,5,6,B,a₈ = a₅ + 3d ⇒ 37 = 25 + 3d ⇒ d = 4,5
অনুক্রম ও ধারা,71,"a₁ = 7, d = -2, a₅ কত?",-1,3,2,4,A,a₅ = 7 + 4 × (-2) = -1,5
অনুক্রম ও ধারা,72,"a₃=14, a₇=30। সাধারণ পার্থক্য d কত?",3,4,5,6,B,30 − 14 = 4d ⇒ d = 4,5
অনুক্রম ও ধারা,73,"a₂=11, a₉=39। প্রথম পদ a₁ কত?",5,6,7,8,C,"a₂ = a₁ + d = 11 …(1), a₉ = a₁ + 8d = 39 …(2)। (2)-(1): 7d = 28, d = 4। (1) থেকে: a₁ + 4 = 11, a₁ = 7।",5
অনুক্রম ও ধারা,74,"a₁=7, a₅=31। সাধারণ পার্থক্য d কত?",4,5,6,7,C,31 = 7 + 4d ⇒ 4d = 24 ⇒ d = 6,5
অনুক্রম ও ধারা,75,"a₁ = 10, d = −1, প্রথম ৬টি পদ সমষ্টি কত?",45,48,51,54, A,S₆ = n/2 × (2a₁ + (n-1)d) = 6/2 × (2×10 + 5×(-1)) = 3 × (20 - 5) = 3 × 15 = 45,5
অনুক্রম ও ধারা,76,"a₁ = 9, d = −4 হলে প্রথম ৫টি পদ সমষ্টি কত?",5,15,25,35, A,S₅ = n/2 × (2a₁ + (n-1)d) = 5/2 × (2×9 + 4×(-4)) = 5/2 × (18 - 16) = 5/2 × 2 = 5,5
অনুক্রম ও ধারা,77,7 + 10 + 13 + 16 + ... ধারাটির প্রথম 12টি পদের যোগফল কত?,276,282,288,294, B,S₁₂ = n/2 × (2a₁ + (n-1)d) = 12/2 × (2×7 + 11×3) = 6 × (14 + 33) = 6 × 47 = 282,5
অনুক্রম ও ধারা,78,"a₂ = 17, a₅ = 29, সাধারণ পার্থক্য d কত?",3,4,5,6,B,a₅ = a₂ + 3d ⇒ 29 = 17 + 3d ⇒ d = 4,6
অনুক্রম ও ধারা,79,"a₁=5, a₅=29। সাধারণ পার্থক্য d কত?",5,6,7,8,B,29 = 5 + 4d ⇒ d = 6,6
অনুক্রম ও ধারা,80,"a₁=3, a₁₅=73। সাধারণ পার্থক্য d কত?",4,5,6,7,B,73 = 3 + 14d ⇒ d = 5,6
অনুক্রম ও ধারা,81,"Fill in the blank: a₁ = 12, d = -3, a₄ = ___,",3,4,5,6,A,a₄ = 12 + 3 × (-3) = 3,6
অনুক্রম ও ধারা,82,"a₄ = 20, d = 4, প্রথম পদ কত?",8,9,10,11,A,a₄ = a₁ + 3d ⇒ 20 = a₁ + 12 ⇒ a₁ = 8,6
অনুক্রম ও ধারা,83,"a₁ = 5, d = 4, a₆ কত?",23,24,25,26,C,a₆ = 5 + 5 × 4 = 25,6
অনুক্রম ও ধারা,84,"a₅=24, a₁₁=42। সাধারণ পার্থক্য d কত?",2,3,4,5,B,42 − 24 = 6d ⇒ d = 3,6
অনুক্রম ও ধারা,85,"a₁=8, a₈=38। সাধারণ পার্থক্য d কত?",3,4,5,6,B,38 = 8 + 7d ⇒ 7d = 30 ⇒ d = 30/7 ≈ 4। অপশন থেকে d = 4।,6
অনুক্রম ও ধারা,86,"a₃ = 14, d = 3, প্রথম পদ কত?",8,9,10,11,A,a₃ = a₁ + 2d ⇒ 14 = a₁ + 6 ⇒ a₁ = 8,6
অনুক্রম ও ধারা,87,"a₁ = 14, d = 3 হলে প্রথম ৬টি পদ সমষ্টি কত?",129,138,147,156,A,S₆ = 6/2 × (2×14 + 5×3) = 129,6
অনুক্রম ও ধারা,88,"a₁ = 8, d = −2 হলে a₇ কত?",-4,-2,0,2, A,a₇ = a₁ + (n-1)d = 8 + (7-1)×(-2) = 8 - 12 = -4,6
অনুক্রম ও ধারা,89,"a₂ = 13, a₆ = 25, সাধারণ পার্থক্য d কত?",2,3,4,5,B,a₆ = a₂ + 4d ⇒ 25 = 13 + 4d ⇒ d = 3,7
অনুক্রম ও ধারা,90,"a₄ = 24, d = 3, প্রথম পদ কত?",15,16,17,18,A,a₄ = a₁ + 3d ⇒ 24 = a₁ + 9 ⇒ a₁ = 15,7
অনুক্রম ও ধারা,91,"a₁=10, d=2। a₁₂ কত?",32,33,34,35,A,a₁₂ = 10 + 11 × 2 = 32,7
অনুক্রম ও ধারা,92,"a₁=10, a₉=50। সাধারণ পার্থক্য d কত?",4,5,6,7,B,50 = 10 + 8d ⇒ d = 5,7
অনুক্রম ও ধারা,93,"a₂=13, a₆=29। প্রথম পদ a₁ কত?",7,8,9,10, C,"a₂ = a₁ + d = 13 …(1), a₆ = a₁ + 5d = 29 …(2)। (2)-(1): 4d = 16, d = 4। (1) থেকে: a₁ + 4 = 13, a₁ = 9।",7
অনুক্রম ও ধারা,94,"a₄ = 20, d = 2, প্রথম পদ কত?",14,15,16,17,A,a₄ = a₁ + 3d ⇒ 20 = a₁ + 6 ⇒ a₁ = 14,7
অনুক্রম ও ধারা,95,"a₁ = 18, d = −2, a₈ কত?",4,6,8,10,A,a₈ = 18 + (8−1) × (−2) = 4,7
অনুক্রম ও ধারা,96,"একটি সমান্তর ধারার প্রথম পদ a₁ = 6, এবং ১৫তম পদ a₁₅ = 90। প্রথম ১৫টি পদের যোগফল কত?",720,726,732,738, A,S₁₅ = n/2 × (a₁ + a₁₅) = 15/2 × (6 + 90) = 15/2 × 96 = 15 × 48 = 720। যাচাই: a₁₅ = a₁ + (n-1)d ⇒ 90 = 6 + 14d ⇒ 14d = 84 ⇒ d = 6। S₁₅ = n/2 × (2a₁ + (n-1)d) = 15/2 × (2×6 + 14×6) = 15/2 × (12 + 84) = 15/2 × 96 = 720।   A সঠিক।,8
অনুক্রম ও ধারা,97,একটি সমান্তর ধারার a₅ = 22 এবং a₁₂ = 50। প্রথম ১০টি পদের যোগফল কত?,230,240,250,260, B,"a₁₂ - a₅ = 50 - 22 = 28, তাই 7d = 28 ⇒ d = 4। a₅ = a₁ + 4d = 22 ⇒ a₁ + 4×4 = 22 ⇒ a₁ = 6। S₁₀ = n/2 × (2a₁ + (n-1)d) = 10/2 × (2×6 + 9×4) = 5 × (12 + 36) = 5 × 48 = 240। যাচাই: a₁₀ = a₁ + 9d = 6 + 9×4 = 42। S₁₀ = 10/2 × (6 + 42) = 5 × 48 = 240।   B সঠিক।",8
অনুক্রম ও ধারা,98,একটি সমান্তর ধারার প্রথম ১২টি পদের যোগফল ৩০০ এবং প্রথম পদ a₁ = 5। সাধারণ পার্থক্য d কত?,3.5,3.64,4,4.5, B,"S₁₂ = 12/2 × (2a₁ + (12-1)d) = 300 ⇒ 6 × (2×5 + 11d) = 300 ⇒ 10 + 11d = 50 ⇒ 11d = 40 ⇒ d = 40/11 ≈ 3.6364। অপশনগুলোর মধ্যে নিকটতম হল d = 3.64। যাচাই: d = 40/11 হলে, S₁₂ = 6 × (10 + 11 × 40/11) = 6 × (10 + 40) = 6 × 50 = 300।   B সঠিক।",8
অনুক্রম ও ধারা,99,একটি সমান্তর ধারার a₃ = 12 এবং a₈ = 32। প্রথম ১৮টি পদের যোগফল কত?,660,672,684,696, C,"a₈ - a₃ = 32 - 12 = 20, তাই 5d = 20 ⇒ d = 4। a₃ = a₁ + 2d = 12 ⇒ a₁ + 2×4 = 12 ⇒ a₁ = 4। S₁₈ = n/2 × (2a₁ + (n-1)d) = 18/2 × (2×4 + 17×4) = 9 × (8 + 68) = 9 × 76 = 684। যাচাই: a₁₈ = a₁ + 17d = 4 + 17×4 = 72। S₁₈ = 18/2 × (4 + 72) = 9 × 76 = 684।   C সঠিক।",8
অনুক্রম ও ধারা,100,"a₁ = 0, d = 5, a₁₀ কত?",45,46,47,48,A,a₁₀ = 0 + 9 × 5 = 45,8
অনুক্রম ও ধারা,101,"a₁=7, a₆=22। সাধারণ পার্থক্য d কত?",2,3,4,5,B,22 = 7 + 5d ⇒ d = 3,8
অনুক্রম ও ধারা,102,"a₄ = 18, d = 3, প্রথম পদ কত?",9,10,11,12,A,a₄ = a₁ + 3d ⇒ 18 = a₁ + 9 ⇒ a₁ = 9,8
অনুক্রম ও ধারা,103,"a₁ = 4, d = 6, a₇ কত?",34,35,36,40, D,a₇ = a₁ + (n-1)d = 4 + (7-1)×6 = 4 + 36 = 40,8
অনুক্রম ও ধারা,104,"a₅ = 30, d = 5, প্রথম পদ কত?",10,11,12,13,A,a₅ = a₁ + 4d ⇒ 30 = a₁ + 20 ⇒ a₁ = 10,8
অনুক্রম ও ধারা,105,"a₁ = 3, d = 5, a₇ কত?",33,28,34,35,A,a₇ = 3 + (7−1) × 5 = 33,8
অনুক্রম ও ধারা,106,একটি সমান্তর ধারার তৃতীয় পদ a₃ = 18 এবং দশম পদ a₁₀ = 46। প্রথম ১২টি পদের যোগফল কত?,372,384,396,408, B,"a₁₀ - a₃ = 46 - 18 = 28, তাই 7d = 28 ⇒ d = 4। a₃ = a₁ + 2d = 18 ⇒ a₁ + 2×4 = 18 ⇒ a₁ = 10। S₁₂ = n/2 × (2a₁ + (n-1)d) = 12/2 × (2×10 + 11×4) = 6 × (20 + 44) = 6 × 64 = 384। যাচাই: a₁₂ = a₁ + 11d = 10 + 11×4 = 54। S₁₂ = 12/2 × (10 + 54) = 6 × 64 = 384।   B সঠিক।",9
অনুক্রম ও ধারা,107,একটি সমান্তর ধারার প্রথম পদ a₁ = 8 এবং ১৮তম পদ a₁₈ = 80। প্রথম ২০টি পদের যোগফল কত?,940,950,960,970, C,a₁₈ = a₁ + 17d = 80 ⇒ 8 + 17d = 80 ⇒ 17d = 72 ⇒ d = 72/17 ≈ 4.2353। a₂₀ = a₁ + 19d = 8 + 19 × 72/17 ≈ 8 + 80.4706 ≈ 88.4706। S₂₀ = n/2 × (a₁ + a₂₀) = 20/2 × (8 + 88.4706) = 10 × 96.4706 ≈ 964.706। অপশনগুলোর মধ্যে নিকটতম হল 960।   C সঠিক।,9
অনুক্রম ও ধারা,108,একটি সমান্তর ধারার a₆ = 28 এবং a₁₅ = 73। প্রথম ২০টি পদের যোগফল কত?,980,1000,1010,1020, C,"a₁₅ - a₆ = 73 - 28 = 45, তাই 9d = 45 ⇒ d = 5। a₆ = a₁ + 5d = 28 ⇒ a₁ + 5×5 = 28 ⇒ a₁ = 3। S₂₀ = n/2 × (2a₁ + (n-1)d) = 20/2 × (2×3 + 19×5) = 10 × (6 + 95) = 10 × 101 = 1010। যাচাই: a₂₀ = a₁ + 19d = 3 + 19×5 = 98। S₂₀ = 20/2 × (3 + 98) = 10 × 101 = 1010।   C সঠিক।",9
অনুক্রম ও ধারা,109,"a₁=20, a₃=30, a₈=55। সাধারণ পার্থক্য d কত?",4,5,6,7,B,"a₃ = a₁ + (n-1)d = 20 + 2d = 30, তাই 2d = 10, d = 5। যাচাই: a₈ = a₁ + (8-1)d = 20 + 7×5 = 20 + 35 = 55। সুতরাং, d = 5।",9
অনুক্রম ও ধারা,110,"a₄=18, a₁₀=36। সাধারণ পার্থক্য d কত?",2,3,4,5,B,36 − 18 = 6d ⇒ d = 3,9
অনুক্রম ও ধারা,111,"a₁=4, a₁₆=49। সাধারণ পার্থক্য d কত?",2,3,4,5,B,49 = 4 + 15d ⇒ 15d = 45 ⇒ d = 3,9
অনুক্রম ও ধারা,112,"Fill in the blank: a₂ = 11, a₅ = 20, d = ___,",3,4,5,6,A,a₅ = a₂ + 3d ⇒ 20 = 11 + 3d ⇒ d = 3,9
অনুক্রম ও ধারা,113,"a₁=6, a₇=30। সাধারণ পার্থক্য d কত?",3,4,5,6,B,30 = 6 + 6d ⇒ d = 4,9
অনুক্রম ও ধারা,114,"a₁ = 7, d = 3, প্রথম ৫টি পদ সমষ্টি কত?",60,65,70,75, B,S₅ = n/2 × (2a₁ + (n-1)d) = 5/2 × (2×7 + 4×3) = 5/2 × (14 + 12) = 5/2 × 26 = 65,9
অনুক্রম ও ধারা,115,"a₁ = 9, d = −3, প্রথম ৬টি পদ সমষ্টি কত?",6,9,12,15, B,S₆ = n/2 × (2a₁ + (n-1)d) = 6/2 × (2×9 + 5×(-3)) = 3 × (18 - 15) = 3 × 3 = 9,9
অনুক্রম ও ধারা,116,"a₁ = 20, d = −5, প্রথম ৫টি পদ সমষ্টি কত?",45,50,55,60, B,S₅ = n/2 × (2a₁ + (n-1)d) = 5/2 × (2×20 + 4×(-5)) = 5/2 × (40 - 20) = 5/2 × 20 = 50,9
অনুক্রম ও ধারা,117,একটি সমান্তর ধারার প্রথম ২০টি পদের যোগফল ১০০০ এবং প্রথম পদ a₁ = 5। সাধারণ পার্থক্য d কত?,4.5,4.75,5,5.25, B,"S₂₀ = 20/2 × (2a₁ + (20-1)d) = 1000 ⇒ 10 × (2×5 + 19d) = 1000 ⇒ 10 + 19d = 100 ⇒ 19d = 90 ⇒ d = 90/19 ≈ 4.7368। অপশনগুলোর মধ্যে নিকটতম হল d = 4.75। যাচাই: d = 4.75 হলে, S₂₀ = 10 × (10 + 19×4.75) = 10 × (10 + 90.25) = 10 × 100.25 ≈ 1002.5, যা 1000-এর খুব কাছাকাছি।   B সঠিক।",10
অনুক্রম ও ধারা,118,একটি সমান্তর ধারার a₄ = 15 এবং a₁₀ = 39। প্রথম ১৫টি পদের যোগফল কত?,435,450,465,480, C,"a₁₀ - a₄ = 39 - 15 = 24, তাই 6d = 24 ⇒ d = 4। a₄ = a₁ + 3d = 15 ⇒ a₁ + 3×4 = 15 ⇒ a₁ = 3। S₁₅ = n/2 × (2a₁ + (n-1)d) = 15/2 × (2×3 + 14×4) = 15/2 × (6 + 56) = 15/2 × 62 = 15 × 31 = 465। যাচাই: a₁₅ = a₁ + 14d = 3 + 14×4 = 59। S₁₅ = 15/2 × (3 + 59) = 15/2 × 62 = 465।   C সঠিক।",10
অনুক্রম ও ধারা,119,একটি সমান্তর ধারার প্রথম ১৫টি পদের যোগফল ৪৫০ এবং প্রথম পদ a₁ = 10। সাধারণ পার্থক্য d কত?,2.5,2.86,3,3.5, B,"S₁₅ = 15/2 × (2a₁ + (15-1)d) = 450 ⇒ 15/2 × (2×10 + 14d) = 450 ⇒ 20 + 14d = 60 ⇒ 14d = 40 ⇒ d = 40/14 = 20/7 ≈ 2.8571। অপশনগুলোর মধ্যে নিকটতম হল d = 2.86। যাচাই: d = 20/7 হলে, S₁₅ = 15/2 × (20 + 14 × 20/7) = 15/2 × (20 + 40) = 15/2 × 60 = 450।   B সঠিক।",10
অনুক্রম ও ধারা,120,"a₅ = 25, a₈ = 34, সাধারণ পার্থক্য d কত?",2,3,4,5,B,a₈ = a₅ + 3d ⇒ 34 = 25 + 3d ⇒ d = 3,10
অনুক্রম ও ধারা,121,"a₃=11, a₇=27। প্রথম পদ a₁ কত?",3,4,5,6,A,"a₇ - a₃ = 4d = 16 ⇒ d = 4, a₃ = a₁ + 2d = 11 ⇒ a₁ = 3",10
অনুক্রম ও ধারা,122,"a₅=20, a₉=36। সাধারণ পার্থক্য d কত?",3,4,5,6,B,36 − 20 = 4d ⇒ d = 4,10
অনুক্রম ও ধারা,123,"a₂=9, a₈=27। প্রথম পদ a₁ কত?",5,6,7,8,B,"a₂ = a₁ + d = 9 …(1), a₈ = a₁ + 7d = 27 …(2)। (2)-(1): 6d = 18, d = 3। (1) থেকে: a₁ + 3 = 9, a₁ = 6।",10
অনুক্রম ও ধারা,124,"a₅ = 25, a₈ = 37, সাধারণ পার্থক্য d কত?",3,4,5,6,B,a₈ = a₅ + 3d ⇒ 37 = 25 + 3d ⇒ d = 4,10
ধারার বিভিন্ন সূত্র,125,3 এর ঘনফল কত?,27,30,24,21,A,3³ = 27,1
ধারার বিভিন্ন সূত্র,126,"একটি ধারার প্রথম পদ 2, সাধারণ পার্থক্য 2, 20তম পদ কত?",40,41,42,43,A,২০তম পদ = 2 + 19×2 = 40,1
ধারার বিভিন্ন সূত্র,127,16 এর বর্গমূল কত?,2,3,4,5,C,√16 = 4,1
ধারার বিভিন্ন সূত্র,128,"a₁ = 9 r = ½, a₄ কত?",1.125,1.5,2,2.5,A,a₄ = 9 × (½)³ = 1.125,1
ধারার বিভিন্ন সূত্র,129,6 এর ঘনফল কত?,215,216,217,218,B,6×6×6 = 216,1
ধারার বিভিন্ন সূত্র,130,8 এর বর্গফল কত?,62,64,66,68,B,8×8 = 64,1
ধারার বিভিন্ন সূত্র,131,15 এর বর্গফল কত?,215,225,235,245,B,15×15 = 225,1
ধারার বিভিন্ন সূত্র,132,18 এর বর্গফল কত?,320,324,328,332,B,18×18 = 324,1
ধারার বিভিন্ন সূত্র,133,19 এর বর্গফল কত?,359,361,363,365,B,19×19 = 361,1
ধারার বিভিন্ন সূত্র,134,14 এর ঘনফল কত?,2743,2744,2745,2746,B,14×14×14 = 2744,1
ধারার বিভিন্ন সূত্র,135,20 এর বর্গফল কত?,390,395,400,405,C,20×20 = 400,1
ধারার বিভিন্ন সূত্র,136,21 এর বর্গফল কত?,430,441,450,460,B,21×21 = 441,1
ধারার বিভিন্ন সূত্র,137,"a₁=9, r=2 হলে প্রথম ৪টি পদ সমষ্টি কত?",135,130,140,145,A,S₄ = 9(2⁴−1)/(2−1) = 135,1
ধারার বিভিন্ন সূত্র,138,5 এর বর্গ কত?,20,25,30,35,B,5² = 25,2
ধারার বিভিন্ন সূত্র,139,1 + 3 + 5 + 7 + ... ধারাটির প্রথম 10টি পদের যোগফল কত?,100,110,120,130,A,যোগফল = n² = 10² = 100,2
ধারার বিভিন্ন সূত্র,140,27 এর ঘনমূল কত?,2,3,4,5,B,∛27 = 3,2
ধারার বিভিন্ন সূত্র,141,"একটি ধারার প্রথম পদ 6, সাধারণ পার্থক্য 2, 10তম পদ কত?",24,25,26,27,A,১০তম পদ = 6 + 9×2 = 24,2
ধারার বিভিন্ন সূত্র,142,11 এর ঘনফল কত?,1300,1330,1331,1350,C,11×11×11 = 1331,2
ধারার বিভিন্ন সূত্র,143,"a₁=1, r=4 হলে a₃ কত?",9,12,16,20, C,a₃ = a₁ × r³⁻¹ = 1 × 4² = 16,2
ধারার বিভিন্ন সূত্র,144,"a₁=2, সাধারণ অনুপাত r=3 হলে a₅ কত?",162,243,486,81, A,a₅ = a₁ × r⁵⁻¹ = 2 × 3⁴ = 2 × 81 = 162,2
ধারার বিভিন্ন সূত্র,145,"a₁=6, r=2 হলে a₄ কত?",48,36,72,24,A,a₄ = 6 × 2³ = 48,2
ধারার বিভিন্ন সূত্র,146,"a₁=4, r=0.5 হলে a₆ কত?",0.125,0.25,0.5,1,A,a₆ = 4 × 0.5⁵ = 0.125,2
ধারার বিভিন্ন সূত্র,147,"a₁=6, r=1.1 হলে a₅ কত?",8.79,8.75,9,9.5,A,a₅ = 6 × 1.1⁴ ≈ 8.79,2
ধারার বিভিন্ন সূত্র,148,"a₁=15, r=2 হলে a₅ কত?",240,360,480,180,A,a₅ = 15 × 2⁴ = 240,2
ধারার বিভিন্ন সূত্র,149,"a₁=7, r=0.5 হলে a₃ কত?",3.5,1.75,1,0.875, B,a₃ = a₁ × r³⁻¹ = 7 × (0.5)² = 7 × 0.25 = 1.75,2
ধারার বিভিন্ন সূত্র,150,7 এর ঘনফল কত?,336,337,338,343,D,7×7×7 = 343,2
ধারার বিভিন্ন সূত্র,151,16 এর ঘনফল কত?,4096,4100,4104,4108,A,16×16×16 = 4096,2
ধারার বিভিন্ন সূত্র,152,"a₁ = 5 r = 2, a₅ কত?",40,80,100,160,B,a₅ = 5 × 2⁴ = 80,3
ধারার বিভিন্ন সূত্র,153,"a₁ = 1 r = 5, a₃ কত?",10,20,25,30,C,a₃ = 1 × 5² = 25,3
ধারার বিভিন্ন সূত্র,154,4 + 8 + 12 + 16 + ... ধারাটির প্রথম 8টি পদের যোগফল কত?,144,152,160,168, A,S₈ = n/2 × (2a₁ + (n-1)d) = 8/2 × (2×4 + 7×4) = 4 × (8 + 28) = 4 × 36 = 144,3
ধারার বিভিন্ন সূত্র,155,7 + 11 + 15 + 19 + ... ধারাটির 10তম পদ কত?,43,44,45,46,A,১০তম পদ = 7 + 9×4 = 43,3
ধারার বিভিন্ন সূত্র,156,13 এর ঘনফল কত?,2196,2197,2198,2200,B,13×13×13 = 2197,3
ধারার বিভিন্ন সূত্র,157,3 + 7 + 11 + 15 + ... ধারাটির 8তম পদ কত?,31,32,33,34,A,৮তম পদ = 3 + 7×4 = 31,3
ধারার বিভিন্ন সূত্র,158,7 + 11 + 15 + 19 + ... ধারাটির 5তম পদ কত?,23,24,25,26,A,৫তম পদ = 7 + 4×4 = 23,3
ধারার বিভিন্ন সূত্র,159,"a₁=5, r=2 হলে a₆ কত?",160,320,640,1280, A,a₆ = a₁ × r⁶⁻¹ = 5 × 2⁵ = 5 × 32 = 160,3
ধারার বিভিন্ন সূত্র,160,"a₁=3, r=4 হলে a₄ কত?",192,256,128,64,A,a₄ = 3 × 4³ = 192,3
ধারার বিভিন্ন সূত্র,161,"a₁=2, r=4 হলে a₃ কত?",32,16,8,64, A,a₃ = a₁ × r³⁻¹ = 2 × 4² = 2 × 16 = 32,3
ধারার বিভিন্ন সূত্র,162,"a₁=9, r=3 হলে a₄ কত?",243,729,81,27,A,a₄ = 9 × 3³ = 243,3
ধারার বিভিন্ন সূত্র,163,"a₁=5, r=3 হলে a₄ কত?",135,150,120,160,A,a₄ = 5 × 3³ = 135,3
ধারার বিভিন্ন সূত্র,164,"a₁=10, r=0.75 হলে a₃ কত?",5.62,6.25,7.5,8.25,A,a₃ = 10 × 0.75² = 5.62,3
ধারার বিভিন্ন সূত্র,165,"a₁=4, r=1.1 হলে a₆ কত?",6.44,6.5,6.6,6.7, A,a₆ = a₁ × r⁶⁻¹ = 4 × (1.1)⁵ = 4 × 1.61051 ≈ 6.44204 ≈ 6.44,3
ধারার বিভিন্ন সূত্র,166,"a₁=3, r=2 হলে a₆ কত?",192,128,96,256, C,a₆ = a₁ × r⁶⁻¹ = 3 × 2⁵ = 3 × 32 = 96,3
ধারার বিভিন্ন সূত্র,167,"a₁=7, r=0.75 হলে a₄ কত?",2.96,2.46,3.15,4,A,a₄ = 7 × 0.75³ ≈ 2.96,3
ধারার বিভিন্ন সূত্র,168,"a₁=7, r=1.2 হলে a₅ কত?",14.52,12,15,16,A,a₅ = 7 × 1.2⁴ = 14.52,3
ধারার বিভিন্ন সূত্র,169,"a₁=2, r=3 হলে a₇ কত?",1458,1215,1296,1368,A,a₇ = 2 × 3⁶ = 1458,3
ধারার বিভিন্ন সূত্র,170,"a₁=9, r=1.1 হলে a₅ কত?",13.18,13.5,14,14.5, A,a₅ = a₁ × r⁵⁻¹ = 9 × (1.1)⁴ = 9 × 1.4641 ≈ 13.1769 ≈ 13.18,3
ধারার বিভিন্ন সূত্র,171,"a₁ = 3, r = ½, a₃ কত?",0.5,0.75,1,1.25, B,a₃ = a₁ × r³⁻¹ = 3 × (½)² = 3 × ¼ = ¾ = 0.75,3
ধারার বিভিন্ন সূত্র,172,"a₁=4, r=−2 হলে a₄ কত?",-32,-64,-128,-256,A,a₄ = 4 × (−2)³ = -32,3
ধারার বিভিন্ন সূত্র,173,"a₁=8, r=2 হলে a₅ কত?",128,256,64,512,A,a₅ = 8 × 2⁴ = 128,3
ধারার বিভিন্ন সূত্র,174,"a₁ = 5 এবং r = ½ হলে, a₄ কত?",0.625,0.75,0.875,1,A,a₄ = 5 × (½)³ = 0.625,4
ধারার বিভিন্ন সূত্র,175,"a₁ = 7 এবং r = 3 হলে, a₃ কত?",56,63,70,77,B,a₃ = 7 × 3² = 63,4
ধারার বিভিন্ন সূত্র,176,8 + 12 + 16 + 20 + ... ধারাটির প্রথম 7টি পদের যোগফল কত?,140,144,148,152, A,S₇ = n/2 × (2a₁ + (n-1)d) = 7/2 × (2×8 + 6×4) = 7/2 × (16 + 24) = 7/2 × 40 = 7 × 20 = 140,4
ধারার বিভিন্ন সূত্র,177,"a₁ = 9 এবং r = ½ হলে, a₄ কত?",1.125,1.25,1.375,1.5,A,a₄ = 9 × (½)³ = 1.125,4
ধারার বিভিন্ন সূত্র,178,"a₁ = 6 এবং r = 3 হলে, a₃ কত?",48,54,60,66,B,a₃ = 6 × 3² = 54,4
ধারার বিভিন্ন সূত্র,179,"a₁=7, r=½ হলে a₃ কত?",1.75,1.5,1.25,1, A,a₃ = a₁ × r³⁻¹ = 7 × (½)² = 7 × ¼ = 1.75,4
ধারার বিভিন্ন সূত্র,180,"a₁=8, r=½ হলে a₄ কত?",1,1.5,1.25,0.75, A,a₄ = a₁ × r⁴⁻¹ = 8 × (½)³ = 8 × ⅛ = 1,4
ধারার বিভিন্ন সূত্র,181,"a₁=6, r=−3 হলে a₄ কত?",162,-162,486,-486,B,a₄ = 6 × (−3)³ = -162,4
ধারার বিভিন্ন সূত্র,182,"a₁ = 8, r = −3 হলে S₃ = ____,",56,60,64,68, A,S₃ = a₁(1 − rⁿ)/(1 − r) = 8 × (1 − (-3)³)/(1 − (-3)) = 8 × (1 + 27)/4 = 8 × 28/4 = 56,4
ধারার বিভিন্ন সূত্র,183,7 + 11 + 15 + 19 + ... ধারাটির 11তম পদ কত?,47,48,49,50, A,a₁₁ = a₁ + (n-1)d = 7 + (11-1)×4 = 7 + 40 = 47,5
ধারার বিভিন্ন সূত্র,184,"a₁=3, r=0.2 হলে a₄ কত?",0.024,0.048,0.036,0.02,A,a₄ = 3 × 0.2³ = 0.024,5
ধারার বিভিন্ন সূত্র,185,4 + 8 + 12 + 16 + ... ধারাটির প্রথম 7টি পদের যোগফল কত?,112,114,116,118,A,যোগফল = 7/2 × (2×4 + 6×4) = 112,5
ধারার বিভিন্ন সূত্র,186,"a₁=10, r=3 হলে প্রথম ৩টি পদ সমষ্টি কত?",130,120,100,90,A,S₃ = 10(3³−1)/(3−1) = 130,5
ধারার বিভিন্ন সূত্র,187,"a₁=4, r=5 হলে a₅ কত?",2500,2600,2700,2800, A,a₅ = a₁ × r⁵⁻¹ = 4 × 5⁴ = 4 × 625 = 2500,5
ধারার বিভিন্ন সূত্র,188,"a₁=10, r=2 হলে a₅ কত?",160,200,320,400,A,a₅ = 10 × 2⁴ = 160,5
ধারার বিভিন্ন সূত্র,189,"a₁=4, r=2 হলে a₅ কত?",64,72,80,88, A,a₅ = a₁ × r⁵⁻¹ = 4 × 2⁴ = 4 × 16 = 64,5
ধারার বিভিন্ন সূত্র,190,"a₁=7, r=0.9 হলে a₅ কত?",4.12,4.57,4.88,5,B,a₅ = 7 × 0.9⁴ = 4.57,5
ধারার বিভিন্ন সূত্র,191,"a₁ = 1, r = 3 হলে a₅ = ____,",81,243,162,54, A,a₅ = a₁ × r⁵⁻¹ = 1 × 3⁴ = 81,5
ধারার বিভিন্ন সূত্র,192,"অনুক্রম 4, 9, 14, 19... এর ৮ম পদ কত?",37,39,41,43, B,"সমান্তর ধারা, a₁ = 4, d = 5। a₈ = a₁ + (n-1)d = 4 + (8-1)×5 = 4 + 35 = 39",5
ধারার বিভিন্ন সূত্র,193,2 + 4 + 6 + 8 + ... ধারাটির প্রথম 15টি পদের যোগফল কত?,230,240,250,260,B,যোগফল = n/2 × (2a + (n-1)d) = 15/2 × (2×2 + 14×2) = 240,6
ধারার বিভিন্ন সূত্র,194,"একটি ধারার প্রথম পদ 3, সাধারণ পার্থক্য 2, 12তম পদ কত?",25,26,27,28,A,১২তম পদ = 3 + 11×2 = 25,6
ধারার বিভিন্ন সূত্র,195,"a₁=12, r=1.2 হলে a₃ কত?",17.28,15,20.5,22.5,A,a₃ = 12 × 1.2² = 17.28,6
ধারার বিভিন্ন সূত্র,196,17 এর বর্গফল কত?,279,288,289,298,C,17×17 = 289,6
ধারার বিভিন্ন সূত্র,197,1 + 5 + 9 + 13 + ... ধারাটির 6তম পদ কত?,21,22,23,24,A,৬তম পদ = 1 + 5×4 = 21,6
ধারার বিভিন্ন সূত্র,198,6 + 12 + 18 + 24 + ... ধারাটির প্রথম 9টি পদের যোগফল কত?,270,276,282,288, A,S₉ = n/2 × (2a₁ + (n-1)d) = 9/2 × (2×6 + 8×6) = 9/2 × (12 + 48) = 9/2 × 60 = 9 × 30 = 270,6
ধারার বিভিন্ন সূত্র,199,5 + 9 + 13 + 17 + ... ধারাটির প্রথম 5টি পদের যোগফল কত?,65,70,75,80, A,S₅ = n/2 × (2a₁ + (n-1)d) = 5/2 × (2×5 + 4×4) = 5/2 × (10 + 16) = 5/2 × 26 = 5 × 13 = 65,6
ধারার বিভিন্ন সূত্র,200,1 + 5 + 9 + 13 + ... ধারাটির 7তম পদ কত?,25,26,27,28,A,৭তম পদ = 1 + 6×4 = 25,6
ধারার বিভিন্ন সূত্র,201,"a₁=5, r=2 হলে প্রথম ৫টি পদ সমষ্টি কত?",155,160,165,170,A,S₅ = 5(2⁵−1)/(2−1) = 155,6
ধারার বিভিন্ন সূত্র,202,"a₁=3, r=0.8 হলে a₆ কত?",0.983,1,1.1,1.2, A,a₆ = a₁ × r⁶⁻¹ = 3 × (0.8)⁵ = 3 × 0.32768 ≈ 0.98304 ≈ 0.983,6
ধারার বিভিন্ন সূত্র,203,"a₁=5, r=3 হলে a₅ কত?",405,375,350,400,A,a₅ = 5 × 3⁴ = 405,6
ধারার বিভিন্ন সূত্র,204,"a₁=10, r=0.4 হলে a₄ কত?",0.64,0.7,0.8,0.9, A,a₄ = a₁ × r⁴⁻¹ = 10 × (0.4)³ = 10 × 0.064 = 0.64,6
ধারার বিভিন্ন সূত্র,205,"a₁=15, r=1.5 হলে a₄ কত?",50.63,45,47.5,48.75,A,a₄ = 15 × 1.5³ = 50.63,6
ধারার বিভিন্ন সূত্র,206,"a₁=5, r=2 হলে a₇ কত?",320,300,350,400,A,a₇ = 5 × 2⁶ = 320,6
ধারার বিভিন্ন সূত্র,207,"a₁=10, r=0.3 হলে a₅ কত?",0.81,0.75,0.85,0.9,A,a₅ = 10 × 0.3⁴ = 0.81,6
ধারার বিভিন্ন সূত্র,208,"একটি ধারার প্রথম পদ 1, সাধারণ পার্থক্য 2, 15তম পদ কত?",28,29,30,31,B,১৫তম পদ = 1 + 14×2 = 29,7
ধারার বিভিন্ন সূত্র,209,"a₁=4, r=0.25 হলে a₅ কত?",0.015625,0.03125,0.0625,0.125, A,a₅ = a₁ × r⁵⁻¹ = 4 × (0.25)⁴ = 4 × (1/4)⁴ = 4 × 1/256 = 1/64 = 0.015625,7
ধারার বিভিন্ন সূত্র,210,"a₁=20, r=1.5 হলে a₄ কত?",67.5,60,54,75,A,a₄ = 20 × 1.5³ = 67.5,7
ধারার বিভিন্ন সূত্র,211,"a₁=7, r=0.6 হলে a₅ কত?",0.9072,1,1.2,1.5, A,a₅ = a₁ × r⁵⁻¹ = 7 × (0.6)⁴ = 7 × 0.1296 = 0.9072,7
ধারার বিভিন্ন সূত্র,212,2 + 6 + 10 + 14 + ... ধারাটির প্রথম 6টি পদের যোগফল কত?,72,76,80,84, A,S₆ = n/2 × (2a₁ + (n-1)d) = 6/2 × (2×2 + 5×4) = 3 × (4 + 20) = 3 × 24 = 72,7
ধারার বিভিন্ন সূত্র,213,4 + 8 + 12 + 16 + ... ধারাটির প্রথম 8টি পদের যোগফল কত?,144,148,152,156, A,S₈ = n/2 × (2a₁ + (n-1)d) = 8/2 × (2×4 + 7×4) = 4 × (8 + 28) = 4 × 36 = 144,7
ধারার বিভিন্ন সূত্র,214,"a₁=5, r=3 হলে a₄ কত?",120,135,150,165,B,a₄ = 5 × 3³ = 135,7
ধারার বিভিন্ন সূত্র,215,"a₁=2, r=3 হলে প্রথম ৪টি পদ সমষ্টি কত?",80,89,98,107,A,S₄ = 2(3⁴−1)/(3−1) = 80,7
ধারার বিভিন্ন সূত্র,216,"a₁=3, r=3 হলে প্রথম ৩টি পদ সমষ্টি কত?",39,27,45,36, A,S₃ = a₁(rⁿ − 1)/(r − 1) = 3 × (3³ − 1)/(3 − 1) = 3 × (27 − 1)/2 = 3 × 26/2 = 3 × 13 = 39,7
ধারার বিভিন্ন সূত্র,217,"a₁=8, r=0.3 হলে a₄ কত?",0.216,0.3,0.4,0.5, A,a₄ = a₁ × r⁴⁻¹ = 8 × (0.3)³ = 8 × 0.027 = 0.216,7
ধারার বিভিন্ন সূত্র,218,"a₁=9, r=0.5 হলে a₆ কত?",1.41,1.52,1.64,0.28,D,"a₆ = 9 × 0.5⁵ = 0.28 (অপশন ভুল, সঠিক হবে 0.28)",7
ধারার বিভিন্ন সূত্র,219,"a₁=5, r=0.5 হলে a₅ কত?",0.3125,0.25,0.2,0.15,A,a₅ = 5 × 0.5⁴ = 0.3125,7
ধারার বিভিন্ন সূত্র,220,"a₁=3, r=0.6 হলে a₆ কত?",0.233,0.25,0.3,0.35, A,a₆ = a₁ × r⁶⁻¹ = 3 × (0.6)⁵ = 3 × 0.07776 ≈ 0.23328 ≈ 0.233,7
ধারার বিভিন্ন সূত্র,221,"a₁=7, r=0.8 হলে a₅ কত?",2.87,2.9,3,3.1, A,a₅ = a₁ × r⁵⁻¹ = 7 × (0.8)⁴ = 7 × 0.4096 ≈ 2.8672 ≈ 2.87,7
ধারার বিভিন্ন সূত্র,222,"a₁=4, r=1.5 হলে a₄ কত?",13.5,14,15,16,A,a₄ = 4 × 1.5³ = 13.5,7
ধারার বিভিন্ন সূত্র,223,একটি গুণোত্তর ধারার প্রথম পদ a₁ = 3 এবং সাধারণ অনুপাত r = 2। প্রথম ৮টি পদের যোগফল কত?,765,768,771,774, A,"S₈ = a₁(rⁿ - 1)/(r - 1) = 3 × (2⁸ - 1)/(2 - 1) = 3 × (256 - 1)/1 = 3 × 255 = 765। পদগুলো: 3, 6, 12, 24, 48, 96, 192, 384। যোগফল = 3 + 6 + 12 + 24 + 48 + 96 + 192 + 384 = 765।   A সঠিক।",8
ধারার বিভিন্ন সূত্র,224,একটি গুণোত্তর ধারার প্রথম পদ a₁ = 5 এবং প্রথম ৫টি পদের যোগফল ১৫৫। সাধারণ অনুপাত r কত?,1.5,2,2.5,3, B,"S₅ = a₁(r⁵ - 1)/(r - 1) = 155 ⇒ 5 × (r⁵ - 1)/(r - 1) = 155 ⇒ (r⁵ - 1)/(r - 1) = 31। পরীক্ষা: r = 2 হলে, (2⁵ - 1)/(2 - 1) = 31/1 = 31। তাই, S₅ = 5 × 31 = 155। r = 2 সঠিক।   B সঠিক।",8
ধারার বিভিন্ন সূত্র,225,একটি গুণোত্তর ধারার a₁ = 4 এবং r = -2। প্রথম ৬টি পদের যোগফল কত?,-84,-86,-88,-90, A,"S₆ = a₁(1 - rⁿ)/(1 - r) = 4 × (1 - (-2)⁶)/(1 - (-2)) = 4 × (1 - 64)/(1 + 2) = 4 × (-63)/3 = -252/3 = -84। পদগুলো: 4, -8, 16, -32, 64, -128। যোগফল = 4 + (-8) + 16 + (-32) + 64 + (-128) = -84।   A সঠিক।",8
ধারার বিভিন্ন সূত্র,226,একটি গুণোত্তর ধারার প্রথম পদ a₁ = 8 এবং প্রথম ৫টি পদের যোগফল ১২৪। সাধারণ অনুপাত r কত?,1.5,2,2.5,3, B,"S₅ = a₁(r⁵ - 1)/(r - 1) = 124 ⇒ 8 × (r⁵ - 1)/(r - 1) = 124 ⇒ (r⁵ - 1)/(r - 1) = 15.5। পরীক্ষা: r = 2 হলে, (2⁵ - 1)/(2 - 1) = 31/1 = 31। তাই, S₅ = 8 × 31 = 248, যা 124 নয়। r = 1.5 হলে, (1.5⁵ - 1)/(1.5 - 1) ≈ 7.59375/0.5 = 15.1875, যা 15.5 এর কাছাকাছি। তবে, r ≈ 1.516 হলে S₅ ≈ 124। অপশনগুলোর মধ্যে নিকটতম r = 1.5।   B সঠিক।",8
ধারার বিভিন্ন সূত্র,227,1² + 2² + 3² + ... + 10² ধারাটির যোগফল কত?,385,355,335,315,A,যোগফল = n(n+1)(2n+1)/6 = 10×11×21/6 = 385,8
ধারার বিভিন্ন সূত্র,228,"a₁=10, r=1.5 হলে a₄ কত?",33.75,30,45,22.5,A,a₄ = 10 × 1.5³ = 33.75,8
ধারার বিভিন্ন সূত্র,229,"a₁=1, r=3 হলে a₇ কত?",729,2187,243,81, A,a₇ = a₁ × r⁷⁻¹ = 1 × 3⁶ = 729,8
ধারার বিভিন্ন সূত্র,230,5 + 9 + 13 + 17 + ... ধারাটির প্রথম 10টি পদের যোগফল কত?,220,230,240,250, B,S₁₀ = n/2 × (2a₁ + (n-1)d) = 10/2 × (2×5 + 9×4) = 5 × (10 + 36) = 5 × 46 = 230,8
ধারার বিভিন্ন সূত্র,231,"a₁=1, r=5 হলে a₅ কত?",625,125,25,500, A,a₅ = a₁ × r⁵⁻¹ = 1 × 5⁴ = 625,8
ধারার বিভিন্ন সূত্র,232,"a₁=12, r=1.25 হলে a₄ কত?",23.44,21,25.5,28,A,a₄ = 12 × 1.25³ = 23.44,8
ধারার বিভিন্ন সূত্র,233,"a₁=6, r=1.3 হলে a₄ কত?",13.21,14,14.5,15,A,a₄ = 6 × 1.3³ = 13.21,8
ধারার বিভিন্ন সূত্র,234,"a₁=6, r=1.4 হলে a₄ কত?",16.54,17.5,18,19,A,a₄ = 6 × 1.4³ = 16.54,8
ধারার বিভিন্ন সূত্র,235,"a₁=3, r=2 হলে a₈ কত?",384,400,512,256, A,a₈ = a₁ × r⁸⁻¹ = 3 × 2⁷ = 3 × 128 = 384,8
ধারার বিভিন্ন সূত্র,236,একটি গুণোত্তর ধারার প্রথম পদ a₁ = 4 এবং প্রথম ৬টি পদের যোগফল ১০০। সাধারণ অনুপাত r কত?,1.5,2,2.5,3, B,"S₆ = a₁(r⁶ - 1)/(r - 1) = 252 ⇒ 4 × (r⁶ - 1)/(r - 1) = 252 ⇒ (r⁶ - 1)/(r - 1) = 63। পরীক্ষা: r = 2 হলে, (2⁶ - 1)/(2 - 1) = 63/1 = 63। তাই, S₆ = 4 × 63 = 252। r = 2 সঠিক।   B সঠিক।",9
ধারার বিভিন্ন সূত্র,237,একটি গুণোত্তর ধারার a₁ = 1 এবং r = 0.5। প্রথম ১০টি পদের যোগফল কত?,1.998,1.999,2,2.001, A,S₁₀ = a₁(1 - rⁿ)/(1 - r) = 1 × (1 - (0.5)¹⁰)/(1 - 0.5) = (1 - 0.0009765625)/0.5 = 0.9990234375/0.5 ≈ 1.998046875 ≈ 1.998।   A সঠিক।,9
ধারার বিভিন্ন সূত্র,238,একটি গুণোত্তর ধারার প্রথম পদ a₁ = 2 এবং প্রথম ৮টি পদের যোগফল ৫১০। সাধারণ অনুপাত r কত?,1.5,2,2.5,3, B,"S₈ = a₁(r⁸ - 1)/(r - 1) = 510 ⇒ 2 × (r⁸ - 1)/(r - 1) = 510 ⇒ (r⁸ - 1)/(r - 1) = 255। পরীক্ষা: r = 2 হলে, (2⁸ - 1)/(2 - 1) = 255/1 = 255। তাই, S₈ = 2 × 255 = 510। r = 2 সঠিক।   B সঠিক।",9
ধারার বিভিন্ন সূত্র,239,"a₁=8, r=1.25 হলে a₅ কত?",19.53,20,15.26,24.41, A,a₅ = a₁ × r⁵⁻¹ = 8 × (1.25)⁴ = 8 × (5/4)⁴ = 8 × 625/256 ≈ 19.53125 ≈ 19.53,9
ধারার বিভিন্ন সূত্র,240,"a₁=3, r=2 হলে a₅ কত?",48,54,72,96, A,a₅ = a₁ × r⁵⁻¹ = 3 × 2⁴ = 3 × 16 = 48,9
ধারার বিভিন্ন সূত্র,241,"a₁ = 6, r = ½ হলে S₅ = ____,",11.625,11.7,11.8,11.9, A,S₅ = a₁(1 − rⁿ)/(1 − r) = 6 × (1 − (½)⁵)/(1 − ½) = 6 × 31/16 = 186/16 = 11.625,9
ধারার বিভিন্ন সূত্র,242,একটি গুণোত্তর ধারার a₁ = 2 এবং r = -3। প্রথম ৭টি পদের যোগফল কত?,1070,1080,1090,1094, D,"S₇ = a₁(1 - rⁿ)/(1 - r) = 2 × (1 - (-3)⁷)/(1 - (-3)) = 2 × (1 - (-2187))/4 = 2 × 2188/4 = 1094। পদগুলো: 2, -6, 18, -54, 162, -486, 1458। যোগফল = 2 + (-6) + 18 + (-54) + 162 + (-486) + 1458 = 1094।   D সঠিক।",10
ধারার বিভিন্ন সূত্র,243,একটি গুণোত্তর ধারার প্রথম পদ a₁ = 6 এবং প্রথম ৪টি পদের যোগফল ২৪০। সাধারণ অনুপাত r কত?,2,3,4,5, B,"S₄ = a₁(r⁴ - 1)/(r - 1) = 240 ⇒ 6 × (r⁴ - 1)/(r - 1) = 240 ⇒ (r⁴ - 1)/(r - 1) = 40। পরীক্ষা: r = 3 হলে, (3⁴ - 1)/(3 - 1) = 80/2 = 40। তাই, S₄ = 6 × 40 = 240। r = 3 সঠিক।   B সঠিক।",10
ধারার বিভিন্ন সূত্র,244,একটি গুণোত্তর ধারার a₁ = 3 এবং r = 0.25। প্রথম ১০টি পদের যোগফল কত?,3.999,4,4.001,4.002, A,S₁₀ = a₁(1 - rⁿ)/(1 - r) = 3 × (1 - (0.25)¹⁰)/(1 - 0.25) = 3 × (1 - 0.00000095367431640625)/0.75 ≈ 3 × 0.9999990463256836/0.75 ≈ 3.9999961853027344 ≈ 3.999।   A সঠিক।,10
ধারার বিভিন্ন সূত্র,245,2 + 6 + 10 + 14 + ... ধারাটির প্রথম 8টি পদের যোগফল কত?,120,124,128,132, C,S₈ = n/2 × (2a₁ + (n-1)d) = 8/2 × (2×2 + 7×4) = 4 × (4 + 28) = 4 × 32 = 128,10
ধারার বিভিন্ন সূত্র,246,"a₁=9, r=0.5 হলে a₅ কত?",0.5625,0.75,1,1.25, A,a₅ = a₁ × r⁵⁻¹ = 9 × (0.5)⁴ = 9 × 1/16 = 9/16 = 0.5625,10
ধারার বিভিন্ন সূত্র,247,"a₁=5, r=0.1 হলে a₄ কত?",0.05,0.005,0.5,0.0005, B,a₄ = a₁ × r⁴⁻¹ = 5 × (0.1)³ = 5 × 0.001 = 0.005,10
ধারার বিভিন্ন সূত্র,248,6 + 10 + 14 + 18 + ... ধারাটির প্রথম 9টি পদের যোগফল কত?,190,194,198,202, C,S₉ = n/2 × (2a₁ + (n-1)d) = 9/2 × (2×6 + 8×4) = 9/2 × (12 + 32) = 9/2 × 44 = 9 × 22 = 198,10
ধারার বিভিন্ন সূত্র,249,"a₁=2, r=0.4 হলে a₆ কত?",0.02048,0.03,0.04,0.05, A,a₆ = a₁ × r⁶⁻¹ = 2 × (0.4)⁵ = 2 × 0.01024 = 0.02048,10
ধারার বিভিন্ন সূত্র,250,15 এর ঘনফল কত?,3370,3375,3380,3385,B,15×15×15 = 3375,3
