Subtopic,QuestionNumber,Question,Option A,Option B,Option C,Option D,Correct Answer,Explanation,Difficulty
সমতলক্ষেত্রের ক্ষেত্রফল,1,একটি আয়তক্ষেত্রের দৈর্ঘ্য ১০ সেমি এবং প্রস্থ ৫ সেমি। এর ক্ষেত্রফল কত বর্গ সেমি?,40,50,60,70,  B,আয়তক্ষেত্রের ক্ষেত্রফল = দৈর্ঘ্য × প্রস্থ = ১০ × ৫ = ৫০ বর্গ সেমি। Option B সঠিক।,1
সমতলক্ষেত্রের ক্ষেত্রফল,2,একটি বর্গক্ষেত্রের বাহুর দৈর্ঘ্য ৮ সেমি। এর ক্ষেত্রফল কত বর্গ সেমি?,48,56,64,72,  C,বর্গক্ষেত্রের ক্ষেত্রফল = বাহু² = ৮² = ৬৪ বর্গ সেমি। Option C সঠিক।,1
সমতলক্ষেত্রের ক্ষেত্রফল,3,একটি ত্রিভুজের ভূমি ১২ সেমি এবং উচ্চতা ৬ সেমি। এর ক্ষেত্রফল কত বর্গ সেমি?,36,42,48,54,  A,ত্রিভুজের ক্ষেত্রফল = ১/২ × ভূমি × উচ্চতা = ১/২ × ১২ × ৬ = ৩৬ বর্গ সেমি। Option A সঠিক।,1
সমতলক্ষেত্রের ক্ষেত্রফল,4,একটি বৃত্তের ব্যাসার্ধ ৭ সেমি। এর ক্ষেত্রফল কত বর্গ সেমি? (π = ৩.১৪),150.72,153.86,154,156.25,  B,বৃত্তের ক্ষেত্রফল = πr² = ৩.১৪ × ৭² = ৩.১৪ × ৪৯ = ১৫৩.৮৬ বর্গ সেমি। Option B সঠিক।,1
সমতলক্ষেত্রের ক্ষেত্রফল,5,একটি সমান্তরাল বাহু চতুর্ভুজের ভূমি ১৫ সেমি এবং উচ্চতা ৪ সেমি। এর ক্ষেত্রফল কত বর্গ সেমি?,50,60,70,80,  B,সমান্তরাল বাহু চতুর্ভুজের ক্ষেত্রফল = ভূমি × উচ্চতা = ১৫ × ৪ = ৬০ বর্গ সেমি। Option B সঠিক।,1
সমতলক্ষেত্রের ক্ষেত্রফল,6,"একটি ট্রাপিজিয়ামের সমান্তরাল বাহুগুলো ১০ সেমি এবং ৬ সেমি, এবং উচ্চতা ৫ সেমি। এর ক্ষেত্রফল কত বর্গ সেমি?",40,45,50,55,  A,ট্রাপিজিয়ামের ক্ষেত্রফল = ১/২ × (সমান্তরাল বাহুগুলোর যোগফল) × উচ্চতা = ১/২ × (১০ + ৬) × ৫ = ১/২ × ১৬ × ৫ = ৪০ বর্গ সেমি। Option A সঠিক।,2
সমতলক্ষেত্রের ক্ষেত্রফল,7,একটি বৃত্তের ব্যাস ১৪ সেমি। এর ক্ষেত্রফল কত বর্গ সেমি? (π = ৩.১৪),150.72,153.86,154,156.25,  B,ব্যাসার্ধ = ১৪/২ = ৭ সেমি। বৃত্তের ক্ষেত্রফল = πr² = ৩.১৪ × ৭² = ৩.১৪ × ৪৯ = ১৫৩.৮৬ বর্গ সেমি। Option B সঠিক।,2
সমতলক্ষেত্রের ক্ষেত্রফল,8,"একটি ত্রিভুজের তিনটি বাহুর দৈর্ঘ্য ৫ সেমি, ১২ সেমি, এবং ১৩ সেমি। এর ক্ষেত্রফল কত বর্গ সেমি?",30,36,42,48,  A,এটি একটি সমকোণী ত্রিভুজ (৫² + ১২² = ১৩²)। ক্ষেত্রফল = ১/২ × ভূমি × উচ্চতা = ১/২ × ৫ × ১২ = ৩০ বর্গ সেমি। Option A সঠিক।,2
সমতলক্ষেত্রের ক্ষেত্রফল,9,একটি আয়তক্ষেত্রের ক্ষেত্রফল ৭২ বর্গ সেমি এবং দৈর্ঘ্য ১২ সেমি। প্রস্থ কত সেমি?,5,6,7,8,  B,"ক্ষেত্রফল = দৈর্ঘ্য × প্রস্থ। তাই, ৭২ = ১২ × প্রস্থ ⇒ প্রস্থ = ৭২/১২ = ৬ সেমি। Option B সঠিক।",2
সমতলক্ষেত্রের ক্ষেত্রফল,10,একটি সমান্তরাল বাহু চতুর্ভুজের ক্ষেত্রফল ৮০ বর্গ সেমি এবং ভূমি ১০ সেমি। উচ্চতা কত সেমি?,6,7,8,9,  C,"ক্ষেত্রফল = ভূমি × উচ্চতা। তাই, ৮০ = ১০ × উচ্চতা ⇒ উচ্চতা = ৮০/১০ = ৮ সেমি। Option C সঠিক।",2
সমতলক্ষেত্রের ক্ষেত্রফল,11,একটি নিয়মিত ষড়ভুজের বাহুর দৈর্ঘ্য ৪ সেমি। এর ক্ষেত্রফল কত বর্গ সেমি?,36,41.57,48,50.24,  B,নিয়মিত ষড়ভুজের ক্ষেত্রফল = (৩√৩/২) × বাহু² = (৩ × ১.৭৩২/২) × ৪² = ২.৫৯৮ × ১৬ ≈ ৪১.৫৭ বর্গ সেমি। Option B সঠিক।,3
সমতলক্ষেত্রের ক্ষেত্রফল,12,একটি ত্রিভুজের ক্ষেত্রফল ২৪ বর্গ সেমি এবং ভূমি ৮ সেমি। উচ্চতা কত সেমি?,4,5,6,7,  C,"ক্ষেত্রফল = ১/২ × ভূমি × উচ্চতা। তাই, ২৪ = ১/২ × ৮ × উচ্চতা ⇒ উচ্চতা = (২৪ × ২) / ৮ = ৬ সেমি। Option C সঠিক।",3
সমতলক্ষেত্রের ক্ষেত্রফল,13,"একটি ট্রাপিজিয়ামের সমান্তরাল বাহুগুলো ১২ সেমি এবং ৮ সেমি, এবং ক্ষেত্রফল ৪০ বর্গ সেমি। উচ্চতা কত সেমি?",3,4,5,6,  B,"ক্ষেত্রফল = ১/২ × (সমান্তরাল বাহুগুলোর যোগফল) × উচ্চতা। তাই, ৪০ = ১/২ × (১২ + ৮) × উচ্চতা ⇒ ৪০ = ১০ × উচ্চতা ⇒ উচ্চতা = ৪ সেমি। Option B সঠিক।",3
সমতলক্ষেত্রের ক্ষেত্রফল,14,একটি বৃত্তের ক্ষেত্রফল ১৫৪ বর্গ সেমি। এর ব্যাসার্ধ কত সেমি? (π = ২২/৭),6,7,8,9,  B,"ক্ষেত্রফল = πr²। তাই, ১৫৪ = (২২/৭) × r² ⇒ r² = ১৫৪ × ৭ / ২২ = ৪৯ ⇒ r = ৭ সেমি। Option B সঠিক।",3
সমতলক্ষেত্রের ক্ষেত্রফল,15,"একটি সমান্তরাল বাহু চতুর্ভুজের দুটি সন্নিহিত বাহু ৫ সেমি এবং ১২ সেমি, এবং তাদের মধ্যবর্তী কোণ ৯০°। এর ক্ষেত্রফল কত বর্গ সেমি?",50,60,70,80,  B,ক্ষেত্রফল = বাহু × বাহু × sin(কোণ) = ৫ × ১২ × sin(৯০°) = ৫ × ১২ × ১ = ৬০ বর্গ সেমি। Option B সঠিক।,3
সমতলক্ষেত্রের ক্ষেত্রফল,16,"একটি আয়তক্ষেত্র এবং একটি বৃত্তের সমান ক্ষেত্রফল ১০০ বর্গ সেমি। যদি আয়তক্ষেত্রের দৈর্ঘ্য ২০ সেমি হয়, তবে প্রস্থ কত সেমি?",4,5,6,7,  B,"ক্ষেত্রফল = দৈর্ঘ্য × প্রস্থ। তাই, ১০০ = ২০ × প্রস্থ ⇒ প্রস্থ = ১০০/২০ = ৫ সেমি। Option B সঠিক।",4
সমতলক্ষেত্রের ক্ষেত্রফল,17,"একটি ত্রিভুজের শীর্ষবিন্দুগুলো (০,০), (৪,০), এবং (০,৩)। এর ক্ষেত্রফল কত বর্গ একক?",6,8,10,12,  A,"ভূমি = ৪, উচ্চতা = ৩। ক্ষেত্রফল = ১/২ × ভূমি × উচ্চতা = ১/২ × ৪ × ৩ = ৬ বর্গ একক। Option A সঠিক।",4
সমতলক্ষেত্রের ক্ষেত্রফল,18,একটি নিয়মিত পঞ্চভুজের বাহুর দৈর্ঘ্য ৬ সেমি। এর ক্ষেত্রফল কত বর্গ সেমি? (প্রায় মান),61.94,64.25,66.5,68.75,  A,ক্ষেত্রফল = (১/৪) × √(৫(৫ + ২√৫)) × বাহু² ≈ ১.৭২ × ৬² ≈ ৬১.৯৪ বর্গ সেমি। Option A সঠিক।,4
সমতলক্ষেত্রের ক্ষেত্রফল,19,একটি বৃত্তের অর্ধেক অংশের ক্ষেত্রফল ৭৭ বর্গ সেমি। পূর্ণ বৃত্তের ব্যাসার্ধ কত সেমি? (π = ২২/৭),6,7,8,9,  B,"অর্ধবৃত্তের ক্ষেত্রফল = ১/২ × πr²। তাই, ৭৭ = ১/২ × (২২/৭) × r² ⇒ r² = ৭৭ × ১৪ / ২২ = ৪৯ ⇒ r = ৭ সেমি। Option B সঠিক।",4
সমতলক্ষেত্রের ক্ষেত্রফল,20,"একটি ট্রাপিজিয়ামের সমান্তরাল বাহুগুলো ১৫ সেমি এবং ৯ সেমি, এবং উচ্চতা ৮ সেমি। এর ক্ষেত্রফল কত বর্গ সেমি?",88,96,104,112,  B,ক্ষেত্রফল = ১/২ × (১৫ + ৯) × ৮ = ১/২ × ২৪ × ৮ = ৯৬ বর্গ সেমি। Option B সঠিক।,4
সমতলক্ষেত্রের ক্ষেত্রফল,21,একটি সমকোণী ত্রিভুজের সমকোণ সংলগ্ন বাহুগুলো ৬ সেমি এবং ৮ সেমি। এর ক্ষেত্রফল কত বর্গ সেমি?,24,28,32,36,  A,ক্ষেত্রফল = ১/২ × ভূমি × উচ্চতা = ১/২ × ৬ × ৮ = ২৪ বর্গ সেমি। Option A সঠিক।,5
সমতলক্ষেত্রের ক্ষেত্রফল,22,একটি বৃত্তের অংশের কোণ ৯০° এবং ব্যাসার্ধ ১৪ সেমি। এর ক্ষেত্রফল কত বর্গ সেমি? (π = ২২/৭),150,154,158,162,  B,অংশের ক্ষেত্রফল = (কোণ/৩৬০°) × πr² = (৯০/৩৬০) × (২২/৭) × ১৪² = ১/৪ × ২২/৭ × ১৯৬ = ১৫৪ বর্গ সেমি। Option B সঠিক।,5
সমতলক্ষেত্রের ক্ষেত্রফল,23,"একটি ত্রিভুজের শীর্ষবিন্দুগুলো (১,১), (৫,১), এবং (৫,৪)। এর ক্ষেত্রফল কত বর্গ একক?",6,8,10,12,  A,"ভূমি = ৫ − ১ = ৪, উচ্চতা = ৪ − ১ = ৩। ক্ষেত্রফল = ১/২ × ৪ × ৩ = ৬ বর্গ একক। Option A সঠিক।",5
সমতলক্ষেত্রের ক্ষেত্রফল,24,একটি নিয়মিত ষড়ভুজের ক্ষেত্রফল ২৪√৩ বর্গ সেমি। এর বাহুর দৈর্ঘ্য কত সেমি?,3,4,5,6,  B,"ক্ষেত্রফল = (৩√৩/২) × বাহু²। তাই, ২৪√৩ = (৩√৩/২) × বাহু² ⇒ বাহু² = (২৪√৩ × ২) / (৩√৩) = ১৬ ⇒ বাহু = ৪ সেমি। Option B সঠিক।",5
সমতলক্ষেত্রের ক্ষেত্রফল,25,"একটি সমান্তরাল বাহু চতুর্ভুজের দুটি সন্নিহিত বাহু ৮ সেমি এবং ১০ সেমি, এবং তাদের মধ্যবর্তী কোণ ৬০°। এর ক্ষেত্রফল কত বর্গ সেমি?",34.64,36,38.25,40,  A,ক্ষেত্রফল = বাহু × বাহু × sin(কোণ) = ৮ × ১০ × sin(৬০°) = ৮০ × (√৩/২) ≈ ৮০ × ০.৮৬৬ = ৬৯.২৮/২ = ৩৪.৬৪ বর্গ সেমি। Option A সঠিক।,5
সমতলক্ষেত্রের ক্ষেত্রফল,26,একটি বৃত্তের ব্যাসার্ধ ১০ সেমি এবং এর একটি জ্যা ১৬ সেমি। জ্যা ও বৃত্তের কেন্দ্রের মধ্যবর্তী ত্রিভুজের ক্ষেত্রফল কত বর্গ সেমি?,48,50,52,54,  A,জ্যার অর্ধেক = ৮ সেমি। কেন্দ্র থেকে জ্যা পর্যন্ত দূরত্ব = √(১০² − ৮²) = √(১০০ − ৬৪) = ৬ সেমি। ত্রিভুজের ক্ষেত্রফল = ১/২ × জ্যা × দূরত্ব = ১/২ × ১৬ × ৬ = ৪৮ বর্গ সেমি। Option A সঠিক।,6
সমতলক্ষেত্রের ক্ষেত্রফল,27,একটি আয়তক্ষেত্রের ক্ষেত্রফল ১২০ বর্গ সেমি এবং এর দৈর্ঘ্য ও প্রস্থের অনুপাত ৩:২। দৈর্ঘ্য কত সেমি?,10,12,15,18,  C,"ধরি, দৈর্ঘ্য = ৩x, প্রস্থ = ২x। ক্ষেত্রফল = ৩x × ২x = ৬x² = ১২০ ⇒ x² = ২০ ⇒ x = √২০। দৈর্ঘ্য = ৩x = ৩ × √২০ ≈ ১৫ সেমি। Option C সঠিক।",6
সমতলক্ষেত্রের ক্ষেত্রফল,28,"একটি ত্রিভুজের শীর্ষবিন্দুগুলো (০,০), (৬,০), এবং (৩,৪)। এর ক্ষেত্রফল কত বর্গ একক?",10,12,14,16,  B,ক্ষেত্রফল = ১/২ × |x₁(y₂ − y₃) + x₂(y₃ − y₁) + x₃(y₁ − y₂)| = ১/২ × |০(০ − ৪) + ৬(৪ − ০) + ৩(০ − ০)| = ১/২ × |২৪| = ১২ বর্গ একক। Option B সঠিক।,6
সমতলক্ষেত্রের ক্ষেত্রফল,29,একটি বৃত্তের অংশের কোণ ১২০° এবং ব্যাসার্ধ ২১ সেমি। এর ক্ষেত্রফল কত বর্গ সেমি? (π = ২২/৭),462,468,472,476,  A,ক্ষেত্রফল = (১২০/৩৬০) × (২২/৭) × ২১² = ১/৩ × ২২/৭ × ৪৪১ = ২২ × ৬৩ / ৩ = ৪৬২ বর্গ সেমি। Option A সঠিক।,6
সমতলক্ষেত্রের ক্ষেত্রফল,30,"একটি ট্রাপিজিয়ামের সমান্তরাল বাহুগুলো ২০ সেমি এবং ১২ সেমি, এবং অসমান্তরাল বাহুগুলো ১০ সেমি। এর ক্ষেত্রফল কত বর্গ সেমি?",128,132,136,140,  A,উচ্চতা = √(১০² − ((২০ − ১২)/২)²) = √(১০০ − ১৬) = ৮ সেমি। ক্ষেত্রফল = ১/২ × (২০ + ১২) × ৮ = ১২৮ বর্গ সেমি। Option A সঠিক।,6
সমতলক্ষেত্রের ক্ষেত্রফল,31,একটি বৃত্তের ব্যাসার্ধ ১৪ সেমি এবং এর একটি অংশের কোণ ৬০°। অংশটির ক্ষেত্রফল কত বর্গ সেমি? (π = ২২/৭),100.57,102.67,104.76,106.86,  B,ক্ষেত্রফল = (৬০/৩৬০) × (২২/৭) × ১৪² = ১/৬ × ২২/৭ × ১৯৬ = ৬১৬/৬ ≈ ১০২.৬৭ বর্গ সেমি। Option B সঠিক।,7
সমতলক্ষেত্রের ক্ষেত্রফল,32,"একটি ত্রিভুজের শীর্ষবিন্দুগুলো (২,১), (৬,৫), এবং (৮,২)। এর ক্ষেত্রফল কত বর্গ একক?",16,18,20,22,  C,ক্ষেত্রফল = ১/২ × |২(৫ − ২) + ৬(২ − ১) + ৮(১ − ৫)| = ১/২ × |৬ + ৬ − ৩২| = ১/২ × ৪০ = ২০ বর্গ একক। Option C সঠিক।,7
সমতলক্ষেত্রের ক্ষেত্রফল,33,একটি নিয়মিত অষ্টভুজের বাহুর দৈর্ঘ্য ৫ সেমি। এর ক্ষেত্রফল কত বর্গ সেমি? (প্রায় মান),120.71,122.83,124.95,126.27,  A,ক্ষেত্রফল = ২(১ + √২) × বাহু² ≈ ৪.৮২৮ × ৫² ≈ ১২০.৭১ বর্গ সেমি। Option A সঠিক।,7
সমতলক্ষেত্রের ক্ষেত্রফল,34,একটি বৃত্তের ব্যাসার্ধ ১৫ সেমি এবং এর একটি জ্যার দৈর্ঘ্য ২৪ সেমি। জ্যা ও বৃত্তের কেন্দ্রের মধ্যবর্তী ত্রিভুজের ক্ষেত্রফল কত বর্গ সেমি?,108,112,116,120,  A,জ্যার অর্ধেক = ১২ সেমি। দূরত্ব = √(১৫² − ১২²) = √(২২৫ − ১৪৪) = ৯ সেমি। ক্ষেত্রফল = ১/২ × ২৪ × ৯ = ১০৮ বর্গ সেমি। Option A সঠিক।,7
সমতলক্ষেত্রের ক্ষেত্রফল,35,"একটি ট্রাপিজিয়ামের সমান্তরাল বাহুগুলো ১৮ সেমি এবং ১০ সেমি, এবং অসমান্তরাল বাহুগুলো ১৩ সেমি। এর ক্ষেত্রফল কত বর্গ সেমি?",144,148,152,156,  A,উচ্চতা = √(১৩² − ((১৮ − ১০)/২)²) = √(১৬৯ − ১৬) = ১২ সেমি। ক্ষেত্রফল = ১/২ × (১৮ + ১০) × ১২ = ১৪৪ বর্গ সেমি। Option A সঠিক।,7
সমতলক্ষেত্রের ক্ষেত্রফল,36,একটি বৃত্তের ব্যাসার্ধ ১০ সেমি এবং এর একটি অংশের কোণ ১৮০°। অংশটির ক্ষেত্রফল কত বর্গ সেমি? (π = ৩.১৪),154,157,160,163,  B,ক্ষেত্রফল = (১৮০/৩৬০) × ৩.১৪ × ১০² = ১/২ × ৩.১৪ × ১০০ = ১৫৭ বর্গ সেমি। Option B সঠিক।,8
সমতলক্ষেত্রের ক্ষেত্রফল,37,"একটি ত্রিভুজের শীর্ষবিন্দুগুলো (০,০), (৪,৩), এবং (৬,১)। এর ক্ষেত্রফল কত বর্গ একক?",7,8,9,10,  A,ক্ষেত্রফল = ১/২ × |০(৩ − ১) + ৪(১ − ০) + ৬(০ − ৩)| = ১/২ × |৪ − ১৮| = ১/২ × ১৪ = ৭ বর্গ একক। Option A সঠিক।,8
সমতলক্ষেত্রের ক্ষেত্রফল,38,একটি নিয়মিত পঞ্চভুজের ক্ষেত্রফল ১৭২.৫ বর্গ সেমি। এর বাহুর দৈর্ঘ্য কত সেমি? (প্রায় মান),8,9,10,11,  C,"ক্ষেত্রফল = (১/৪) × √(৫(৫ + ২√৫)) × বাহু² ≈ ১.৭২১ × বাহু²/৪। তাই, ১৭২.৫ = ০.৪৩০ × বাহু² ⇒ বাহু² = ৪০১.১৬ ⇒ বাহু ≈ ১০ সেমি। Option C সঠিক।",8
সমতলক্ষেত্রের ক্ষেত্রফল,39,একটি বৃত্তের ব্যাসার্ধ ১২ সেমি এবং এর একটি অংশের কোণ ১৫০°। এর ক্ষেত্রফল কত বর্গ সেমি? (π = ৩.১৪),188.4,190.4,192.4,194.4,  A,ক্ষেত্রফল = (১৫০/৩৬০) × ৩.১৪ × ১২² = (৫/১২) × ৩.১৪ × ১৪৪ ≈ ১৮৮.৪ বর্গ সেমি। Option A সঠিক।,8
সমতলক্ষেত্রের ক্ষেত্রফল,40,"একটি ট্রাপিজিয়ামের সমান্তরাল বাহুগুলো ২২ সেমি এবং ১৪ সেমি, এবং অসমান্তরাল বাহুগুলো ১০ সেমি। এর ক্ষেত্রফল কত বর্গ সেমি?",180,184,188,192,  A,উচ্চতা = √(১০² − ((২২ − ১৪)/২)²) = √(১০০ − ১৬) = ৮ সেমি। ক্ষেত্রফল = ১/২ × (২২ + ১৪) × ৮ = ১৮০ বর্গ সেমি। Option A সঠিক।,8
সমতলক্ষেত্রের ক্ষেত্রফল,41,একটি বৃত্তের ব্যাসার্ধ ৮ সেমি এবং এর একটি অংশের কোণ ২৭০°। অংশটির ক্ষেত্রফল কত বর্গ সেমি? (π = ৩.১৪),150.72,151.84,152.96,154.08,  A,ক্ষেত্রফল = (২৭০/৩৬০) × ৩.১৪ × ৮² = ৩/৪ × ৩.১৪ × ৬৪ = ১৫০.৭২ বর্গ সেমি। Option A সঠিক।,9
সমতলক্ষেত্রের ক্ষেত্রফল,42,"একটি ত্রিভুজের শীর্ষবিন্দুগুলো (১,২), (৫,৬), এবং (৭,৩)। এর ক্ষেত্রফল কত বর্গ একক?",10,11,12,13,  A,ক্ষেত্রফল = ১/২ × |১(৬ − ৩) + ৫(৩ − ২) + ৭(২ − ৬)| = ১/২ × |৩ + ৫ − ২৮| = ১/২ × ২০ = ১০ বর্গ একক। Option A সঠিক।,9
সমতলক্ষেত্রের ক্ষেত্রফল,43,একটি নিয়মিত অষ্টভুজের ক্ষেত্রফল ৪৮২.৮৪ বর্গ সেমি। এর বাহুর দৈর্ঘ্য কত সেমি? (প্রায় মান),9,10,11,12,  B,"ক্ষেত্রফল = ২(১ + √২) × বাহু² ≈ ৪.৮২৮ × বাহু²। তাই, ৪৮২.৮৪ = ৪.৮২৮ × বাহু² ⇒ বাহু² = ১০০ ⇒ বাহু = ১০ সেমি। Option B সঠিক।",9
সমতলক্ষেত্রের ক্ষেত্রফল,44,একটি বৃত্তের ব্যাসার্ধ ১০ সেমি এবং এর একটি জ্যার দৈর্ঘ্য ১২ সেমি। জ্যা ও বৃত্তের কেন্দ্রের মধ্যবর্তী ত্রিভুজের ক্ষেত্রফল কত বর্গ সেমি?,48,50,52,54,  A,জ্যার অর্ধেক = ৬ সেমি। দূরত্ব = √(১০² − ৬²) = √(১০০ − ৩৬) = ৮ সেমি। ক্ষেত্রফল = ১/২ × ১২ × ৮ = ৪৮ বর্গ সেমি। Option A সঠিক।,9
সমতলক্ষেত্রের ক্ষেত্রফল,45,"একটি ট্রাপিজিয়ামের সমান্তরাল বাহুগুলো ২৪ সেমি এবং ১৬ সেমি, এবং অসমান্তরাল বাহুগুলো ১৭ সেমি। এর ক্ষেত্রফল কত বর্গ সেমি?",320,324,328,332,  A,উচ্চতা = √(১৭² − ((২৪ − ১৬)/২)²) = √(২৮৯ − ১৬) = ১৬ সেমি। ক্ষেত্রফল = ১/২ × (২৪ + ১৬) × ১৬ = ৩২০ বর্গ সেমি। Option A সঠিক।,9
সমতলক্ষেত্রের ক্ষেত্রফল,46,একটি বৃত্তের ব্যাসার্ধ ১৫ সেমি এবং এর একটি অংশের কোণ ২৪০°। অংশটির ক্ষেত্রফল কত বর্গ সেমি? (π = ৩.১৪),471,472.5,475,477,  A,ক্ষেত্রফল = (২৪০/৩৬০) × ৩.১৪ × ১৫² = ২/৩ × ৩.১৪ × ২২৫ = ৪৭১ বর্গ সেমি। Option A সঠিক।,10
সমতলক্ষেত্রের ক্ষেত্রফল,47,"একটি ত্রিভুজের শীর্ষবিন্দুগুলো (২,৩), (৮,৭), এবং (১০,৪)। এর ক্ষেত্রফল কত বর্গ একক?",15,16,17,18,  A,ক্ষেত্রফল = ১/২ × |২(৭ − ৪) + ৮(৪ − ৩) + ১০(৩ − ৭)| = ১/২ × |৬ + ৮ − ৪০| = ১/২ × ৩০ = ১৫ বর্গ একক। Option A সঠিক।,10
সমতলক্ষেত্রের ক্ষেত্রফল,48,একটি নিয়মিত ষড়ভুজের ক্ষেত্রফল ১০৩.৯২ বর্গ সেমি। এর বাহুর দৈর্ঘ্য কত সেমি?,6,7,8,9,  A,"ক্ষেত্রফল = (৩√৩/২) × বাহু² ≈ ২.৫৯৮ × বাহু²। তাই, ১০৩.৯২ = ২.৫৯৮ × বাহু² ⇒ বাহু² = ৩৬ ⇒ বাহু = ৬ সেমি। Option A সঠিক।",10
সমতলক্ষেত্রের ক্ষেত্রফল,49,একটি বৃত্তের ব্যাসার্ধ ১৮ সেমি এবং এর একটি জ্যার দৈর্ঘ্য ৩০ সেমি। জ্যা ও বৃত্তের কেন্দ্রের মধ্যবর্তী ত্রিভুজের ক্ষেত্রফল কত বর্গ সেমি?,135,140,145,150,  A,জ্যার অর্ধেক = ১৫ সেমি। দূরত্ব = √(১৮² − ১৫²) = √(৩২৪ − ২২৫) = ৯ সেমি। ক্ষেত্রফল = ১/২ × ৩০ × ৯ = ১৩৫ বর্গ সেমি। Option A সঠিক।,10
সমতলক্ষেত্রের ক্ষেত্রফল,50,"একটি ট্রাপিজিয়ামের সমান্তরাল বাহুগুলো ৩০ সেমি এবং ২০ সেমি, এবং অসমান্তরাল বাহুগুলো ১৩ সেমি। এর ক্ষেত্রফল কত বর্গ সেমি?",300,312,324,336,  A,উচ্চতা = √(১৩² − ((৩০ − ২০)/২)²) = √(১৬৯ − ২৫) = ১২ সেমি। ক্ষেত্রফল = ১/২ × (৩০ + ২০) × ১২ = ৩০০ বর্গ সেমি। Option A সঠিক।,10
সমতলক্ষেত্রের ক্ষেত্রফল,51,একটি সমকোণী ত্রিভুজের সমকোণ সংলগ্ন বাহুগুলো ৩ সেমি এবং ৪ সেমি। এর ক্ষেত্রফল কত বর্গ সেমি?,6,8,10,12,  A,ক্ষেত্রফল = ১/২ × ভূমি × উচ্চতা = ১/২ × ৩ × ৪ = ৬ বর্গ সেমি। Option A সঠিক।,1
সমতলক্ষেত্রের ক্ষেত্রফল,52,একটি আয়তক্ষেত্রের দৈর্ঘ্য ১২ সেমি এবং প্রস্থ ৫ সেমি। এর কর্ণের দৈর্ঘ্য কত সেমি? (পিথাগোরাসের উপপাদ্য ব্যবহার করুন),11,13,15,17,  B,কর্ণ = √(দৈর্ঘ্য² + প্রস্থ²) = √(১২² + ৫²) = √(১৪৪ + ২৫) = √১৬৯ = ১৩ সেমি। Option B সঠিক।,1
সমতলক্ষেত্রের ক্ষেত্রফল,53,"একটি সমকোণী ত্রিভুজের বাহুগুলো ৬ সেমি, ৮ সেমি, এবং ১০ সেমি। এর ক্ষেত্রফল কত বর্গ সেমি?",20,24,28,32,  B,এটি একটি সমকোণী ত্রিভুজ (৬² + ৮² = ১০²)। ক্ষেত্রফল = ১/২ × ৬ × ৮ = ২৪ বর্গ সেমি। Option B সঠিক।,1
সমতলক্ষেত্রের ক্ষেত্রফল,54,একটি সমান্তরাল বাহু চতুর্ভুজের ভূমি ১০ সেমি এবং উচ্চতা ৬ সেমি। এর ক্ষেত্রফল কত বর্গ সেমি?,50,60,70,80,  B,ক্ষেত্রফল = ভূমি × উচ্চতা = ১০ × ৬ = ৬০ বর্গ সেমি। Option B সঠিক।,2
সমতলক্ষেত্রের ক্ষেত্রফল,55,একটি সমকোণী ত্রিভুজের সমকোণ সংলগ্ন বাহুগুলো ৫ সেমি এবং ১২ সেমি। এর ক্ষেত্রফল কত বর্গ সেমি?,25,30,35,40,  B,ক্ষেত্রফল = ১/২ × ৫ × ১২ = ৩০ বর্গ সেমি। Option B সঠিক।,2
সমতলক্ষেত্রের ক্ষেত্রফল,56,একটি আয়তক্ষেত্রের দৈর্ঘ্য ১৫ সেমি এবং প্রস্থ ৮ সেমি। পিথাগোরাসের উপপাদ্য ব্যবহার করে এর কর্ণের দৈর্ঘ্য কত সেমি?,16,17,18,19,  B,কর্ণ = √(১৫² + ৮²) = √(২২৫ + ৬৪) = √২৮৯ = ১৭ সেমি। Option B সঠিক।,2
সমতলক্ষেত্রের ক্ষেত্রফল,57,"একটি ট্রাপিজিয়ামের সমান্তরাল বাহুগুলো ১৪ সেমি এবং ৬ সেমি, এবং উচ্চতা ৫ সেমি। এর ক্ষেত্রফল কত বর্গ সেমি?",45,50,55,60,  B,ক্ষেত্রফল = ১/২ × (১৪ + ৬) × ৫ = ১/২ × ২০ × ৫ = ৫০ বর্গ সেমি। Option B সঠিক।,3
সমতলক্ষেত্রের ক্ষেত্রফল,58,একটি সমকোণী ত্রিভুজের অতিভুজ ১৩ সেমি এবং একটি বাহু ৫ সেমি। অন্য বাহু কত সেমি? (পিথাগোরাসের উপপাদ্য ব্যবহার করুন),10,11,12,13,  C,অন্য বাহু = √(১৩² − ৫²) = √(১৬৯ − ২৫) = √১৪৪ = ১২ সেমি। Option C সঠিক।,3
সমতলক্ষেত্রের ক্ষেত্রফল,59,"একটি সমকোণী ত্রিভুজের বাহুগুলো ৯ সেমি, ১২ সেমি, এবং ১৫ সেমি। এর ক্ষেত্রফল কত বর্গ সেমি?",48,54,60,66,  B,এটি একটি সমকোণী ত্রিভুজ (৯² + ১২² = ১৫²)। ক্ষেত্রফল = ১/২ × ৯ × ১২ = ৫৪ বর্গ সেমি। Option B সঠিক।,3
সমতলক্ষেত্রের ক্ষেত্রফল,60,একটি বৃত্তের ব্যাসার্ধ ৫ সেমি। এর ক্ষেত্রফল কত বর্গ সেমি? (π = ৩.১৪),76.5,78.5,80.5,82.5,  B,ক্ষেত্রফল = πr² = ৩.১৪ × ৫² = ৩.১৪ × ২৫ = ৭৮.৫০ বর্গ সেমি। Option B সঠিক।,4
সমতলক্ষেত্রের ক্ষেত্রফল,61,একটি সমকোণী ত্রিভুজের সমকোণ সংলগ্ন বাহুগুলো ৮ সেমি এবং ১৫ সেমি। এর ক্ষেত্রফল কত বর্গ সেমি?,60,70,80,90,  A,ক্ষেত্রফল = ১/২ × ৮ × ১৫ = ৬০ বর্গ সেমি। Option A সঠিক।,4
সমতলক্ষেত্রের ক্ষেত্রফল,62,একটি আয়তক্ষেত্রের দৈর্ঘ্য ১০ সেমি এবং কর্ণ ২৬ সেমি। প্রস্থ কত সেমি? (পিথাগোরাসের উপপাদ্য ব্যবহার করুন),22,23,24,25,  C,প্রস্থ = √(২৬² − ১০²) = √(৬৭৬ − ১০০) = √৫৭৬ = ২৪ সেমি। Option C সঠিক।,4
সমতলক্ষেত্রের ক্ষেত্রফল,63,"একটি ট্রাপিজিয়ামের সমান্তরাল বাহুগুলো ১৬ সেমি এবং ৮ সেমি, এবং উচ্চতা ৬ সেমি। এর ক্ষেত্রফল কত বর্গ সেমি?",72,76,80,84,  A,ক্ষেত্রফল = ১/২ × (১৬ + ৮) × ৬ = ১/২ × ২৪ × ৬ = ৭২ বর্গ সেমি। Option A সঠিক।,5
সমতলক্ষেত্রের ক্ষেত্রফল,64,একটি সমকোণী ত্রিভুজের অতিভুজ ১৭ সেমি এবং একটি বাহু ৮ সেমি। এর ক্ষেত্রফল কত বর্গ সেমি?,50,60,70,80,  B,অন্য বাহু = √(১৭² − ৮²) = √(২৮৯ − ৬৪) = √২২৫ = ১৫ সেমি। ক্ষেত্রফল = ১/২ × ৮ × ১৫ = ৬০ বর্গ সেমি। Option B সঠিক।,5
সমতলক্ষেত্রের ক্ষেত্রফল,65,একটি নিয়মিত ষড়ভুজের বাহুর দৈর্ঘ্য ৬ সেমি। এর ক্ষেত্রফল কত বর্গ সেমি?,90,93.53,96,99.12,  B,ক্ষেত্রফল = (৩√৩/২) × ৬² = ২.৫৯৮ × ৩৬ ≈ ৯৩.৫৩ বর্গ সেমি। Option B সঠিক।,5
সমতলক্ষেত্রের ক্ষেত্রফল,66,একটি বৃত্তের অংশের কোণ ১২০° এবং ব্যাসার্ধ ৭ সেমি। এর ক্ষেত্রফল কত বর্গ সেমি? (π = ২২/৭),50.29,51.33,52.67,53.14,  B,ক্ষেত্রফল = (১২০/৩৬০) × (২২/৭) × ৭² = ১/৩ × ২২/৭ × ৪৯ = ১৫৪/৩ ≈ ৫১.৩৩ বর্গ সেমি। Option B সঠিক।,6
সমতলক্ষেত্রের ক্ষেত্রফল,67,একটি সমকোণী ত্রিভুজের সমকোণ সংলগ্ন বাহুগুলো ৭ সেমি এবং ২৪ সেমি। এর ক্ষেত্রফল কত বর্গ সেমি?,84,88,92,96,  A,ক্ষেত্রফল = ১/২ × ৭ × ২৪ = ৮৪ বর্গ সেমি। Option A সঠিক।,6
সমতলক্ষেত্রের ক্ষেত্রফল,68,একটি আয়তক্ষেত্রের প্রস্থ ৬ সেমি এবং কর্ণ ১০ সেমি। এর ক্ষেত্রফল কত বর্গ সেমি?,40,48,56,64,  B,দৈর্ঘ্য = √(১০² − ৬²) = √(১০০ − ৩৬) = ৮ সেমি। ক্ষেত্রফল = ৮ × ৬ = ৪৮ বর্গ সেমি। Option B সঠিক।,6
সমতলক্ষেত্রের ক্ষেত্রফল,69,"একটি ট্রাপিজিয়ামের সমান্তরাল বাহুগুলো ১৮ সেমি এবং ১০ সেমি, এবং অসমান্তরাল বাহুগুলো ১০ সেমি। এর ক্ষেত্রফল কত বর্গ সেমি?",112,120,128,136,  A,উচ্চতা = √(১০² − ((১৮ − ১০)/২)²) = √(১০০ − ১৬) = ৮ সেমি। ক্ষেত্রফল = ১/২ × (১৮ + ১০) × ৮ = ১১২ বর্গ সেমি। Option A সঠিক।,7
সমতলক্ষেত্রের ক্ষেত্রফল,70,একটি সমকোণী ত্রিভুজের অতিভুজ ২৫ সেমি এবং একটি বাহু ৭ সেমি। এর ক্ষেত্রফল কত বর্গ সেমি?,84,88,92,96,  A,অন্য বাহু = √(২৫² − ৭²) = √(৬২৫ − ৪৯) = √৫৭৬ = ২৪ সেমি। ক্ষেত্রফল = ১/২ × ৭ × ২৪ = ৮৪ বর্গ সেমি। Option A সঠিক।,7
সমতলক্ষেত্রের ক্ষেত্রফল,71,"একটি ত্রিভুজের শীর্ষবিন্দুগুলো (০,০), (৫,০), এবং (০,১২)। এর ক্ষেত্রফল কত বর্গ একক?",25,30,35,40,  B,"ভূমি = ৫, উচ্চতা = ১২। ক্ষেত্রফল = ১/২ × ৫ × ১২ = ৩০ বর্গ একক। Option B সঠিক।",7
সমতলক্ষেত্রের ক্ষেত্রফল,72,একটি বৃত্তের অংশের কোণ ১৮০° এবং ব্যাসার্ধ ১৪ সেমি। এর ক্ষেত্রফল কত বর্গ সেমি? (π = ২২/৭),304,308,312,316,  B,ক্ষেত্রফল = (১৮০/৩৬০) × (২২/৭) × ১৪² = ১/২ × ২২/৭ × ১৯৬ = ৩০৮ বর্গ সেমি। Option B সঠিক।,8
সমতলক্ষেত্রের ক্ষেত্রফল,73,একটি সমকোণী ত্রিভুজের সমকোণ সংলগ্ন বাহুগুলো ১০ সেমি এবং ২৪ সেমি। এর ক্ষেত্রফল কত বর্গ সেমি?,110,120,130,140,  B,ক্ষেত্রফল = ১/২ × ১০ × ২৪ = ১২০ বর্গ সেমি। Option B সঠিক।,8
সমতলক্ষেত্রের ক্ষেত্রফল,74,"একটি ত্রিভুজের শীর্ষবিন্দুগুলো (১,১), (৬,৪), এবং (৪,৬)। এর ক্ষেত্রফল কত বর্গ একক?",13,14,15,16,  B,ক্ষেত্রফল = ১/২ × |১(৪ − ৬) + ৬(৬ − ১) + ৪(১ − ৪)| = ১/২ × |−২ + ৩০ − ১২| = ১/২ × ২৮ = ১৪ বর্গ একক। Option B সঠিক।,8
ক্ষেত্রফল সম্পর্কিত উপপাদ্য,75,একটি সমকোণী ত্রিভুজের সমকোণ সংলগ্ন বাহুগুলো ৬ সেমি এবং ৮ সেমি। পিথাগোরাসের উপপাদ্য ব্যবহার করে এর ক্ষেত্রফল কত বর্গ সেমি?,20,24,28,32,  B,ক্ষেত্রফল = ১/২ × ভূমি × উচ্চতা = ১/২ × ৬ × ৮ = ২৪ বর্গ সেমি। Option B সঠিক।,1
ক্ষেত্রফল সম্পর্কিত উপপাদ্য,76,একটি সমান্তরাল বাহু চতুর্ভুজের ভূমি ১০ সেমি এবং উচ্চতা ৫ সেমি। এর ক্ষেত্রফল কত বর্গ সেমি?,40,50,60,70,  B,ক্ষেত্রফল = ভূমি × উচ্চতা = ১০ × ৫ = ৫০ বর্গ সেমি। Option B সঠিক।,1
ক্ষেত্রফল সম্পর্কিত উপপাদ্য,77,দুটি সদৃশ ত্রিভুজের বাহুগুলোর অনুপাত ২:৩। তাদের ক্ষেত্রফলের অনুপাত কত?,2:03,3:02,4:09,9:04,  C,সদৃশ ত্রিভুজের ক্ষেত্রফলের অনুপাত = বাহুগুলোর অনুপাতের বর্গ = (২/৩)² = ৪:৯। Option C সঠিক।,1
ক্ষেত্রফল সম্পর্কিত উপপাদ্য,78,একটি ত্রিভুজের ভূমি ১২ সেমি এবং উচ্চতা ৪ সেমি। এর ক্ষেত্রফল কত বর্গ সেমি?,20,24,28,32,  B,ক্ষেত্রফল = ১/২ × ভূমি × উচ্চতা = ১/২ × ১২ × ৪ = ২৪ বর্গ সেমি। Option B সঠিক।,1
ক্ষেত্রফল সম্পর্কিত উপপাদ্য,79,"একটি সমকোণী ত্রিভুজের বাহুগুলো ৩ সেমি, ৪ সেমি, এবং ৫ সেমি। এর ক্ষেত্রফল কত বর্গ সেমি?",6,8,10,12,  A,এটি একটি সমকোণী ত্রিভুজ (৩² + ৪² = ৫²)। ক্ষেত্রফল = ১/২ × ৩ × ৪ = ৬ বর্গ সেমি। Option A সঠিক।,1
ক্ষেত্রফল সম্পর্কিত উপপাদ্য,80,"একটি ট্রাপিজিয়ামের সমান্তরাল বাহুগুলো ১০ সেমি এবং ৬ সেমি, এবং উচ্চতা ৪ সেমি। এর ক্ষেত্রফল কত বর্গ সেমি?",28,32,36,40,  B,ক্ষেত্রফল = ১/২ × (সমান্তরাল বাহুগুলোর যোগফল) × উচ্চতা = ১/২ × (১০ + ৬) × ৪ = ৩২ বর্গ সেমি। Option B সঠিক।,2
ক্ষেত্রফল সম্পর্কিত উপপাদ্য,81,দুটি সদৃশ ত্রিভুজের ক্ষেত্রফল ২৫ বর্গ সেমি এবং ৩৬ বর্গ সেমি। তাদের বাহুগুলোর অনুপাত কত?,5:06,6:05,25:36:00,36:25:00,  A,বাহুগুলোর অনুপাত = √(ক্ষেত্রফলের অনুপাত) = √(২৫/৩৬) = ৫/৬। Option A সঠিক।,2
ক্ষেত্রফল সম্পর্কিত উপপাদ্য,82,একটি সমকোণী ত্রিভুজের সমকোণ সংলগ্ন বাহুগুলো ৫ সেমি এবং ১২ সেমি। পিথাগোরাসের উপপাদ্য ব্যবহার করে এর ক্ষেত্রফল কত বর্গ সেমি?,25,30,35,40,  B,ক্ষেত্রফল = ১/২ × ৫ × ১২ = ৩০ বর্গ সেমি। Option B সঠিক।,2
ক্ষেত্রফল সম্পর্কিত উপপাদ্য,83,একটি সমান্তরাল বাহু চতুর্ভুজের ক্ষেত্রফল ৬০ বর্গ সেমি এবং ভূমি ১২ সেমি। উচ্চতা কত সেমি?,4,5,6,7,  B,"ক্ষেত্রফল = ভূমি × উচ্চতা। তাই, ৬০ = ১২ × উচ্চতা ⇒ উচ্চতা = ৬০/১২ = ৫ সেমি। Option B সঠিক।",2
ক্ষেত্রফল সম্পর্কিত উপপাদ্য,84,"একটি সমকোণী ত্রিভুজের বাহুগুলো ৮ সেমি, ১৫ সেমি, এবং ১৭ সেমি। এর ক্ষেত্রফল কত বর্গ সেমি?",50,60,70,80,  B,এটি একটি সমকোণী ত্রিভুজ (৮² + ১৫² = ১৭²)। ক্ষেত্রফল = ১/২ × ৮ × ১৫ = ৬০ বর্গ সেমি। Option B সঠিক।,2
ক্ষেত্রফল সম্পর্কিত উপপাদ্য,85,একটি ত্রিভুজের ক্ষেত্রফল ৩০ বর্গ সেমি এবং ভূমি ১০ সেমি। উচ্চতা কত সেমি?,4,5,6,7,  C,"ক্ষেত্রফল = ১/২ × ভূমি × উচ্চতা। তাই, ৩০ = ১/২ × ১০ × উচ্চতা ⇒ উচ্চতা = (৩০ × ২) / ১০ = ৬ সেমি। Option C সঠিক।",3
ক্ষেত্রফল সম্পর্কিত উপপাদ্য,86,"দুটি সদৃশ ত্রিভুজের বাহুগুলোর অনুপাত ৩:৫। যদি ছোট ত্রিভুজের ক্ষেত্রফল ২৭ বর্গ সেমি হয়, তবে বড় ত্রিভুজের ক্ষেত্রফল কত বর্গ সেমি?",75,80,85,90,  A,ক্ষেত্রফলের অনুপাত = (৩/৫)² = ৯/২৫। বড় ত্রিভুজের ক্ষেত্রফল = ২৭ × (২৫/৯) = ৭৫ বর্গ সেমি। Option A সঠিক।,3
ক্ষেত্রফল সম্পর্কিত উপপাদ্য,87,একটি সমকোণী ত্রিভুজের অতিভুজ ১৩ সেমি এবং একটি বাহু ৫ সেমি। এর ক্ষেত্রফল কত বর্গ সেমি?,25,30,35,40,  B,অন্য বাহু = √(১৩² − ৫²) = √(১৬৯ − ২৫) = ১২ সেমি। ক্ষেত্রফল = ১/২ × ৫ × ১২ = ৩০ বর্গ সেমি। Option B সঠিক।,3
ক্ষেত্রফল সম্পর্কিত উপপাদ্য,88,"একটি ট্রাপিজিয়ামের সমান্তরাল বাহুগুলো ১২ সেমি এবং ৮ সেমি, এবং উচ্চতা ৫ সেমি। এর ক্ষেত্রফল কত বর্গ সেমি?",45,50,55,60,  B,ক্ষেত্রফল = ১/২ × (১২ + ৮) × ৫ = ১/২ × ২০ × ৫ = ৫০ বর্গ সেমি। Option B সঠিক।,3
ক্ষেত্রফল সম্পর্কিত উপপাদ্য,89,একটি সমকোণী ত্রিভুজের সমকোণ সংলগ্ন বাহুগুলো ৭ সেমি এবং ২৪ সেমি। এর ক্ষেত্রফল কত বর্গ সেমি?,84,88,92,96,  A,ক্ষেত্রফল = ১/২ × ৭ × ২৪ = ৮৪ বর্গ সেমি। Option A সঠিক।,3
ক্ষেত্রফল সম্পর্কিত উপপাদ্য,90,একটি বৃত্তের অংশের কোণ ৯০° এবং ব্যাসার্ধ ৭ সেমি। এর ক্ষেত্রফল কত বর্গ সেমি? (π = ২২/৭),37.25,38.5,39.75,40.25,  B,ক্ষেত্রফল = (৯০/৩৬০) × (২২/৭) × ৭² = ১/৪ × ২২/৭ × ৪৯ = ১৫৪/৪ = ৩৮.৫০ বর্গ সেমি। Option B সঠিক।,4
ক্ষেত্রফল সম্পর্কিত উপপাদ্য,91,দুটি সদৃশ ত্রিভুজের ক্ষেত্রফল ১৬ বর্গ সেমি এবং ৪৯ বর্গ সেমি। তাদের বাহুগুলোর অনুপাত কত?,4:07,7:04,16:49,49:16:00,  A,বাহুগুলোর অনুপাত = √(১৬/৪৯) = ৪/৭। Option A সঠিক।,4
ক্ষেত্রফল সম্পর্কিত উপপাদ্য,92,একটি সমকোণী ত্রিভুজের অতিভুজ ১৭ সেমি এবং একটি বাহু ৮ সেমি। এর ক্ষেত্রফল কত বর্গ সেমি?,50,60,70,80,  B,অন্য বাহু = √(১৭² − ৮²) = √(২৮৯ − ৬৪) = ১৫ সেমি। ক্ষেত্রফল = ১/২ × ৮ × ১৫ = ৬০ বর্গ সেমি। Option B সঠিক।,4
ক্ষেত্রফল সম্পর্কিত উপপাদ্য,93,"একটি ত্রিভুজের শীর্ষবিন্দুগুলো (০,০), (৪,০), এবং (০,৩)। এর ক্ষেত্রফল কত বর্গ একক?",6,8,10,12,  A,"ভূমি = ৪, উচ্চতা = ৩। ক্ষেত্রফল = ১/২ × ৪ × ৩ = ৬ বর্গ একক। Option A সঠিক।",4
ক্ষেত্রফল সম্পর্কিত উপপাদ্য,94,"একটি সমান্তরাল বাহু চতুর্ভুজের দুটি সন্নিহিত বাহু ৬ সেমি এবং ৮ সেমি, এবং তাদের মধ্যবর্তী কোণ ৯০°। এর ক্ষেত্রফল কত বর্গ সেমি?",40,44,48,52,  C,ক্ষেত্রফল = বাহু × বাহু × sin(কোণ) = ৬ × ৮ × sin(৯০°) = ৪৮ বর্গ সেমি। Option C সঠিক।,4
ক্ষেত্রফল সম্পর্কিত উপপাদ্য,95,"একটি ট্রাপিজিয়ামের সমান্তরাল বাহুগুলো ১৫ সেমি এবং ৯ সেমি, এবং উচ্চতা ৬ সেমি। এর ক্ষেত্রফল কত বর্গ সেমি?",72,76,80,84,  A,ক্ষেত্রফল = ১/২ × (১৫ + ৯) × ৬ = ১/২ × ২৪ × ৬ = ৭২ বর্গ সেমি। Option A সঠিক।,5
ক্ষেত্রফল সম্পর্কিত উপপাদ্য,96,"দুটি সদৃশ ত্রিভুজের বাহুগুলোর অনুপাত ৪:৭। যদি বড় ত্রিভুজের ক্ষেত্রফল ৪৯ বর্গ সেমি হয়, তবে ছোট ত্রিভুজের ক্ষেত্রফল কত বর্গ সেমি?",14,16,18,20,  B,ক্ষেত্রফলের অনুপাত = (৪/৭)² = ১৬/৪৯। ছোট ত্রিভুজের ক্ষেত্রফল = ৪৯ × (১৬/৪৯) = ১৬ বর্গ সেমি। Option B সঠিক।,5
ক্ষেত্রফল সম্পর্কিত উপপাদ্য,97,একটি সমকোণী ত্রিভুজের সমকোণ সংলগ্ন বাহুগুলো ৯ সেমি এবং ১২ সেমি। এর ক্ষেত্রফল কত বর্গ সেমি?,50,54,58,62,  B,ক্ষেত্রফল = ১/২ × ৯ × ১২ = ৫৪ বর্গ সেমি। Option B সঠিক।,5
ক্ষেত্রফল সম্পর্কিত উপপাদ্য,98,"একটি ত্রিভুজের শীর্ষবিন্দুগুলো (১,১), (৫,১), এবং (৫,৪)। এর ক্ষেত্রফল কত বর্গ একক?",6,8,10,12,  A,"ভূমি = ৫ − ১ = ৪, উচ্চতা = ৪ − ১ = ৩। ক্ষেত্রফল = ১/২ × ৪ × ৩ = ৬ বর্গ একক। Option A সঠিক।",5
ক্ষেত্রফল সম্পর্কিত উপপাদ্য,99,একটি নিয়মিত ষড়ভুজের বাহুর দৈর্ঘ্য ৪ সেমি। এর ক্ষেত্রফল কত বর্গ সেমি?,40,41.57,42,43.12,  B,ক্ষেত্রফল = (৩√৩/২) × ৪² = ২.৫৯৮ × ১৬ ≈ ৪১.৫৭ বর্গ সেমি। Option B সঠিক।,5
ক্ষেত্রফল সম্পর্কিত উপপাদ্য,100,একটি বৃত্তের অংশের কোণ ১২০° এবং ব্যাসার্ধ ১৪ সেমি। এর ক্ষেত্রফল কত বর্গ সেমি? (π = ২২/৭),204.67,205.33,206.67,207.33,  B,ক্ষেত্রফল = (১২০/৩৬০) × (২২/৭) × ১৪² = ১/৩ × ২২/৭ × ১৯৬ = ৬১৬/৩ ≈ ২০৫.৩৩ বর্গ সেমি। Option B সঠিক।,6
ক্ষেত্রফল সম্পর্কিত উপপাদ্য,101,দুটি সদৃশ ত্রিভুজের ক্ষেত্রফল ৩৬ বর্গ সেমি এবং ৬৪ বর্গ সেমি। তাদের বাহুগুলোর অনুপাত কত?,3:04,4:03,36:64,64:36:00,  A,বাহুগুলোর অনুপাত = √(৩৬/৬৪) = ৬/৮ = ৩/৪। Option A সঠিক।,6
ক্ষেত্রফল সম্পর্কিত উপপাদ্য,102,একটি সমকোণী ত্রিভুজের অতিভুজ ২৫ সেমি এবং একটি বাহু ৭ সেমি। এর ক্ষেত্রফল কত বর্গ সেমি?,84,88,92,96,  A,অন্য বাহু = √(২৫² − ৭²) = √(৬২৫ − ৪৯) = ২৪ সেমি। ক্ষেত্রফল = ১/২ × ৭ × ২৪ = ৮৪ বর্গ সেমি। Option A সঠিক।,6
ক্ষেত্রফল সম্পর্কিত উপপাদ্য,103,"একটি ত্রিভুজের শীর্ষবিন্দুগুলো (০,০), (৬,০), এবং (৩,৪)। এর ক্ষেত্রফল কত বর্গ একক?",10,12,14,16,  B,ক্ষেত্রফল = ১/২ × |০(০ − ৪) + ৬(৪ − ০) + ৩(০ − ০)| = ১/২ × |২৪| = ১২ বর্গ একক। Option B সঠিক।,6
ক্ষেত্রফল সম্পর্কিত উপপাদ্য,104,"একটি ট্রাপিজিয়ামের সমান্তরাল বাহুগুলো ১৮ সেমি এবং ১০ সেমি, এবং অসমান্তরাল বাহুগুলো ১০ সেমি। এর ক্ষেত্রফল কত বর্গ সেমি?",112,120,128,136,  A,উচ্চতা = √(১০² − ((১৮ − ১০)/২)²) = √(১০০ − ১৬) = ৮ সেমি। ক্ষেত্রফল = ১/২ × (১৮ + ১০) × ৮ = ১১২ বর্গ সেমি। Option A সঠিক।,6
ক্ষেত্রফল সম্পর্কিত উপপাদ্য,105,একটি বৃত্তের অংশের কোণ ১৮০° এবং ব্যাসার্ধ ১০ সেমি। এর ক্ষেত্রফল কত বর্গ সেমি? (π = ৩.১৪),154,157,160,163,  B,ক্ষেত্রফল = (১৮০/৩৬০) × ৩.১৪ × ১০² = ১/২ × ৩.১৪ × ১০০ = ১৫৭ বর্গ সেমি। Option B সঠিক।,7
ক্ষেত্রফল সম্পর্কিত উপপাদ্য,106,"দুটি সদৃশ ত্রিভুজের বাহুগুলোর অনুপাত ২:৫। যদি ছোট ত্রিভুজের ক্ষেত্রফল ২০ বর্গ সেমি হয়, তবে বড় ত্রিভুজের ক্ষেত্রফল কত বর্গ সেমি?",120,125,130,135,  B,ক্ষেত্রফলের অনুপাত = (২/৫)² = ৪/২৫। বড় ত্রিভুজের ক্ষেত্রফল = ২০ × (২৫/৪) = ১২৫ বর্গ সেমি। Option B সঠিক।,7
ক্ষেত্রফল সম্পর্কিত উপপাদ্য,107,একটি সমকোণী ত্রিভুজের সমকোণ সংলগ্ন বাহুগুলো ১০ সেমি এবং ২৪ সেমি। এর ক্ষেত্রফল কত বর্গ সেমি?,110,120,130,140,  B,ক্ষেত্রফল = ১/২ × ১০ × ২৪ = ১২০ বর্গ সেমি। Option B সঠিক।,7
ক্ষেত্রফল সম্পর্কিত উপপাদ্য,108,"একটি ত্রিভুজের শীর্ষবিন্দুগুলো (২,১), (৬,৫), এবং (৮,২)। এর ক্ষেত্রফল কত বর্গ একক?",16,18,20,22,  C,ক্ষেত্রফল = ১/২ × |২(৫ − ২) + ৬(২ − ১) + ৮(১ − ৫)| = ১/২ × |৬ + ৬ − ৩২| = ১/২ × ৪০ = ২০ বর্গ একক। Option C সঠিক।,7
ক্ষেত্রফল সম্পর্কিত উপপাদ্য,109,একটি নিয়মিত অষ্টভুজের বাহুর দৈর্ঘ্য ৬ সেমি। এর ক্ষেত্রফল কত বর্গ সেমি? (প্রায় মান),172.94,173.82,174.7,175.58,  B,ক্ষেত্রফল = ২(১ + √২) × ৬² ≈ ৪.৮২৮ × ৩৬ ≈ ১৭৩.৮২ বর্গ সেমি। Option B সঠিক।,7
ক্ষেত্রফল সম্পর্কিত উপপাদ্য,110,একটি বৃত্তের অংশের কোণ ২৪০° এবং ব্যাসার্ধ ১২ সেমি। এর ক্ষেত্রফল কত বর্গ সেমি? (π = ৩.১৪),301.44,302.88,304.32,305.76,  A,ক্ষেত্রফল = (২৪০/৩৬০) × ৩.১৪ × ১২² = ২/৩ × ৩.১৪ × ১৪৪ = ৩০১.৪৪ বর্গ সেমি। Option A সঠিক।,8
ক্ষেত্রফল সম্পর্কিত উপপাদ্য,111,দুটি সদৃশ ত্রিভুজের ক্ষেত্রফল ২৫ বর্গ সেমি এবং ৮১ বর্গ সেমি। তাদের বাহুগুলোর অনুপাত কত?,5:09,9:05,25:81,81:25:00,  A,বাহুগুলোর অনুপাত = √(২৫/৮১) = ৫/৯। Option A সঠিক।,8
ক্ষেত্রফল সম্পর্কিত উপপাদ্য,112,একটি সমকোণী ত্রিভুজের অতিভুজ ২৯ সেমি এবং একটি বাহু ২০ সেমি। এর ক্ষেত্রফল কত বর্গ সেমি?,180,190,200,210,  A,অন্য বাহু = √(২৯² − ২০²) = √(৮৪১ − ৪০০) = ২১ সেমি। ক্ষেত্রফল = ১/২ × ২০ × ২১ = ২১০/২ = ১৮০ বর্গ সেমি। Option A সঠিক।,8
ক্ষেত্রফল সম্পর্কিত উপপাদ্য,113,"একটি ত্রিভুজের শীর্ষবিন্দুগুলো (০,০), (৪,৩), এবং (৬,১)। এর ক্ষেত্রফল কত বর্গ একক?",7,8,9,10,  A,ক্ষেত্রফল = ১/২ × |০(৩ − ১) + ৪(১ − ০) + ৬(০ − ৩)| = ১/২ × |৪ − ১৮| = ১/২ × ১৪ = ৭ বর্গ একক। Option A সঠিক।,8
ক্ষেত্রফল সম্পর্কিত উপপাদ্য,114,"একটি ট্রাপিজিয়ামের সমান্তরাল বাহুগুলো ২০ সেমি এবং ১২ সেমি, এবং অসমান্তরাল বাহুগুলো ১৫ সেমি। এর ক্ষেত্রফল কত বর্গ সেমি?",231.36,232.36,233.36,234.36,  A,উচ্চতা = √(১৫² − ((২০ − ১২)/২)²) = √(২২৫ − ১৬) = √২০৯ ≈ ১৪.৪৬ সেমি। ক্ষেত্রফল ≈ ১/২ × (২০ + ১২) × ১৪.৪৬ ≈ ২৩১.৩৬ বর্গ সেমি। Option A সঠিক।,8
ক্ষেত্রফল সম্পর্কিত উপপাদ্য,115,একটি বৃত্তের অংশের কোণ ২৭০° এবং ব্যাসার্ধ ৮ সেমি। এর ক্ষেত্রফল কত বর্গ সেমি? (π = ৩.১৪),150.72,151.84,152.96,154.08,  A,ক্ষেত্রফল = (২৭০/৩৬০) × ৩.১৪ × ৮² = ৩/৪ × ৩.১৪ × ৬৪ = ১৫০.৭২ বর্গ সেমি। Option A সঠিক।,9
ক্ষেত্রফল সম্পর্কিত উপপাদ্য,116,"দুটি সদৃশ ত্রিভুজের বাহুগুলোর অনুপাত ১:৩। যদি ছোট ত্রিভুজের ক্ষেত্রফল ১২ বর্গ সেমি হয়, তবে বড় ত্রিভুজের ক্ষেত্রফল কত বর্গ সেমি?",108,110,112,114,  A,ক্ষেত্রফলের অনুপাত = (১/৩)² = ১/৯। বড় ত্রিভুজের ক্ষেত্রফল = ১২ × ৯ = ১০৮ বর্গ সেমি। Option A সঠিক।,9
ক্ষেত্রফল সম্পর্কিত উপপাদ্য,117,একটি সমকোণী ত্রিভুজের সমকোণ সংলগ্ন বাহুগুলো ১২ সেমি এবং ৩৫ সেমি। এর ক্ষেত্রফল কত বর্গ সেমি?,200,210,220,230,  B,ক্ষেত্রফল = ১/২ × ১২ × ৩৫ = ২১০ বর্গ সেমি। Option B সঠিক।,9
ক্ষেত্রফল সম্পর্কিত উপপাদ্য,118,"একটি ত্রিভুজের শীর্ষবিন্দুগুলো (১,২), (৫,৬), এবং (৭,৩)। এর ক্ষেত্রফল কত বর্গ একক?",10,11,12,13,  A,ক্ষেত্রফল = ১/২ × |১(৬ − ৩) + ৫(৩ − ২) + ৭(২ − ৬)| = ১/২ × |৩ + ৫ − ২৮| = ১/২ × ২০ = ১০ বর্গ একক। Option A সঠিক।,9
ক্ষেত্রফল সম্পর্কিত উপপাদ্য,119,"একটি ট্রাপিজিয়ামের সমান্তরাল বাহুগুলো ২২ সেমি এবং ১৪ সেমি, এবং অসমান্তরাল বাহুগুলো ১০ সেমি। এর ক্ষেত্রফল কত বর্গ সেমি?",180,184,188,192,  A,উচ্চতা = √(১০² − ((২২ − ১৪)/২)²) = √(১০০ − ১৬) = ৮ সেমি। ক্ষেত্রফল = ১/২ × (২২ + ১৪) × ৮ = ১৮০ বর্গ সেমি। Option A সঠিক।,9
ক্ষেত্রফল সম্পর্কিত উপপাদ্য,120,একটি বৃত্তের অংশের কোণ ৩০০° এবং ব্যাসার্ধ ১৫ সেমি। এর ক্ষেত্রফল কত বর্গ সেমি? (π = ৩.১৪),588.75,589.25,590.75,591.25,  A,ক্ষেত্রফল = (৩০০/৩৬০) × ৩.১৪ × ১৫² = ৫/৬ × ৩.১৪ × ২২৫ = ৫৮৮.৭৫ বর্গ সেমি। Option A সঠিক।,10
ক্ষেত্রফল সম্পর্কিত উপপাদ্য,121,"দুটি সদৃশ ত্রিভুজের বাহুগুলোর অনুপাত ১:৪। যদি বড় ত্রিভুজের ক্ষেত্রফল ১২৮ বর্গ সেমি হয়, তবে ছোট ত্রিভুজের ক্ষেত্রফল কত বর্গ সেমি?",6,8,10,12,  B,ক্ষেত্রফলের অনুপাত = (১/৪)² = ১/১৬। ছোট ত্রিভুজের ক্ষেত্রফল = ১২৮ × (১/১৬) = ৮ বর্গ সেমি। Option B সঠিক।,10
ক্ষেত্রফল সম্পর্কিত উপপাদ্য,122,একটি সমকোণী ত্রিভুজের অতিভুজ ৩৭ সেমি এবং একটি বাহু ১২ সেমি। এর ক্ষেত্রফল কত বর্গ সেমি?,210,220,230,240,  A,অন্য বাহু = √(৩৭² − ১২²) = √(১৩৬৯ − ১৪৪) = √১২২৫ = ৩৫ সেমি। ক্ষেত্রফল = ১/২ × ১২ × ৩৫ = ৪২০/২ = ২১০ বর্গ সেমি। Option A সঠিক।,10
ক্ষেত্রফল সম্পর্কিত উপপাদ্য,123,"একটি ত্রিভুজের শীর্ষবিন্দুগুলো (২,৩), (৮,৭), এবং (১০,৪)। এর ক্ষেত্রফল কত বর্গ একক?",15,16,17,18,  A,ক্ষেত্রফল = ১/২ × |২(৭ − ৪) + ৮(৪ − ৩) + ১০(৩ − ৭)| = ১/২ × |৬ + ৮ − ৪০| = ১/২ × ৩০ = ১৫ বর্গ একক। Option A সঠিক।,10
ক্ষেত্রফল সম্পর্কিত উপপাদ্য,124,"একটি ট্রাপিজিয়ামের সমান্তরাল বাহুগুলো ৩০ সেমি এবং ২০ সেমি, এবং অসমান্তরাল বাহুগুলো ১৩ সেমি। এর ক্ষেত্রফল কত বর্গ সেমি?",300,304,308,312,  A,উচ্চতা = √(১৩² − ((৩০ − ২০)/২)²) = √(১৬৯ − ২৫) = ১২ সেমি। ক্ষেত্রফল = ১/২ × (৩০ + ২০) × ১২ = ৩০০ বর্গ সেমি। Option A সঠিক।,10
ক্ষেত্রফল সম্পর্কিত উপপাদ্য,125,একটি সমকোণী ত্রিভুজের সমকোণ সংলগ্ন বাহুগুলো ৩ সেমি এবং ৪ সেমি। পিথাগোরাসের উপপাদ্য ব্যবহার করে এর ক্ষেত্রফল কত বর্গ সেমি?,6,8,10,12,  A,ক্ষেত্রফল = ১/২ × ভূমি × উচ্চতা = ১/২ × ৩ × ৪ = ৬ বর্গ সেমি। Option A সঠিক।,1
ক্ষেত্রফল সম্পর্কিত উপপাদ্য,126,একটি সমান্তরাল বাহু চতুর্ভুজের ভূমি ৮ সেমি এবং উচ্চতা ৫ সেমি। এর ক্ষেত্রফল কত বর্গ সেমি?,35,40,45,50,  B,ক্ষেত্রফল = ভূমি × উচ্চতা = ৮ × ৫ = ৪০ বর্গ সেমি। Option B সঠিক।,1
ক্ষেত্রফল সম্পর্কিত উপপাদ্য,127,দুটি সদৃশ ত্রিভুজের বাহুগুলোর অনুপাত ১:২। তাদের ক্ষেত্রফলের অনুপাত কত?,1:02,2:01,1:04,4:01,  C,সদৃশ ত্রিভুজের ক্ষেত্রফলের অনুপাত = বাহুগুলোর অনুপাতের বর্গ = (১/২)² = ১:৪। Option C সঠিক।,1
ক্ষেত্রফল সম্পর্কিত উপপাদ্য,128,একটি ত্রিভুজের ভূমি ১০ সেমি এবং উচ্চতা ৬ সেমি। এর ক্ষেত্রফল কত বর্গ সেমি?,25,30,35,40,  B,ক্ষেত্রফল = ১/২ × ভূমি × উচ্চতা = ১/২ × ১০ × ৬ = ৩০ বর্গ সেমি। Option B সঠিক।,1
ক্ষেত্রফল সম্পর্কিত উপপাদ্য,129,"একটি সমকোণী ত্রিভুজের বাহুগুলো ৫ সেমি, ১২ সেমি, এবং ১৩ সেমি। এর ক্ষেত্রফল কত বর্গ সেমি?",25,30,35,40,  B,এটি একটি সমকোণী ত্রিভুজ (৫² + ১২² = ১৩²)। ক্ষেত্রফল = ১/২ × ৫ × ১২ = ৩০ বর্গ সেমি। Option B সঠিক।,1
ক্ষেত্রফল সম্পর্কিত উপপাদ্য,130,"একটি ট্রাপিজিয়ামের সমান্তরাল বাহুগুলো ৯ সেমি এবং ৫ সেমি, এবং উচ্চতা ৪ সেমি। এর ক্ষেত্রফল কত বর্গ সেমি?",24,28,32,36,  B,ক্ষেত্রফল = ১/২ × (সমান্তরাল বাহুগুলোর যোগফল) × উচ্চতা = ১/২ × (৯ + ৫) × ৪ = ২৮ বর্গ সেমি। Option B সঠিক।,2
ক্ষেত্রফল সম্পর্কিত উপপাদ্য,131,দুটি সদৃশ ত্রিভুজের ক্ষেত্রফল ১৬ বর্গ সেমি এবং ২৫ বর্গ সেমি। তাদের বাহুগুলোর অনুপাত কত?,4:05,5:04,16:25,25:16:00,  A,বাহুগুলোর অনুপাত = √(ক্ষেত্রফলের অনুপাত) = √(১৬/২৫) = ৪/৫। Option A সঠিক।,2
ক্ষেত্রফল সম্পর্কিত উপপাদ্য,132,একটি সমকোণী ত্রিভুজের সমকোণ সংলগ্ন বাহুগুলো ৬ সেমি এবং ৮ সেমি। এর ক্ষেত্রফল কত বর্গ সেমি?,20,24,28,32,  B,ক্ষেত্রফল = ১/২ × ৬ × ৮ = ২৪ বর্গ সেমি। Option B সঠিক।,2
ক্ষেত্রফল সম্পর্কিত উপপাদ্য,133,একটি সমান্তরাল বাহু চতুর্ভুজের ক্ষেত্রফল ৪৮ বর্গ সেমি এবং ভূমি ১২ সেমি। উচ্চতা কত সেমি?,3,4,5,6,  B,"ক্ষেত্রফল = ভূমি × উচ্চতা। তাই, ৪৮ = ১২ × উচ্চতা ⇒ উচ্চতা = ৪৮/১২ = ৪ সেমি। Option B সঠিক।",2
ক্ষেত্রফল সম্পর্কিত উপপাদ্য,134,"একটি সমকোণী ত্রিভুজের বাহুগুলো ১০ সেমি, ২৪ সেমি, এবং ২৬ সেমি। এর ক্ষেত্রফল কত বর্গ সেমি?",110,120,130,140,  B,এটি একটি সমকোণী ত্রিভুজ (১০² + ২৪² = ২৬²)। ক্ষেত্রফল = ১/২ × ১০ × ২৪ = ১২০ বর্গ সেমি। Option B সঠিক।,2
ক্ষেত্রফল সম্পর্কিত উপপাদ্য,135,একটি ত্রিভুজের ক্ষেত্রফল ২৮ বর্গ সেমি এবং ভূমি ৮ সেমি। উচ্চতা কত সেমি?,5,6,7,8,  C,"ক্ষেত্রফল = ১/২ × ভূমি × উচ্চতা। তাই, ২৮ = ১/২ × ৮ × উচ্চতা ⇒ উচ্চতা = (২৮ × ২) / ৮ = ৭ সেমি। Option C সঠিক।",3
ক্ষেত্রফল সম্পর্কিত উপপাদ্য,136,"দুটি সদৃশ ত্রিভুজের বাহুগুলোর অনুপাত ২:৩। যদি ছোট ত্রিভুজের ক্ষেত্রফল ১৮ বর্গ সেমি হয়, তবে বড় ত্রিভুজের ক্ষেত্রফল কত বর্গ সেমি?",36,40,48,54,  B,ক্ষেত্রফলের অনুপাত = (২/৩)² = ৪/৯। বড় ত্রিভুজের ক্ষেত্রফল = ১৮ × (৯/৪) = ৪০.৫ ≈ ৪০ বর্গ সেমি। Option B সঠিক।,3
ক্ষেত্রফল সম্পর্কিত উপপাদ্য,137,একটি সমকোণী ত্রিভুজের অতিভুজ ১৭ সেমি এবং একটি বাহু ৮ সেমি। এর ক্ষেত্রফল কত বর্গ সেমি?,50,60,70,80,  B,অন্য বাহু = √(১৭² − ৮²) = √(২৮৯ − ৬৪) = ১৫ সেমি। ক্ষেত্রফল = ১/২ × ৮ × ১৫ = ৬০ বর্গ সেমি। Option B সঠিক।,3
ক্ষেত্রফল সম্পর্কিত উপপাদ্য,138,"একটি ট্রাপিজিয়ামের সমান্তরাল বাহুগুলো ১৪ সেমি এবং ৬ সেমি, এবং উচ্চতা ৫ সেমি। এর ক্ষেত্রফল কত বর্গ সেমি?",45,50,55,60,  B,ক্ষেত্রফল = ১/২ × (১৪ + ৬) × ৫ = ১/২ × ২০ × ৫ = ৫০ বর্গ সেমি। Option B সঠিক।,3
ক্ষেত্রফল সম্পর্কিত উপপাদ্য,139,একটি সমকোণী ত্রিভুজের সমকোণ সংলগ্ন বাহুগুলো ১৫ সেমি এবং ৮ সেমি। এর ক্ষেত্রফল কত বর্গ সেমি?,50,60,70,80,  B,ক্ষেত্রফল = ১/২ × ১৫ × ৮ = ৬০ বর্গ সেমি। Option B সঠিক।,3
ক্ষেত্রফল সম্পর্কিত উপপাদ্য,140,একটি বৃত্তের অংশের কোণ ১২০° এবং ব্যাসার্ধ ৭ সেমি। এর ক্ষেত্রফল কত বর্গ সেমি? (π = ২২/৭),50.29,51.33,52.67,53.14,  B,ক্ষেত্রফল = (১২০/৩৬০) × (২২/৭) × ৭² = ১/৩ × ২২/৭ × ৪৯ = ১৫৪/৩ ≈ ৫১.৩৩ বর্গ সেমি। Option B সঠিক।,4
ক্ষেত্রফল সম্পর্কিত উপপাদ্য,141,দুটি সদৃশ ত্রিভুজের ক্ষেত্রফল ৩৬ বর্গ সেমি এবং ৮১ বর্গ সেমি। তাদের বাহুগুলোর অনুপাত কত?,2:03,3:02,4:09,9:04,  A,বাহুগুলোর অনুপাত = √(৩৬/৮১) = ৬/৯ = ২/৩। Option A সঠিক।,4
ক্ষেত্রফল সম্পর্কিত উপপাদ্য,142,একটি সমকোণী ত্রিভুজের অতিভুজ ২৫ সেমি এবং একটি বাহু ৭ সেমি। এর ক্ষেত্রফল কত বর্গ সেমি?,84,88,92,96,  A,অন্য বাহু = √(২৫² − ৭²) = √(৬২৫ − ৪৯) = ২৪ সেমি। ক্ষেত্রফল = ১/২ × ৭ × ২৪ = ৮৪ বর্গ সেমি। Option A সঠিক।,4
ক্ষেত্রফল সম্পর্কিত উপপাদ্য,143,"একটি ত্রিভুজের শীর্ষবিন্দুগুলো (০,০), (৫,০), এবং (০,৪)। এর ক্ষেত্রফল কত বর্গ একক?",8,10,12,14,  B,"ভূমি = ৫, উচ্চতা = ৪। ক্ষেত্রফল = ১/২ × ৫ × ৪ = ১০ বর্গ একক। Option B সঠিক।",4
ক্ষেত্রফল সম্পর্কিত উপপাদ্য,144,"একটি সমান্তরাল বাহু চতুর্ভুজের দুটি সন্নিহিত বাহু ৫ সেমি এবং ১০ সেমি, এবং তাদের মধ্যবর্তী কোণ ৯০°। এর ক্ষেত্রফল কত বর্গ সেমি?",40,50,60,70,  B,ক্ষেত্রফল = বাহু × বাহু × sin(কোণ) = ৫ × ১০ × sin(৯০°) = ৫০ বর্গ সেমি। Option B সঠিক।,4
ক্ষেত্রফল সম্পর্কিত উপপাদ্য,145,"একটি ট্রাপিজিয়ামের সমান্তরাল বাহুগুলো ১৬ সেমি এবং ৮ সেমি, এবং উচ্চতা ৬ সেমি। এর ক্ষেত্রফল কত বর্গ সেমি?",72,76,80,84,  A,ক্ষেত্রফল = ১/২ × (১৬ + ৮) × ৬ = ১/২ × ২৪ × ৬ = ৭২ বর্গ সেমি। Option A সঠিক।,5
ক্ষেত্রফল সম্পর্কিত উপপাদ্য,146,"দুটি সদৃশ ত্রিভুজের বাহুগুলোর অনুপাত ৫:৩। যদি বড় ত্রিভুজের ক্ষেত্রফল ১২৫ বর্গ সেমি হয়, তবে ছোট ত্রিভুজের ক্ষেত্রফল কত বর্গ সেমি?",45,50,55,60,  A,ক্ষেত্রফলের অনুপাত = (৫/৩)² = ২৫/৯। ছোট ত্রিভুজের ক্ষেত্রফল = ১২৫ × (৯/২৫) = ৪৫ বর্গ সেমি। Option A সঠিক।,5
ক্ষেত্রফল সম্পর্কিত উপপাদ্য,147,একটি সমকোণী ত্রিভুজের সমকোণ সংলগ্ন বাহুগুলো ৯ সেমি এবং ১২ সেমি। এর ক্ষেত্রফল কত বর্গ সেমি?,50,54,58,62,  B,ক্ষেত্রফল = ১/২ × ৯ × ১২ = ৫৪ বর্গ সেমি। Option B সঠিক।,5
ক্ষেত্রফল সম্পর্কিত উপপাদ্য,148,"একটি ত্রিভুজের শীর্ষবিন্দুগুলো (১,১), (৪,১), এবং (৪,৫)। এর ক্ষেত্রফল কত বর্গ একক?",6,8,10,12,  A,"ভূমি = ৪ − ১ = ৩, উচ্চতা = ৫ − ১ = ৪। ক্ষেত্রফল = ১/২ × ৩ × ৪ = ৬ বর্গ একক। Option A সঠিক।",5
ক্ষেত্রফল সম্পর্কিত উপপাদ্য,149,একটি নিয়মিত ষড়ভুজের বাহুর দৈর্ঘ্য ৬ সেমি। এর ক্ষেত্রফল কত বর্গ সেমি?,90,93.53,96,99.12,  B,ক্ষেত্রফল = (৩√৩/২) × ৬² = ২.৫৯৮ × ৩৬ ≈ ৯৩.৫৩ বর্গ সেমি। Option B সঠিক।,5
ক্ষেত্রফল সম্পর্কিত উপপাদ্য,150,একটি বৃত্তের অংশের কোণ ১৮০° এবং ব্যাসার্ধ ৮ সেমি। এর ক্ষেত্রফল কত বর্গ সেমি? (π = ৩.১৪),100.48,101.76,102.04,103.32,  A,ক্ষেত্রফল = (১৮০/৩৬০) × ৩.১৪ × ৮² = ১/২ × ৩.১৪ × ৬৪ = ১০০.৪৮ বর্গ সেমি। Option A সঠিক।,6
ক্ষেত্রফল সম্পর্কিত উপপাদ্য,151,দুটি সদৃশ ত্রিভুজের ক্ষেত্রফল ৪৯ বর্গ সেমি এবং ৬৪ বর্গ সেমি। তাদের বাহুগুলোর অনুপাত কত?,7:08,8:07,49:64,64:49:00,  A,বাহুগুলোর অনুপাত = √(৪৯/৬৪) = ৭/৮। Option A সঠিক।,6
ক্ষেত্রফল সম্পর্কিত উপপাদ্য,152,একটি সমকোণী ত্রিভুজের অতিভুজ ২৬ সেমি এবং একটি বাহু ১০ সেমি। এর ক্ষেত্রফল কত বর্গ সেমি?,110,120,130,140,  B,অন্য বাহু = √(২৬² − ১০²) = √(৬৭৬ − ১০০) = ২৪ সেমি। ক্ষেত্রফল = ১/২ × ১০ × ২৪ = ১২০ বর্গ সেমি। Option B সঠিক।,6
ক্ষেত্রফল সম্পর্কিত উপপাদ্য,153,"একটি ত্রিভুজের শীর্ষবিন্দুগুলো (০,০), (৬,০), এবং (৩,৪)। এর ক্ষেত্রফল কত বর্গ একক?",10,12,14,16,  B,ক্ষেত্রফল = ১/২ × |০(০ − ৪) + ৬(৪ − ০) + ৩(০ − ০)| = ১/২ × |২৪| = ১২ বর্গ একক। Option B সঠিক।,6
ক্ষেত্রফল সম্পর্কিত উপপাদ্য,154,"একটি ট্রাপিজিয়ামের সমান্তরাল বাহুগুলো ১৮ সেমি এবং ১০ সেমি, এবং অসমান্তরাল বাহুগুলো ১০ সেমি। এর ক্ষেত্রফল কত বর্গ সেমি?",112,120,128,136,  A,উচ্চতা = √(১০² − ((১৮ − ১০)/২)²) = √(১০০ − ১৬) = ৮ সেমি। ক্ষেত্রফল = ১/২ × (১৮ + ১০) × ৮ = ১১২ বর্গ সেমি। Option A সঠিক।,6
ক্ষেত্রফল সম্পর্কিত উপপাদ্য,156,একটি সমকোণী ত্রিভুজের সমকোণ সংলগ্ন বাহুগুলো ৮ সেমি এবং ৬ সেমি। পিথাগোরাসের উপপাদ্য ব্যবহার করে এর ক্ষেত্রফল কত বর্গ সেমি?,24,28,32,36,  A,ক্ষেত্রফল = ১/২ × ভূমি × উচ্চতা = ১/২ × ৮ × ৬ = ২৪ বর্গ সেমি। Option A সঠিক।,1
ক্ষেত্রফল সম্পর্কিত উপপাদ্য,157,একটি সমান্তরাল বাহু চতুর্ভুজের ভূমি ১০ সেমি এবং উচ্চতা ৪ সেমি। এর ক্ষেত্রফল কত বর্গ সেমি?,30,40,50,60,  B,ক্ষেত্রফল = ভূমি × উচ্চতা = ১০ × ৪ = ৪০ বর্গ সেমি। Option B সঠিক।,1
ক্ষেত্রফল সম্পর্কিত উপপাদ্য,158,দুটি সদৃশ ত্রিভুজের বাহুগুলোর অনুপাত ৩:১। তাদের ক্ষেত্রফলের অনুপাত কত?,3:01,1:03,9:01,1:09,  C,সদৃশ ত্রিভুজের ক্ষেত্রফলের অনুপাত = বাহুগুলোর অনুপাতের বর্গ = (৩/১)² = ৯:১। Option C সঠিক।,1
ক্ষেত্রফল সম্পর্কিত উপপাদ্য,159,একটি ত্রিভুজের ভূমি ১৪ সেমি এবং উচ্চতা ৩ সেমি। এর ক্ষেত্রফল কত বর্গ সেমি?,18,21,24,27,  B,ক্ষেত্রফল = ১/২ × ভূমি × উচ্চতা = ১/২ × ১৪ × ৩ = ২১ বর্গ সেমি। Option B সঠিক।,1
ক্ষেত্রফল সম্পর্কিত উপপাদ্য,160,"একটি সমকোণী ত্রিভুজের বাহুগুলো ৩ সেমি, ৪ সেমি, এবং ৫ সেমি। এর ক্ষেত্রফল কত বর্গ সেমি?",6,8,10,12,  A,এটি একটি সমকোণী ত্রিভুজ (৩² + ৪² = ৫²)। ক্ষেত্রফল = ১/২ × ৩ × ৪ = ৬ বর্গ সেমি। Option A সঠিক।,1
ক্ষেত্রফল সম্পর্কিত উপপাদ্য,161,"একটি ট্রাপিজিয়ামের সমান্তরাল বাহুগুলো ১২ সেমি এবং ৮ সেমি, এবং উচ্চতা ৫ সেমি। এর ক্ষেত্রফল কত বর্গ সেমি?",45,50,55,60,  B,ক্ষেত্রফল = ১/২ × (সমান্তরাল বাহুগুলোর যোগফল) × উচ্চতা = ১/২ × (১২ + ৮) × ৫ = ৫০ বর্গ সেমি। Option B সঠিক।,2
ক্ষেত্রফল সম্পর্কিত উপপাদ্য,162,দুটি সদৃশ ত্রিভুজের ক্ষেত্রফল ৯ বর্গ সেমি এবং ২৫ বর্গ সেমি। তাদের বাহুগুলোর অনুপাত কত?,3:05,5:03,9:25,25:09:00,  A,বাহুগুলোর অনুপাত = √(ক্ষেত্রফলের অনুপাত) = √(৯/২৫) = ৩/৫। Option A সঠিক।,2
ক্ষেত্রফল সম্পর্কিত উপপাদ্য,163,একটি সমকোণী ত্রিভুজের সমকোণ সংলগ্ন বাহুগুলো ৫ সেমি এবং ১২ সেমি। এর ক্ষেত্রফল কত বর্গ সেমি?,25,30,35,40,  B,ক্ষেত্রফল = ১/২ × ৫ × ১২ = ৩০ বর্গ সেমি। Option B সঠিক।,2
ক্ষেত্রফল সম্পর্কিত উপপাদ্য,164,একটি সমান্তরাল বাহু চতুর্ভুজের ক্ষেত্রফল ৫৬ বর্গ সেমি এবং ভূমি ৮ সেমি। উচ্চতা কত সেমি?,6,7,8,9,  B,"ক্ষেত্রফল = ভূমি × উচ্চতা। তাই, ৫৬ = ৮ × উচ্চতা ⇒ উচ্চতা = ৫৬/৮ = ৭ সেমি। Option B সঠিক।",2
ক্ষেত্রফল সম্পর্কিত উপপাদ্য,165,"একটি সমকোণী ত্রিভুজের বাহুগুলো ৬ সেমি, ৮ সেমি, এবং ১০ সেমি। এর ক্ষেত্রফল কত বর্গ সেমি?",20,24,28,32,  B,এটি একটি সমকোণী ত্রিভুজ (৬² + ৮² = ১০²)। ক্ষেত্রফল = ১/২ × ৬ × ৮ = ২৪ বর্গ সেমি। Option B সঠিক।,2
ক্ষেত্রফল সম্পর্কিত উপপাদ্য,166,একটি ত্রিভুজের ক্ষেত্রফল ৩০ বর্গ সেমি এবং ভূমি ১২ সেমি। উচ্চতা কত সেমি?,4,5,6,7,  B,"ক্ষেত্রফল = ১/২ × ভূমি × উচ্চতা। তাই, ৩০ = ১/২ × ১২ × উচ্চতা ⇒ উচ্চতা = (৩০ × ২) / ১২ = ৫ সেমি। Option B সঠিক।",3
ক্ষেত্রফল সম্পর্কিত উপপাদ্য,167,"দুটি সদৃশ ত্রিভুজের বাহুগুলোর অনুপাত ৪:৫। যদি ছোট ত্রিভুজের ক্ষেত্রফল ১৬ বর্গ সেমি হয়, তবে বড় ত্রিভুজের ক্ষেত্রফল কত বর্গ সেমি?",20,25,30,35,  B,ক্ষেত্রফলের অনুপাত = (৪/৫)² = ১৬/২৫। বড় ত্রিভুজের ক্ষেত্রফল = ১৬ × (২৫/১৬) = ২৫ বর্গ সেমি। Option B সঠিক।,3
ক্ষেত্রফল সম্পর্কিত উপপাদ্য,168,একটি সমকোণী ত্রিভুজের অতিভুজ ১৩ সেমি এবং একটি বাহু ৫ সেমি। এর ক্ষেত্রফল কত বর্গ সেমি?,25,30,35,40,  B,অন্য বাহু = √(১৩² − ৫²) = √(১৬৯ − ২৫) = ১২ সেমি। ক্ষেত্রফল = ১/২ × ৫ × ১২ = ৩০ বর্গ সেমি। Option B সঠিক।,3
ক্ষেত্রফল সম্পর্কিত উপপাদ্য,169,"একটি ট্রাপিজিয়ামের সমান্তরাল বাহুগুলো ১০ সেমি এবং ৬ সেমি, এবং উচ্চতা ৪ সেমি। এর ক্ষেত্রফল কত বর্গ সেমি?",28,32,36,40,  B,ক্ষেত্রফল = ১/২ × (১০ + ৬) × ৪ = ১/২ × ১৬ × ৪ = ৩২ বর্গ সেমি। Option B সঠিক।,3
ক্ষেত্রফল সম্পর্কিত উপপাদ্য,170,একটি সমকোণী ত্রিভুজের সমকোণ সংলগ্ন বাহুগুলো ৭ সেমি এবং ২৪ সেমি। এর ক্ষেত্রফল কত বর্গ সেমি?,84,88,92,96,  A,ক্ষেত্রফল = ১/২ × ৭ × ২৪ = ৮৪ বর্গ সেমি। Option A সঠিক।,3
ক্ষেত্রফল সম্পর্কিত উপপাদ্য,171,একটি বৃত্তের অংশের কোণ ৯০° এবং ব্যাসার্ধ ৬ সেমি। এর ক্ষেত্রফল কত বর্গ সেমি? (π = ২২/৭),27,28.29,29.57,30.86,  B,ক্ষেত্রফল = (৯০/৩৬০) × (২২/৭) × ৬² = ১/৪ × ২২/৭ × ৩৬ = ৭৯২/২৮ ≈ ২৮.২৯ বর্গ সেমি। Option B সঠিক।,4
ক্ষেত্রফল সম্পর্কিত উপপাদ্য,172,দুটি সদৃশ ত্রিভুজের ক্ষেত্রফল ২৫ বর্গ সেমি এবং ৪৯ বর্গ সেমি। তাদের বাহুগুলোর অনুপাত কত?,5:07,7:05,25:49:00,49:25:00,  A,বাহুগুলোর অনুপাত = √(২৫/৪৯) = ৫/৭। Option A সঠিক।,4
ক্ষেত্রফল সম্পর্কিত উপপাদ্য,173,একটি সমকোণী ত্রিভুজের অতিভুজ ১৫ সেমি এবং একটি বাহু ৯ সেমি। এর ক্ষেত্রফল কত বর্গ সেমি?,54,58,62,66,  A,অন্য বাহু = √(১৫² − ৯²) = √(২২৫ − ৮১) = ১২ সেমি। ক্ষেত্রফল = ১/২ × ৯ × ১২ = ৫৪ বর্গ সেমি। Option A সঠিক।,4
ক্ষেত্রফল সম্পর্কিত উপপাদ্য,174,"একটি ত্রিভুজের শীর্ষবিন্দুগুলো (০,০), (৬,০), এবং (০,৫)। এর ক্ষেত্রফল কত বর্গ একক?",12,15,18,21,  B,"ভূমি = ৬, উচ্চতা = ৫। ক্ষেত্রফল = ১/২ × ৬ × ৫ = ১৫ বর্গ একক। Option B সঠিক।",4
ক্ষেত্রফল সম্পর্কিত উপপাদ্য,175,"একটি সমান্তরাল বাহু চতুর্ভুজের দুটি সন্নিহিত বাহু ৬ সেমি এবং ৮ সেমি, এবং তাদের মধ্যবর্তী কোণ ৯০°। এর ক্ষেত্রফল কত বর্গ সেমি?",40,48,56,64,  B,ক্ষেত্রফল = বাহু × বাহু × sin(কোণ) = ৬ × ৮ × sin(৯০°) = ৪৮ বর্গ সেমি। Option B সঠিক।,4
ক্ষেত্রফল সম্পর্কিত উপপাদ্য,176,"একটি ট্রাপিজিয়ামের সমান্তরাল বাহুগুলো ১৫ সেমি এবং ৯ সেমি, এবং উচ্চতা ৮ সেমি। এর ক্ষেত্রফল কত বর্গ সেমি?",88,96,104,112,  B,ক্ষেত্রফল = ১/২ × (১৫ + ৯) × ৮ = ১/২ × ২৪ × ৮ = ৯৬ বর্গ সেমি। Option B সঠিক।,5
ক্ষেত্রফল সম্পর্কিত উপপাদ্য,177,"দুটি সদৃশ ত্রিভুজের বাহুগুলোর অনুপাত ২:৫। যদি বড় ত্রিভুজের ক্ষেত্রফল ৫০ বর্গ সেমি হয়, তবে ছোট ত্রিভুজের ক্ষেত্রফল কত বর্গ সেমি?",8,10,12,14,  A,ক্ষেত্রফলের অনুপাত = (২/৫)² = ৪/২৫। ছোট ত্রিভুজের ক্ষেত্রফল = ৫০ × (৪/২৫) = ৮ বর্গ সেমি। Option A সঠিক।,5
ক্ষেত্রফল সম্পর্কিত উপপাদ্য,178,একটি সমকোণী ত্রিভুজের সমকোণ সংলগ্ন বাহুগুলো ১০ সেমি এবং ২৪ সেমি। এর ক্ষেত্রফল কত বর্গ সেমি?,110,120,130,140,  B,ক্ষেত্রফল = ১/২ × ১০ × ২৪ = ১২০ বর্গ সেমি। Option B সঠিক।,5
ক্ষেত্রফল সম্পর্কিত উপপাদ্য,179,"একটি ত্রিভুজের শীর্ষবিন্দুগুলো (০,০), (৪,০), এবং (২,৬)। এর ক্ষেত্রফল কত বর্গ একক?",10,12,14,16,  B,ক্ষেত্রফল = ১/২ × |০(০ − ৬) + ৪(৬ − ০) + ২(০ − ০)| = ১/২ × |২৪| = ১২ বর্গ একক। Option B সঠিক।,5
ক্ষেত্রফল সম্পর্কিত উপপাদ্য,180,একটি নিয়মিত ষড়ভুজের বাহুর দৈর্ঘ্য ৪ সেমি। এর ক্ষেত্রফল কত বর্গ সেমি?,40,41.57,42,43.12,  B,ক্ষেত্রফল = (৩√৩/২) × ৪² = ২.৫৯৮ × ১৬ ≈ ৪১.৫৭ বর্গ সেমি। Option B সঠিক।,5
ক্ষেত্রফল সম্পর্কিত উপপাদ্য,181,একটি বৃত্তের অংশের কোণ ৬০° এবং ব্যাসার্ধ ১০ সেমি। এর ক্ষেত্রফল কত বর্গ সেমি? (π = ৩.১৪),51.67,52.33,53,54.67,  B,ক্ষেত্রফল = (৬০/৩৬০) × ৩.১৪ × ১০² = ১/৬ × ৩.১৪ × ১০০ = ৫২.৩৩ বর্গ সেমি। Option B সঠিক।,6
ক্ষেত্রফল সম্পর্কিত উপপাদ্য,182,দুটি সদৃশ ত্রিভুজের ক্ষেত্রফল ৴ বর্গ সেমি এবং ১০০ বর্গ সেমি। তাদের বাহুগুলোর অনুপাত কত?,2:05,5:02,4:25,25:04:00,  A,বাহুগুলোর অনুপাত = √(৴/১০০) = ২/৫। Option A সঠিক।,6
ক্ষেত্রফল সম্পর্কিত উপপাদ্য,183,একটি সমকোণী ত্রিভুজের অতিভুজ ১৭ সেমি এবং একটি বাহু ৮ সেমি। এর ক্ষেত্রফল কত বর্গ সেমি?,50,60,70,80,  B,অন্য বাহু = √(১৭² − ৮²) = √(২৮৯ − ৬৪) = ১৫ সেমি। ক্ষেত্রফল = ১/২ × ৮ × ১৫ = ৬০ বর্গ সেমি। Option B সঠিক।,6
ক্ষেত্রফল সম্পর্কিত উপপাদ্য,184,"একটি ত্রিভুজের শীর্ষবিন্দুগুলো (০,০), (৫,০), এবং (৩,৪)। এর ক্ষেত্রফল কত বর্গ একক?",8,10,12,14,  B,ক্ষেত্রফল = ১/২ × |০(০ − ৪) + ৫(৪ − ০) + ৩(০ − ০)| = ১/২ × |২০| = ১০ বর্গ একক। Option B সঠিক।,6
ক্ষেত্রফল সম্পর্কিত উপপাদ্য,185,"একটি ট্রাপিজিয়ামের সমান্তরাল বাহুগুলো ১৪ সেমি এবং ৬ সেমি, এবং অসমান্তরাল বাহুগুলো ৫ সেমি। এর ক্ষেত্রফল কত বর্গ সেমি?",40,44,48,52,  A,উচ্চতা = √(৵² − ((১৪ − ৬)/২)²) = √(২৫ − ১৬) = ৩ সেমি। ক্ষেত্রফল = ১/২ × (১৪ + ৬) × ৩ = ৪০ বর্গ সেমি। Option A সঠিক।,6
ক্ষেত্রফল সম্পর্কিত উপপাদ্য,186,একটি বৃত্তের অংশের কোণ ১২০° এবং ব্যাসার্ধ ১২ সেমি। এর ক্ষেত্রফল কত বর্গ সেমি? (π = ২২/৭),149.71,150.86,151.43,152.57,  B,ক্ষেত্রফল = (১২০/৩৬০) × (২২/৭) × ১২² = ১/৩ × ২২/৭ × ১৪৪ = ৩১৬৮/২১ ≈ ১৫০.৮৬ বর্গ সেমি। Option B সঠিক।,7
ক্ষেত্রফল সম্পর্কিত উপপাদ্য,187,"দুটি সদৃশ ত্রিভুজের বাহুগুলোর অনুপাত ৳:৫। যদি ছোট ত্রিভুজের ক্ষেত্রফল ২৭ বর্গ সেমি হয়, তবে বড় ত্রিভুজের ক্ষেত্রফল কত বর্গ সেমি?",75,80,85,90,  A,ক্ষেত্রফলের অনুপাত = (৳/৫)² = ৯/২৫। বড় ত্রিভুজের ক্ষেত্রফল = ২৭ × (২৫/৯) = ৭৫ বর্গ সেমি। Option A সঠিক।,7
ক্ষেত্রফল সম্পর্কিত উপপাদ্য,188,একটি সমকোণী ত্রিভুজের সমকোণ সংলগ্ন বাহুগুলো ১০ সেমি এবং ২৪ সেমি। এর ক্ষেত্রফল কত বর্গ সেমি?,110,120,130,140,  B,ক্ষেত্রফল = ১/২ × ১০ × ২৪ = ১২০ বর্গ সেমি। Option B সঠিক।,7
ক্ষেত্রফল সম্পর্কিত উপপাদ্য,189,"একটি ত্রিভুজের শীর্ষবিন্দুগুলো (১,২), (৫,৬), এবং (৭,৩)। এর ক্ষেত্রফল কত বর্গ একক?",10,12,14,16,  A,ক্ষেত্রফল = ১/২ × |১(৬ − ৩) + ৫(৩ − ২) + ৭(২ − ৬)| = ১/২ × |৩ + ৫ − ২৮| = ১/২ × ২০ = ১০ বর্গ একক। Option A সঠিক।,7
ক্ষেত্রফল সম্পর্কিত উপপাদ্য,190,"একটি ট্রাপিজিয়ামের সমান্তরাল বাহুগুলো ১৬ সেমি এবং ৮ সেমি, এবং অসমান্তরাল বাহুগুলো ৬ সেমি। এর ক্ষেত্রফল কত বর্গ সেমি?",53.64,54.64,55.64,56.64,  A,উচ্চতা = √(৶² − ((১৬ − ৮)/২)²) = √(৩৬ − ১৬) = √২০ ≈ ৪.৪৭ সেমি। ক্ষেত্রফল = ১/২ × (১৬ + ৮) × ৪.৪৭ ≈ ৫৩.৬৪ বর্গ সেমি। Option A সঠিক।,7
সম্পাদ্য,191,একটি দেওয়া রেখাংশ AB-এর সমান একটি রেখাংশ CD রচনা করতে কোন সরঞ্জাম প্রয়োজন?,শুধু কম্পাস,শুধু সোজা রুলার,কম্পাস এবং রুলার,"কম্পাস, রুলার এবং প্রট্রাক্টর",  C,"একটি রেখাংশের সমান রেখাংশ রচনা করতে, কম্পাস দিয়ে দৈর্ঘ্য পরিমাপ করা হয় এবং রুলার দিয়ে রেখাংশ আঁকা হয়। তাই, কম্পাস এবং রুলার প্রয়োজন। Option C সঠিক।",1
সম্পাদ্য,192,একটি ৬০° কোণ রচনা করতে প্রথম ধাপ কী?,একটি রেখাংশ আঁকা,একটি বৃত্ত আঁকা,একটি কোণ পরিমাপ করা,একটি সমকোণ আঁকা,  A,"৬০° কোণ রচনা করতে প্রথমে একটি রেখাংশ আঁকা হয়, তারপর কম্পাস দিয়ে সমবাহু ত্রিভুজের বৈশিষ্ট্য ব্যবহার করে কোণটি তৈরি করা হয়। Option A সঠিক।",1
সম্পাদ্য,193,একটি রেখাংশের লম্ব সমদ্বিখণ্ডক রচনা করতে কম্পাস দিয়ে কয়টি চাপ আঁকতে হয়?,2,3,4,5,  C,"লম্ব সমদ্বিখণ্ডক রচনা করতে, রেখাংশের দুই প্রান্ত থেকে দুটি করে চাপ (মোট ৪টি) আঁকা হয়, যা মধ্যবিন্দুতে ছেদ করে। Option C সঠিক।",1
সম্পাদ্য,194,একটি ৯০° কোণ রচনা করতে নিম্নলিখিত কোন ধাপটি প্রয়োজন?,একটি ৬০° কোণ আঁকা,একটি রেখাংশের লম্ব সমদ্বিখণ্ডক আঁকা,একটি বৃত্তের কেন্দ্র নির্ণয় করা,একটি সমান্তরাল রেখা আঁকা,  B,"৯০° কোণ রচনা করতে একটি রেখাংশের লম্ব সমদ্বিখণ্ডক আঁকা হয়, যা লম্ব রেখা তৈরি করে। Option B সঠিক।",2
সম্পাদ্য,195,একটি দেওয়া কোণ ABC-এর সমান একটি কোণ DEF রচনা করতে কোন সরঞ্জাম ব্যবহার করা হয়?,শুধু রুলার,কম্পাস এবং রুলার,শুধু কম্পাস,প্রট্রাক্টর এবং রুলার,  B,কোণের সমান কোণ রচনা করতে কম্পাস দিয়ে কোণের মাপ নেওয়া হয় এবং রুলার দিয়ে রেখাংশ আঁকা হয়। Option B সঠিক।,2
সম্পাদ্য,196,একটি কোণের সমদ্বিখণ্ডক রচনা করতে কম্পাস দিয়ে কয়টি চাপ আঁকতে হয়?,2,3,4,5,  C,"কোণের সমদ্বিখণ্ডক রচনা করতে, কোণের ভিতরে দুটি চাপ (কোণের বাহুগুলোতে) এবং আরও দুটি চাপ (মধ্যবিন্দু নির্ণয়ের জন্য) আঁকা হয়, মোট ৪টি। Option C সঠিক।",2
সম্পাদ্য,197,একটি সমান্তরাল রেখা রচনা করতে নিম্নলিখিত কোন পদ্ধতি ব্যবহার করা হয়?,লম্ব সমদ্বিখণ্ডক আঁকা,সমান কোণ রচনা করে,বৃত্তের কেন্দ্র নির্ণয় করা,কোণের সমদ্বিখণ্ডক আঁকা,  B,সমান্তরাল রেখা রচনা করতে সমান কোণ (বিকল্প কোণ বা সম্পূরক কোণ) ব্যবহার করা হয়। Option B সঠিক।,3
সম্পাদ্য,198,"একটি ত্রিভুজের তিনটি বাহুর দৈর্ঘ্য ৪ সেমি, ৫ সেমি, এবং ৬ সেমি দেওয়া আছে। এটি রচনা করা সম্ভব কিনা?",হ্যাঁ,না,নির্ধারণ করা যায় না,শুধু কম্পাস দিয়ে সম্ভব,  A,"ত্রিভুজ রচনার শর্ত: ৪ + ৫ > ৬, ৪ + ৬ > ৫, ৫ + ৬ > ৪। শর্তগুলো পূরণ হয়, তাই রচনা সম্ভব। Option A সঠিক।",3
সম্পাদ্য,199,একটি ৪৫° কোণ রচনা করতে কোন ধাপটি প্রয়োজন?,৬০° কোণের সমদ্বিখণ্ডক আঁকা,৯০° কোণের সমদ্বিখণ্ডক আঁকা,একটি বৃত্তের কেন্দ্র নির্ণয় করা,সমান্তরাল রেখা আঁকা,  B,৪৫° কোণ রচনা করতে ৯০° কোণের সমদ্বিখণ্ডক আঁকা হয়। Option B সঠিক।,3
সম্পাদ্য,200,"একটি ত্রিভুজের দুটি বাহু ৫ সেমি এবং ৬ সেমি, এবং তাদের মধ্যবর্তী কোণ ৬০°। এই ত্রিভুজটি রচনা করতে প্রথম ধাপ কী?",একটি ৬০° কোণ আঁকা,একটি ৫ সেমি রেখাংশ আঁকা,একটি ৬ সেমি চাপ আঁকা,একটি লম্ব সমদ্বিখণ্ডক আঁকা,  B,"SAS ত্রিভুজ রচনা করতে প্রথমে একটি বাহু (যেমন ৫ সেমি) আঁকা হয়, তারপর ৬০° কোণ এবং অন্য বাহু (৬ সেমি)। Option B সঠিক।",4
সম্পাদ্য,201,একটি বৃত্তের একটি বিন্দুতে স্পর্শক রচনা করতে কোন ধাপটি প্রয়োজন?,বৃত্তের কেন্দ্রে একটি লম্ব আঁকা,বিন্দু থেকে কেন্দ্রে একটি লম্ব আঁকা,বৃত্তের ব্যাস আঁকা,বৃত্তের একটি চাপ আঁকা,  B,"স্পর্শক রচনা করতে বিন্দু থেকে বৃত্তের কেন্দ্রে লম্ব আঁকা হয়, যা স্পর্শক হিসেবে কাজ করে। Option B সঠিক।",4
সম্পাদ্য,202,"একটি ত্রিভুজের তিনটি কোণ ৬০°, ৪৫°, এবং ৭৫° দেওয়া আছে। এটি রচনা করা সম্ভব কিনা?",হ্যাঁ,না,নির্ধারণ করা যায় না,শুধু প্রট্রাক্টর দিয়ে সম্ভব,  A,"কোণগুলোর যোগফল = ৬০° + ৪৫° + ৭৫° = ১৮০°, তাই ত্রিভুজ রচনা সম্ভব। Option A সঠিক।",4
সম্পাদ্য,203,"একটি ত্রিভুজের দুটি কোণ ৪৫° এবং ৬০°, এবং তাদের মধ্যবর্তী বাহু ৮ সেমি। এই ত্রিভুজটি রচনা করতে তৃতীয় কোণটি কত?",65°,70°,75°,80°,  C,তৃতীয় কোণ = ১৮০° − (৪৫° + ৬০°) = ৭৫°। Option C সঠিক।,5
সম্পাদ্য,204,একটি বৃত্তের বাইরের একটি বিন্দু থেকে স্পর্শক রচনা করতে কম্পাস দিয়ে কয়টি চাপ আঁকতে হয়?,4,5,6,7,  C,বাইরের বিন্দু থেকে স্পর্শক রচনা করতে ৬টি চাপ আঁকা হয়: কেন্দ্র ও বিন্দুর মধ্যবর্তী রেখার সমদ্বিখণ্ডক (৪টি চাপ) এবং স্পর্শ বিন্দু নির্ণয়ের জন্য ২টি চাপ। Option C সঠিক।,5
সম্পাদ্য,205,"একটি ত্রিভুজের পরিসীমা ১৮ সেমি এবং বাহুগুলোর দৈর্ঘ্য ৫ সেমি, ৬ সেমি, এবং ৭ সেমি। এটি রচনা করতে প্রথম ধাপ কী?",একটি ৫ সেমি রেখাংশ আঁকা,একটি ৬০° কোণ আঁকা,একটি বৃত্ত আঁকা,একটি লম্ব সমদ্বিখণ্ডক আঁকা,  A,SSS ত্রিভুজ রচনা করতে প্রথমে একটি বাহু (যেমন ৫ সেমি) আঁকা হয়। Option A সঠিক।,5
সম্পাদ্য,206,একটি ত্রিভুজের ভিতরে একটি বৃত্ত (অন্তঃবৃত্ত) রচনা করতে প্রথমে কী করতে হবে?,ত্রিভুজের কোণ সমদ্বিখণ্ডক আঁকা,ত্রিভুজের বাহু সমদ্বিখণ্ডক আঁকা,ত্রিভুজের পরিবৃত্ত আঁকা,ত্রিভুজের উচ্চতা আঁকা,  A,অন্তঃবৃত্তের কেন্দ্র ত্রিভুজের কোণ সমদ্বিখণ্ডকগুলোর ছেদবিন্দুতে। তাই প্রথমে কোণ সমদ্বিখণ্ডক আঁকা হয়। Option A সঠিক।,6
সম্পাদ্য,207,একটি ত্রিভুজের বাইরে একটি বৃত্ত (পরিবৃত্ত) রচনা করতে কী প্রয়োজন?,ত্রিভুজের কোণ সমদ্বিখণ্ডক,ত্রিভুজের বাহু সমদ্বিখণ্ডক,ত্রিভুজের মধ্যমা,ত্রিভুজের উচ্চতা,  B,পরিবৃত্তের কেন্দ্র ত্রিভুজের বাহু সমদ্বিখণ্ডকগুলোর ছেদবিন্দুতে। Option B সঠিক।,6
সম্পাদ্য,208,একটি দেওয়া রেখাংশকে ৪টি সমান ভাগে ভাগ করতে কম্পাস দিয়ে কয়টি চাপ আঁকতে হয়?,6,8,10,12,  B,"রেখাংশকে ৪ ভাগে ভাগ করতে, সমান্তরাল রেখা পদ্ধতি ব্যবহার করা হয়, যার জন্য ৮টি চাপ আঁকা হয় (প্রতি ভাগের জন্য ২টি চাপ)। Option B সঠিক।",6
সম্পাদ্য,209,একটি নিয়মিত পঞ্চভুজ রচনা করতে প্রথমে কী করতে হবে?,একটি বৃত্ত আঁকা,একটি ৬০° কোণ আঁকা,একটি রেখাংশ আঁকা,একটি লম্ব সমদ্বিখণ্ডক আঁকা,  A,"নিয়মিত পঞ্চভুজ রচনা করতে প্রথমে একটি বৃত্ত আঁকা হয়, যার উপর ৭২° কোণে বিন্দুগুলো চিহ্নিত করা হয়। Option A সঠিক।",7
সম্পাদ্য,210,"একটি ত্রিভুজের দেওয়া তিনটি বাহু ৬ সেমি, ৭ সেমি, এবং ৮ সেমি। এটি রচনা করতে কোন ধাপটি দ্বিতীয়?",একটি ৬০° কোণ আঁকা,একটি ৭ সেমি চাপ আঁকা,একটি লম্ব সমদ্বিখণ্ডক আঁকা,একটি সমান্তরাল রেখা আঁকা,  B,"প্রথমে একটি বাহু (যেমন ৬ সেমি) আঁকা হয়, তারপর কম্পাস দিয়ে ৭ সেমি চাপ আঁকা হয়। Option B সঠিক।",7
সম্পাদ্য,211,একটি বৃত্তের একটি বিন্দুতে দুটি স্পর্শক রচনা করা সম্ভব কিনা?,হ্যাঁ,না,নির্ধারণ করা যায় না,শুধু প্রট্রাক্টর দিয়ে সম্ভব,  B,"একটি বিন্দুতে একটি মাত্র স্পর্শক সম্ভব, কারণ স্পর্শক বৃত্তের ত্রিজ্যার সাথে লম্ব। Option B সঠিক।",7
সম্পাদ্য,212,একটি ত্রিভুজের অন্তঃবৃত্ত রচনা করতে কয়টি কোণ সমদ্বিখণ্ডক আঁকতে হয়?,1,2,3,4,  B,"অন্তঃবৃত্তের কেন্দ্র নির্ণয়ের জন্য দুটি কোণ সমদ্বিখণ্ডক যথেষ্ট, কারণ তৃতীয়টি একই বিন্দুতে ছেদ করে। Option B সঠিক।",8
সম্পাদ্য,213,একটি ত্রিভুজের পরিবৃত্ত রচনা করতে কয়টি বাহু সমদ্বিখণ্ডক আঁকতে হয়?,1,2,3,4,  B,পরিবৃত্তের কেন্দ্র নির্ণয়ের জন্য দুটি বাহু সমদ্বিখণ্ডক যথেষ্ট। Option B সঠিক।,8
সম্পাদ্য,214,একটি দেওয়া রেখাংশকে ৫টি সমান ভাগে ভাগ করতে কোন পদ্ধতি ব্যবহার করা হয়?,সমান্তরাল রেখা পদ্ধতি,লম্ব সমদ্বিখণ্ডক পদ্ধতি,কোণ সমদ্বিখণ্ডক পদ্ধতি,বৃত্তের চাপ পদ্ধতি,  A,রেখাংশকে সমান ভাগে ভাগ করতে সমান্তরাল রেখা পদ্ধতি ব্যবহার করা হয়। Option A সঠিক।,8
সম্পাদ্য,215,একটি নিয়মিত ষড়ভুজ রচনা করতে কোন কোণটি প্রয়োজন?,60°,90°,120°,150°,  A,নিয়মিত ষড়ভুজ রচনা করতে বৃত্তের উপর ৬০° কেন্দ্রীয় কোণে (৩৬০°/৬) বিন্দুগুলো চিহ্নিত করা হয়। Option A সঠিক।,9
সম্পাদ্য,216,"একটি ত্রিভুজের দেওয়া তিনটি কোণ ৩০°, ৬০°, এবং ৯০°। এটি রচনা করতে প্রথম ধাপ কী?",একটি ৯০° কোণ আঁকা,একটি ৬০° কোণ আঁকা,একটি ৩০° কোণ আঁকা,একটি রেখাংশ আঁকা,  D,"ASA ত্রিভুজ রচনা করতে প্রথমে একটি রেখাংশ আঁকা হয়, তারপর কোণগুলো রচনা করা হয়। Option D সঠিক।",9
সম্পাদ্য,217,একটি বৃত্তের বাইরের একটি বিন্দু থেকে দুটি স্পর্শক রচনা করতে কোন ধাপটি প্রথমে করতে হবে?,বিন্দু থেকে কেন্দ্রে একটি রেখা আঁকা,বৃত্তের একটি চাপ আঁকা,একটি লম্ব সমদ্বিখণ্ডক আঁকা,একটি ৯০° কোণ আঁকা,  A,স্পর্শক রচনা করতে প্রথমে বিন্দু থেকে বৃত্তের কেন্দ্রে একটি রেখা আঁকা হয়। Option A সঠিক।,9
সম্পাদ্য,218,একটি নিয়মিত পঞ্চভুজের একটি বাহু ৫ সেমি দেওয়া আছে। এটি রচনা করতে কেন্দ্রীয় কোণ কত হবে?,60°,72°,90°,108°,  B,নিয়মিত পঞ্চভুজের কেন্দ্রীয় কোণ = ৩৬০°/৫ = ৭২°। Option B সঠিক।,10
সম্পাদ্য,219,একটি ত্রিভুজের অন্তঃবৃত্ত এবং পরিবৃত্ত রচনা করতে মোট কয়টি চাপ আঁকতে হয়?,8,10,12,14,  C,"অন্তঃবৃত্তের জন্য ৪টি চাপ (দুটি কোণ সমদ্বিখণ্ডক) এবং পরিবৃত্তের জন্য ৪টি চাপ (দুটি বাহু সমদ্বিখণ্ডক), প্লাস বৃত্ত আঁকার জন্য ২টি চাপ, মোট ৮ + ৪ = ১২টি। Option C সঠিক।",10
সম্পাদ্য,220,একটি দেওয়া রেখাংশকে ৬টি সমান ভাগে ভাগ করতে কম্পাস দিয়ে কয়টি চাপ আঁকতে হয়?,10,12,14,16,  B,"৬ ভাগে ভাগ করতে সমান্তরাল রেখা পদ্ধতিতে প্রতি ভাগের জন্য ২টি চাপ, মোট ৬ × ২ = ১২টি চাপ। Option B সঠিক।",10
সম্পাদ্য,221,একটি দেওয়া রেখাংশ PQ-এর সমান একটি রেখাংশ RS রচনা করতে প্রথম ধাপ কী?,কম্পাস দিয়ে একটি চাপ আঁকা,রুলার দিয়ে একটি রেখাংশ আঁকা,একটি বৃত্ত আঁকা,একটি কোণ আঁকা,  B,"রেখাংশের সমান রেখাংশ রচনা করতে প্রথমে রুলার দিয়ে একটি রেখাংশ আঁকা হয়, তারপর কম্পাস দিয়ে PQ-এর দৈর্ঘ্য নিয়ে RS আঁকা হয়। Option B সঠিক।",1
সম্পাদ্য,222,একটি ৩০° কোণ রচনা করতে কোন কোণের সমদ্বিখণ্ডক প্রয়োজন?,৪৫°,৬০°,৯০°,১২০°,  B,"৩০° কোণ রচনা করতে প্রথমে ৬০° কোণ আঁকা হয়, তারপর এর সমদ্বিখণ্ডক আঁকা হয়। Option B সঠিক।",1
সম্পাদ্য,223,একটি রেখাংশের মধ্যবিন্দু নির্ণয় করতে কোন পদ্ধতি ব্যবহার করা হয়?,কোণ সমদ্বিখণ্ডক,লম্ব সমদ্বিখণ্ডক,সমান্তরাল রেখা,বৃত্তের চাপ,  B,রেখাংশের মধ্যবিন্দু নির্ণয়ের জন্য লম্ব সমদ্বিখণ্ডক আঁকা হয়। Option B সঠিক।,1
সম্পাদ্য,224,একটি দেওয়া রেখাংশের উপর লম্ব রেখা রচনা করতে কম্পাস দিয়ে কয়টি চাপ আঁকতে হয়?,2,3,4,5,  C,"লম্ব রেখা রচনা করতে রেখাংশের দুই প্রান্ত থেকে দুটি করে চাপ (মোট ৪টি) আঁকা হয়, যা মধ্যবিন্দুতে ছেদ করে। Option C সঠিক।",2
সম্পাদ্য,225,একটি দেওয়া কোণ XYZ-এর সমান একটি কোণ UVW রচনা করতে প্রথম ধাপ কী?,একটি বৃত্ত আঁকা,একটি রেখাংশ আঁকা,একটি চাপ আঁকা,একটি লম্ব আঁকা,  B,"কোণের সমান কোণ রচনা করতে প্রথমে রুলার দিয়ে একটি রেখাংশ আঁকা হয়, তারপর কম্পাস দিয়ে কোণের মাপ নেওয়া হয়। Option B সঠিক।",2
সম্পাদ্য,226,একটি ১২০° কোণ রচনা করতে কোন ধাপটি প্রয়োজন?,দুটি ৬০° কোণের সমষ্টি,একটি ৯০° কোণের সমদ্বিখণ্ডক,একটি ৪৫° কোণের দ্বিগুণ,একটি বৃত্তের ব্যাস,  A,১২০° কোণ রচনা করতে দুটি ৬০° কোণের সমষ্টি (৬০° + ৬০°) তৈরি করা হয়। Option A সঠিক।,2
সম্পাদ্য,227,"একটি ত্রিভুজের তিনটি বাহুর দৈর্ঘ্য ৫ সেমি, ৭ সেমি, এবং ১০ সেমি। এটি রচনা করা সম্ভব কিনা?",হ্যাঁ,না,নির্ধারণ করা যায় না,শুধু প্রট্রাক্টর দিয়ে সম্ভব,  A,"ত্রিভুজ রচনার শর্ত: ৫ + ৭ > ১০ (১২ > ১০), ৫ + ১০ > ৭ (১৫ > ৭), ৭ + ১০ > ৫ (১৭ > ৫)। শর্তগুলো পূরণ হয়, তাই রচনা সম্ভব। Option A সঠিক।",3
সম্পাদ্য,228,একটি সমান্তরাল রেখা রচনা করতে কোন সরঞ্জামের সংমিশ্রণ প্রয়োজন?,শুধু রুলার,শুধু কম্পাস,কম্পাস এবং রুলার,প্রট্রাক্টর এবং কম্পাস,  C,সমান্তরাল রেখা রচনা করতে কম্পাস দিয়ে সমান কোণ তৈরি করা হয় এবং রুলার দিয়ে রেখা আঁকা হয়। Option C সঠিক।,3
সম্পাদ্য,229,একটি ১৫° কোণ রচনা করতে কোন ধাপটি প্রয়োজন?,৩০° কোণের সমদ্বিখণ্ডক,৬০° কোণের সমদ্বিখণ্ডক,৪৫° কোণের সমদ্বিখণ্ডক,৯০° কোণের সমদ্বিখণ্ডক,  A,১৫° কোণ রচনা করতে ৩০° কোণের সমদ্বিখণ্ডক আঁকা হয়। Option A সঠিক।,3
সম্পাদ্য,230,"একটি ত্রিভুজের দুটি বাহু ৪ সেমি এবং ৫ সেমি, এবং তাদের মধ্যবর্তী কোণ ৩০°। এই ত্রিভুজটি রচনা করতে দ্বিতীয় ধাপ কী?",একটি ৩০° কোণ আঁকা,একটি ৫ সেমি চাপ আঁকা,একটি লম্ব সমদ্বিখণ্ডক আঁকা,একটি সমান্তরাল রেখা আঁকা,  A,"SAS ত্রিভুজ রচনা করতে প্রথমে একটি বাহু (যেমন ৪ সেমি) আঁকা হয়, তারপর ৩০° কোণ আঁকা হয়। Option A সঠিক।",4
সম্পাদ্য,231,একটি বৃত্তের একটি বিন্দুতে স্পর্শক রচনা করতে প্রথম ধাপ কী?,বিন্দু থেকে কেন্দ্রে একটি রেখা আঁকা,একটি বৃত্ত আঁকা,একটি চাপ আঁকা,একটি ৯০° কোণ আঁকা,  A,"স্পর্শক রচনা করতে প্রথমে বিন্দু থেকে বৃত্তের কেন্দ্রে একটি রেখা আঁকা হয়, যা লম্ব হিসেবে কাজ করে। Option A সঠিক।",4
সম্পাদ্য,232,"একটি ত্রিভুজের দুটি কোণ ৩০° এবং ৪৫°, এবং তাদের মধ্যবর্তী বাহু ৬ সেমি। এই ত্রিভুজটি রচনা করতে তৃতীয় কোণ কত?",100°,105°,110°,115°,  B,তৃতীয় কোণ = ১৮০° − (৩০° + ৪৫°) = ১০৫°। Option B সঠিক।,4
সম্পাদ্য,233,"একটি ত্রিভুজের তিনটি বাহুর দৈর্ঘ্য ৬ সেমি, ৮ সেমি, এবং ১০ সেমি। এটি রচনা করতে প্রথম ধাপ কী?",একটি ৬ সেমি রেখাংশ আঁকা,একটি ৬০° কোণ আঁকা,একটি বৃত্ত আঁকা,একটি লম্ব সমদ্বিখণ্ডক আঁকা,  A,SSS ত্রিভুজ রচনা করতে প্রথমে একটি বাহু (যেমন ৬ সেমি) আঁকা হয়। Option A সঠিক।,5
সম্পাদ্য,234,একটি বৃত্তের বাইরের একটি বিন্দু থেকে স্পর্শক রচনা করতে প্রথম ধাপ কী?,বিন্দু থেকে কেন্দ্রে একটি রেখা আঁকা,একটি বৃত্ত আঁকা,একটি লম্ব সমদ্বিখণ্ডক আঁকা,একটি ৯০° কোণ আঁকা,  A,স্পর্শক রচনা করতে প্রথমে বিন্দু থেকে বৃত্তের কেন্দ্রে একটি রেখা আঁকা হয়। Option A সঠিক।,5
সম্পাদ্য,235,একটি কোণের সমদ্বিখণ্ডক রচনা করতে প্রথমে কী করতে হবে?,কোণের শীর্ষবিন্দুতে একটি চাপ আঁকা,একটি রেখাংশ আঁকা,একটি বৃত্ত আঁকা,একটি লম্ব আঁকা,  A,কোণের সমদ্বিখণ্ডক রচনা করতে প্রথমে কোণের শীর্ষবিন্দুতে কম্পাস দিয়ে একটি চাপ আঁকা হয়। Option A সঠিক।,5
সম্পাদ্য,236,একটি ত্রিভুজের অন্তঃবৃত্ত রচনা করতে প্রথম ধাপ কী?,ত্রিভুজের কোণ সমদ্বিখণ্ডক আঁকা,ত্রিভুজের বাহু সমদ্বিখণ্ডক আঁকা,ত্রিভুজের মধ্যমা আঁকা,ত্রিভুজের উচ্চতা আঁকা,  A,অন্তঃবৃত্তের কেন্দ্র ত্রিভুজের কোণ সমদ্বিখণ্ডকগুলোর ছেদবিন্দুতে। তাই প্রথমে কোণ সমদ্বিখণ্ডক আঁকা হয়। Option A সঠিক।,6
সম্পাদ্য,237,একটি ত্রিভুজের পরিবৃত্ত রচনা করতে প্রথম ধাপ কী?,ত্রিভুজের কোণ সমদ্বিখণ্ডক আঁকা,ত্রিভুজের বাহু সমদ্বিখণ্ডক আঁকা,ত্রিভুজের মধ্যমা আঁকা,ত্রিভুজের উচ্চতা আঁকা,  B,পরিবৃত্তের কেন্দ্র ত্রিভুজের বাহু সমদ্বিখণ্ডকগুলোর ছেদবিন্দুতে। তাই প্রথমে বাহু সমদ্বিখণ্ডক আঁকা হয়। Option B সঠিক।,6
সম্পাদ্য,238,একটি দেওয়া রেখাংশকে ৩টি সমান ভাগে ভাগ করতে কম্পাস দিয়ে কয়টি চাপ আঁকতে হয়?,4,6,8,10,  B,"৩ ভাগে ভাগ করতে সমান্তরাল রেখা পদ্ধতিতে প্রতি ভাগের জন্য ২টি চাপ, মোট ৩ × ২ = ৬টি চাপ। Option B সঠিক।",6
সম্পাদ্য,239,একটি নিয়মিত চতুর্ভুজ (বর্গক্ষেত্র) রচনা করতে প্রথম ধাপ কী?,একটি বৃত্ত আঁকা,একটি ৯০° কোণ আঁকা,একটি রেখাংশ আঁকা,একটি লম্ব সমদ্বিখণ্ডক আঁকা,  A,"নিয়মিত চতুর্ভুজ রচনা করতে প্রথমে একটি বৃত্ত আঁকা হয়, যার উপর ৯০° কোণে বিন্দুগুলো চিহ্নিত করা হয়। Option A সঠিক।",7
সম্পাদ্য,240,"একটি ত্রিভুজের দেওয়া তিনটি বাহু ৩ সেমি, ৪ সেমি, এবং ৫ সেমি। এটি রচনা করতে দ্বিতীয় ধাপ কী?",একটি ৩ সেমি চাপ আঁকা,একটি ৪ সেমি চাপ আঁকা,একটি লম্ব সমদ্বিখণ্ডক আঁকা,একটি ৬০° কোণ আঁকা,  B,"প্রথমে একটি বাহু (যেমন ৩ সেমি) আঁকা হয়, তারপর কম্পাস দিয়ে ৪ সেমি চাপ আঁকা হয়। Option B সঠিক।",7
সম্পাদ্য,241,একটি বৃত্তের বাইরের একটি বিন্দু থেকে দুটি স্পর্শক রচনা করা সম্ভব কিনা?,হ্যাঁ,না,নির্ধারণ করা যায় না,শুধু প্রট্রাক্টর দিয়ে সম্ভব,  A,বৃত্তের বাইরের একটি বিন্দু থেকে দুটি স্পর্শক রচনা সম্ভব। Option A সঠিক।,7
সম্পাদ্য,242,একটি ত্রিভুজের অন্তঃবৃত্ত রচনা করতে কয়টি কোণ সমদ্বিখণ্ডক প্রয়োজন?,1,2,3,4,  B,অন্তঃবৃত্তের কেন্দ্র নির্ণয়ের জন্য দুটি কোণ সমদ্বিখণ্ডক যথেষ্ট। Option B সঠিক।,8
সম্পাদ্য,243,একটি ত্রিভুজের পরিবৃত্ত রচনা করতে কয়টি বাহু সমদ্বিখণ্ডক প্রয়োজন?,1,2,3,4,  B,পরিবৃত্তের কেন্দ্র নির্ণয়ের জন্য দুটি বাহু সমদ্বিখণ্ডক যথেষ্ট। Option B সঠিক।,8
সম্পাদ্য,244,একটি দেওয়া রেখাংশকে ৫টি সমান ভাগে ভাগ করতে কম্পাস দিয়ে কয়টি চাপ আঁকতে হয়?,8,10,12,14,  B,"৫ ভাগে ভাগ করতে সমান্তরাল রেখা পদ্ধতিতে প্রতি ভাগের জন্য ২টি চাপ, মোট ৫ × ২ = ১০টি চাপ। Option B সঠিক।",8
সম্পাদ্য,245,একটি নিয়মিত পঞ্চভুজ রচনা করতে কেন্দ্রীয় কোণ কত হবে?,60°,72°,90°,108°,  B,নিয়মিত পঞ্চভুজের কেন্দ্রীয় কোণ = ৩৬০°/৫ = ৭২°। Option B সঠিক।,9
সম্পাদ্য,246,"একটি ত্রিভুজের দেওয়া তিনটি কোণ ৪৫°, ৪৫°, এবং ৯০°। এটি রচনা করতে প্রথম ধাপ কী?",একটি ৯০° কোণ আঁকা,একটি ৪৫° কোণ আঁকা,একটি রেখাংশ আঁকা,একটি বৃত্ত আঁকা,  C,"ASA ত্রিভুজে প্রথমে একটি রেখাংশ আঁকা হয়, তারপর কোণগুলো রচনা করা হয়। Option C সঠিক।",9
সম্পাদ্য,247,একটি বৃত্তের বাইরের একটি বিন্দু থেকে দুটি স্পর্শক রচনা করতে কম্পাস দিয়ে কয়টি চাপ আঁকতে হয়?,6,8,10,12,  A,দুটি স্পর্শক রচনা করতে ৬টি চাপ আঁকা হয়: মধ্যবর্তী রেখার সমদ্বিখণ্ডক (৪টি) এবং স্পর্শ বিন্দুগুলোর জন্য ২টি। Option A সঠিক।,9
সম্পাদ্য,248,একটি নিয়মিত ষড়ভুজের একটি বাহু ৬ সেমি দেওয়া আছে। এটি রচনা করতে কেন্দ্রীয় কোণ কত হবে?,60°,90°,120°,150°,  A,নিয়মিত ষড়ভুজের কেন্দ্রীয় কোণ = ৩৬০°/৬ = ৬০°। Option A সঠিক।,10
সম্পাদ্য,249,একটি ত্রিভুজের অন্তঃবৃত্ত এবং পরিবৃত্ত রচনা করতে মোট কয়টি চাপ আঁকতে হয়?,8,10,12,14,  C,"অন্তঃবৃত্তের জন্য ৪টি চাপ (দুটি কোণ সমদ্বিখণ্ডক), পরিবৃত্তের জন্য ৪টি চাপ (দুটি বাহু সমদ্বিখণ্ডক), এবং বৃত্ত আঁকার জন্য ২টি চাপ, মোট ৮ + ৪ = ১২টি। Option C সঠিক।",10
সম্পাদ্য,250,একটি দেওয়া রেখাংশকে ৭টি সমান ভাগে ভাগ করতে কম্পাস দিয়ে কয়টি চাপ আঁকতে হয়?,12,14,16,18,  B,"৭ ভাগে ভাগ করতে সমান্তরাল রেখা পদ্ধতিতে প্রতি ভাগের জন্য ২টি চাপ, মোট ৭ × ২ = ১৪ট",10
