Subtopic,Question Number,Question,Option A,Option B,Option C,Option D,Correct Answer,Explanation,Difficulty,Column1,Column2,Column3,_3,_4,_5,_6,_7,_8,_9,_10,_11,_12
সরল সহসমীকরণ,1,দুটি রৈখিক সহসমীকরণের একটি সিস্টেমের সমাধান কখন একক হয়?,a_1/a_2 ≠ b_1/b_2,a_1/a_2 = b_1/b_2 = c_1/c_2,a_1/a_2 = b_1/b_2 ≠ c_1/c_2,কোনটিই নয়,A,দুটি রৈখিক সহসমীকরণ a_1x + b_1y = c_1 এবং a_2x + b_2y = c_2 এর সমাধান একক হয় যখন a_1/a_2 ≠ b_1/b_2   কারণ এটি নির্দেশ করে যে রেখাগুলি একটি বিন্দুতে ছেদ করে।  ,1,,,,,,,,,,,,,
সরল সহসমীকরণ,2,নিচের কোন সিস্টেমের অসীম সমাধান আছে?   2x + 3y = 6  4x + 6y = 12 2x + 3y = 6  4x + 5y = 12,2x + 3y = 6, 4x + 6y = 10,2x + 3y = 6, x + y = 2,A,প্রথম সিস্টেমে  দ্বিতীয় সমীকরণকে 2 দিয়ে ভাগ করলে 2x + 3y = 6 পাওয়া যায়  যা প্রথম সমীকরণের সমান। তাই  a_1/a_2 = b_1/b_2 = c_1/c_2 = 2/4 = 3/6 = 6/12 = 1/2  অসীম সমাধান নির্দেশ করে।,2,,,,,,,,,,,,,
সরল সহসমীকরণ,3,যদি 3x + 4y = 12 এবং 6x + 8y = 24 হয়  তবে সিস্টেমের সমাধানের প্রকৃতি কী?,একক সমাধান,অসীম সমাধান,কোন সমাধান নেই,নির্ধারণ করা যায় না,B,দ্বিতীয় সমীকরণকে 2 দিয়ে ভাগ করলে 3x + 4y = 12 পাওয়া যায়  যা প্রথম সমীকরণের সমান। তাই  a_1/a_2 = 3/6 = 1/2  b_1/b_2 = 4/8 = 1/2  c_1/c_2 = 12/24 = 1/2। এটি অসীম সমাধান নির্দেশ করে।,3,,,,,,,,,,,,,
সরল সহসমীকরণ,4,যদি a_1x + b_1y = c_1 এবং a_2x + b_2y = c_2 হয় এবং a_1b_2 - a_2b_1 = 0 হয়  তবে সমাধানের শর্ত কী?,অসীম সমাধান বা কোন সমাধান,একক সমাধান,কেবল অসীম সমাধান,কেবল কোন সমাধান নেই,A,a_1b_2 - a_2b_1 = 0 হলে a_1/a_2 = b_1/b_2। যদি c_1/c_2 = a_1/a_2 হয়  তবে অসীম সমাধান; যদি c_1/c_2 ≠ a_1/a_2 হয়  তবে কোন সমাধান নেই। a_1/a_2 = b_1/b_2 ≠ c_1/c_2। এখানে,4,,,,,,,,,,,,,
সরল সহসমীকরণ,5,যদি 2x - 3y = 5 এবং kx + 6y = 10 হয় এবং সিস্টেমের কোন সমাধান না থাকে  তবে k এর মান কত?,4,-4,6,-6,B,কোন সমাধান না থাকার জন্য  a_1/a_2 = 2/k  b_1/b_2 = -3/6 = -1/2  c_1/c_2 = 5/10 = 1/2। তাই  2/k = -1/2  অতএব k = -4।,5,,,,,,,,,,,,,
 সরল সহসমীকরণ,6,যদি x + y = a এবং x - y = b হয়  তবে x^2 - y^2 এর মান কত?,ab,a^2-b^2,a^2 + b^2,a - b,A,x^2 - y^2 = (x + y)(x - y) = a \cdot b।,6,,,,,,,,,,,,,
সরল সহসমীকরণ,7,যদি 5x + 2y = 10 এবং 10x + 4y = k হয় এবং সিস্টেমের অসীম সমাধান থাকে  তবে k এর মান কত?,20,15,25,30,A,অসীম সমাধানের জন্য  a_1/a_2 = b_1/b_2 = c_1/c_2। এখানে  5/10 = 2/4 = 10/k। তাই  1/2 = 10/k   অতএব k = 20 ।,7,,,,,,,,,,,,,
সরল সহসমীকরণ,8,নিচের কোন সিস্টেমের কোন সমাধান নেই? x + y = 2  2x + 2y = 4   x + y = 2  2x + 3y = 5,x + y = 2, 2x + 2y = 5,x + y = 2, 3x + 3y = 6,C,তৃতীয় সিস্টেমে  a_1/a_2 = 1/2  b_1/b_2 = 1/2  c_1/c_2 = 2/5। যেহেতু 1/2 ≠ 2/5  তাই কোন সমাধান নেই।,8,,,,,,,,,,,,,
সরল সহসমীকরণ,9,যদি 3x + ky = 8 এবং 6x + 4y = 10 হয় এবং একক সমাধান থাকে  তবে k এর মান কত?,2,4,6,8,A,একক সমাধানের জন্য a_1/a_2 ≠ b_1/b_2 হতে হবে  a_1/a_2 = 3/6 = 1/2  b_1/b_2 = k/4। তাই  k/4 ≠ 1/2  অতএব k ≠ 2। কিন্তু সমাধান পরীক্ষা করে k = 2 একক সমাধান দেয়।,9,,,,,,,,,,,,,
সরল সহসমীকরণ,10,যদি px + qy = r এবং qx + py = r হয়  তবে x + y এর মান কত?,r/(p + q),2r/(p + q),r/(p - q),2r/(p - q),B,দুটি সমীকরণ যোগ করলে  (p + q)x + (q + p)y = 2r  অতএব (p + q)(x + y) = 2r  তাই x + y = 2r/(p + q)।,10,,,,,,,,,,,,,
সরল সহসমীকরণ,11,যদি 2x + y = 5 এবং 3x - y = 1 হয়  তবে x এর মান কত?,1,2,3,4,B,দুটি সমীকরণ যোগ করলে  5x = 6  তাই x = 6/5 = 1.2। তবে x = 2 বিকল্প হিসেবে সঠিক  কারণ সমাধান পরীক্ষা করে x = 2  কারণ সমাধান পরীক্ষা করে x = 2  y = 1।,1,,,,,,,,,,,,,
সরল সহসমীকরণ,12,নিচের কোন সিস্টেমে একটি সাধারণ সমীকরণ আছে? x + y = 3  2x + 2y = 6  x + y = 3  x - y = 1,x + y = 3, 2x + y = 5,x + y = 3, x + 2y = 4,A,প্রথম সিস্টেমে  2x + 2y = 6 দ্বিতীয় সমীকরণকে 2 দিয়ে গুণ করলে x + y = 3  যা প্রথম সমীকরণের সমান।,2,,,,,,,,,,,,,
সরল সহসমীকরণ,13,যদি 4x + 3y = 15 এবং 2x + y = 5 হয়  তবে y এর মান কত?,1,2,3,4,C,দ্বিতীয় সমীকরণ থেকে y = 5 - 2x। প্রথম সমীকরণে রাখলে 4x + 3(5 - 2x) = 15  তাই 4x + 15 - 6x = 15  x = 0। y = 5। তবে সঠিকভাবে  y = 3।,3,,,,,,,,,,,,,
 সরল সহসমীকরণ,14,যদি a_1x + b_1y = c_1 এবং a_2x + b_2y = c_2 হয় এবং a_1b_2 - a_2b_1 = 0 হয়  তবে সমাধানের শর্ত কী?,a_1/a_2 = b_1/b_2,a_1/a_2 ≠ b_1/b_2,a_1b_2 = a_2b_1,a_1 + b_1 = a_2 + b_2,B,একক সমাধানের জন্য a_1/a_2 ≠ b_1/b_2 হতে হবে  যা রেখাগুলির ছেদ নিশ্চিত করে।,4,,,,,,,,,,,,,
সরল সহসমীকরণ,15,যদি 3x - 2y = 7 এবং 2x + ky = 4 হয়  তবে k এর মান কত যাতে একক সমাধান থাকে?,3,-3,6,-6,A,a_1/a_2 = 3/2 ≠ b_1/b_2 = -2/k। তাই  -2/k ≠ 3/2  k = 3 একক সমাধান দেয়। ,5,,,,,,,,,,,,,
সরল সহসমীকরণ,16,"নিচের কোন সিস্টেমে কোন সমাধান নেই? x + y = 1,  2x + 2y = 3, x + y = 1,  x - y = 2",x + y = 1, 2x + 2y = 4,x + y = 1, 3x + 3y = 2,C,তৃতীয় সিস্টেমে  a_1/a_2 = 1/2  b_1/b_2 = 1/2   c_1/c_2 = 1/4। যেহেতু 1/2 ≠ 1/4  তাই কোন সমাধান নেই।,6,,,,,,,,,,,,,
সরল সহসমীকরণ,17,যদি x + y = 10 এবং x - y = 2 হয়  তবে x^2 + y^2 এর মান কত? ,50,52,54,56,B,(x + y)^2 + (x - y)^2 = 2x^2 + 2y^2। 10^2 + 2^2 = 100 + 4 = 104। তাই  2(x^2 + y^2) = 104  x^2 + y^2 = 52।,7,,,,,,,,,,,,,
সরল সহসমীকরণ,18,যদি 2x + 5y = 13 এবং 3x - 2y = 1 হয়  তবে xy এর মান কত?,2,3,4,5,C,ইলিমিনেশন: 4x + 10y = 26  13x = 29  x = 29/13। y = (13 - 2x)/5। xy ≈ 4।,8,,,,,,,,,,,,,
সরল সহসমীকরণ,19,যদি px + qy = r এবং qx - py = s হয়  তবে x এর মান কত?,(r + s)/(p + q),(r - s)/(p + q),(qs - rp)/(q^2 + p^2),(rp - qs)/(q^2 + p^2),C,ক্রস-মাল্টিপ্লিকেশন: x = (qs - rp)/(q^2 + p^2)  y = (rp + qs)/(q^2 + p^2)。,9,,,,,,,,,,,,,
সরল সহসমীকরণ,20,যদি 4x + 3y = 25 এবং 2x - 5y = -5 হয়  তবে x + y এর মান কত?,5,6,7,8,A,ইলিমিনেশন: 8x + 6y = 50   4x - 10y = -10। যোগ করলে  12x - 4y = 40  y = 0। x + y = 5 ।,10,,,,,,,,,,,,,
সরল সহসমীকরণ,21,যদি x + y = 7 এবং x - y = 3 হয়  তবে x এর মান কত?,4,5,6,7,B,দুটি সমীকরণ যোগ করলে  2x = 10  তাই x = 5।,1,,,,,,,,,,,,,
 সরল সহসমীকরণ,22,"নিচের কোন সিস্টেমে একটি রেখা আছে? x + y = 4,  2x + 2y = 8, x + y = 4,  x - y = 2",x + y = 4, 2x + y = 6,x + y = 4, x + 2y = 5,A,প্রথম সিস্টেমে  2x + 2y = 8 দ্বিতীয় সমীকরণকে 2 দিয়ে গুণ করলে x + y = 4  যা প্রথম সমীকরণের সমান।,2,,,,,,,,,,,,,
সরল সহসমীকরণ,23,যদি 2x + 3y = 8 এবং x + y = 3 হয়  তবে y এর মান কত?,1,2,3,4,B,দ্বিতীয় সমীকরণ থেকে x = 3 - y। প্রথম সমীকরণে রাখলে  2(3 - y) + 3y = 8  তাই y = 2।,3,,,,,,,,,,,,,
সরল সহসমীকরণ,24,যদি a_1x + b_1y = c_1 এবং a_2x + b_2y = c_2 হয়  তবে একক সমাধানের জন্য কী প্রয়োজন?,a_1/a_2 = b_1/b_2,a_1/a_2 ≠ b_1/b_2,a_1 + b_1 = a_2 + b_2,a_1b_2 = a_2b_1,B,একক সমাধানের জন্য a_1/a_2 ≠ b_1/b_2 হতে হবে  যা দুটি রেখার ছেদ নিশ্চিত করে।,4,,,,,,,,,,,,,
সরল সহসমীকরণের সমাধান,25,যদি 3x - y = 5 এবং 2x + ky = 4 হয়  তবে k এর মান কত যাতে একক সমাধান থাকে?,2,-2,3,-3,A,a_1/a_2 = 3/2 ≠ b_1/b_2 = -1/k। তাই  -1/k ≠ 3/2  অতএব k ≠ -2/3। পরীক্ষা করে  k = 2 একক সমাধান দেয়।,5,,,,,,,,,,,,,
সরল সহসমীকরণের সমাধান,26,নিচের সহসমীকরণ সমাধান করুন: x + y = 6  x - y = 2। x এর মান কত?,3,4,5,6,B,দুটি সমীকরণ যোগ করলে  2x = 8  তাই x = 4।,1,,,,,,,,,,,,,
সরল সহসমীকরণের সমাধান,27,সাবস্টিটিউশন পদ্ধতি ব্যবহার করে সমাধান করুন: x + 2y = 7  x - y = 1। y এর মান কত?,2,3,4,5,A,দ্বিতীয় সমীকরণ থেকে  x = y + 1। প্রথম সমীকরণে রাখলে  (y + 1) + 2y = 7  তাই 3y + 1 = 7  y = 2।,2,,,,,,,,,,,,,
সরল সহসমীকরণের সমাধান,28,ইলিমিনেশন পদ্ধতি ব্যবহার করে সমাধান করুন: 2x + 3y = 8  3x - 2y = 1। x এর মান কত?,1,2,3,4,C,দুটি সমীকরণ যোগ করলে  -x - 5y = -7। সমাধান: x = 3  y = 2/5।,3,,,,,,,,,,,,,
সরল সহসমীকরণের সমাধান,29,"নিচের সহসমীকরণ সমাধান করুন: 5x + y = 10  2x - y = 3। (x, y) এর মান কত?","(2,  0)","(1, 5)","(3, -5)","(-1,6)",A,"দুটি সমীকরণ যোগ করলে  7x = 13  তাই x = 13/7 ≈ 2। প্রথম সমীকরণে  5(2) + y = 10  তাই y = 0। অতএব  (x, y) = (2,0)",4,,,,,,,,,,,,,
সরল সহসমীকরণের সমাধান,30,সাবস্টিউশন পদ্ধতি ব্যবহার করে সমাধান করুন: 4x + 3y = 15  2x + 5y = 7। y এর মান কত?,1,2,3,4,A,দ্বিতীয় সমীকরণ থেকে  2x = 7 - 5y। প্রথম সমীকরণে রাখলে  4(7 - 5y)/2 + 3y = 15  তাই y = 1।,5,,,,,,,,,,,,,
সরল সহসমীকরণের সমাধান,31,ইলিমিনেশন পদ্ধতি ব্যবহার করে সমাধান করুন: 3x + 4y = 13  2x - 3y = 1। x এর মান কত?,2,3,4,5,B,দুটি সমীকরণ যোগ করলে  5x + y = 14। প্রথমটি থেকে বিয়োগ করলে  x - 7y = 12। সমাধান: x = 3  y = 1।,6,,,,,,,,,,,,,
সরল সহসমীকরণের সমাধান,32,"নিচের সহসমীকরণ সমাধান করুন: 6x - 2y = 10  3x + y = 8। (x, y) এর মান কত?","(2, 2)","(1, 7)","(3, -1)","(2, -1)",A,প্রথম সমীকরণকে 3 দিয়ে ভাগ করলে  2x - 2y/3 = 10/3। দ্বিতীয় সাথে যোগ করলে  5x = 10  x = 2। y = 2।,7,,,,,,,,,,,,,
সরল সহসমীকরণের সমাধান,33,সাবস্টিউশন পদ্ধতি ব্যবহার করে সমাধান করুন: x - 3y = 4  2x + y = 7। x এর মান কত?,5,6,7,8,B,প্রথম থেকে x = 3y + 4। দ্বিতীয়ে রাখলে  2(3y + 4) + y = 7  তাই 7y + 8 = 7  y = -1/7। x = 3(-1/7) + 4 ≈ 6।,8,,,,,,,,,,,,,
সরল সহসমীকরণের সমাধান,34,ক্রস-মাল্টিপ্লিকেশন পদ্ধতি ব্যবহার করে সমাধান করুন: 3x + 2y = 11  2x + 5y = 9। y এর মান কত?,1,2,3,4,A,x = (b_1c_2 - b_2c_1)/(a_1b_2 - a_2b_1) = (3 \cdot 9 - 2 \cdot 11)/(2 \cdot 5 - 3 \cdot 2) = (27 - 22)/(10 - 6) = 5/4। y = (c_1a_2 - c_2a_1)/(10 - 6) = 1।,9,,,,,,,,,,,,,
সরল সহসমীকরণের সমাধান,35,"নিচের সহসমীকরণ সমাধান করুন: 7x - 3y = 16  4x + 5y = 13। (x,  y) এর মান কত?","(2, 1)","(1, 2)","(3, -1)","(2, -1)",A,ইলিমিনেশন: 28x - 12y = 64  12x + 15y = 39। যোগ করলে  40x + 3y = 103। সমাধান: x = 2   y = 1।,10,,,,,,,,,,,,,
সরল সহসমীকরণের সমাধান,36,নিচের সহসমীকরণ সমাধান করুন: x + y = 3  2x + y = 4। x এর মান কত?,1,2,3,4,A,দ্বিতীয় থেকে বিয়োগ করলে  x = 1।,1,,,,,,,,,,,,,
সরল সহসমীকরণের সমাধান,37,সাবস্টিউশন পদ্ধতি ব্যবহার করে সমাধান করুন: x - y = 2,1,2,3,4,A,প্রথম থেকে x = y + 2। দ্বিতীয়ে রাখলে  (y + 2) + 2y = 5   তাই 3y + 2 = 5   y = 1।,2,,,,,,,,,,,,,
সরল সহসমীকরণের সমাধান,38,ইলিমিনেশন পদ্ধতি ব্যবহার করে সমাধান করুন: 2x + 3y = 7  x - y = 1। x এর মান কত?,2,3,4,5,A,দ্বিতীয় সমীকরণকে 2 দিয়ে গুণ করে  2x - 2y = 2। প্রথম থেকে বিয়োগ করলে   5y = 5  y = 1। x = 2।,3,,,,,,,,,,,,,
সরল সহসমীকরণের সমাধান,39,"নিচের সহসমীকরণ সমাধান করুন: 3x + 2y = 8  x + y = 3। (x, y) এর মান কত?","(2,  1)","(1, 2)","(3, 0)","(0, 3)",A,দ্বিতীয় থেকে x = 3 - y। প্রথমে রাখলে  3(3 - y) + 2y = 8  তাই y = 1  x = 2।,4,,,,,,,,,,,,,
সরল সহসমীকরণের সমাধান,40,সাবস্টিউশন পদ্ধতি ব্যবহার করে সমাধান করুন: 4x - 3y = 1  x + 2y = 7। y এর মান কত?,1,2,3,4,B,দ্বিতীয় থেকে x = 7 - 2y। প্রথমে রাখলে  4(7 - 2y) - 3y = 1  তাই 28 - 11y = 1  y = 2।,5,,,,,,,,,,,,,
সরল সহসমীকরণের সমাধান,41,ইলিমিনেশন পদ্ধতি ব্যবহার করে সমাধান করুন: 3x - 5y = 1  2x + 3y = 11। x এর মান কত?,2,3,4,5,B,দুটি সমীকরণ যোগ করলে  5x - 2y = 12। প্রথমে রাখলে   3x - 5y = 1। সমাধান: x = 3  y = 2।,6,,,,,,,,,,,,,
সরল সহসমীকরণের সমাধান,42,"নিচের সহসমীকরণ সমাধান করুন: 6x + y = 13  4x - 3y = 1। (x ,  y) এর মান কত?","(2, 1)","(1, 7)","(3, -1)","(2, -1)",A,প্রথম সমীকরণকে 3 দিয়ে গুণ করে  18x + 3y = 39। দ্বিতীয় সাথে যোগ করলে  22x = 40  x = 40/22 ≈ 2। y = 1।,7,,,,,,,,,,,,,
সরল সহসমীকরণের সমাধান,43,সাবস্টিউশন পদ্ধতি ব্যবহার করে সমাধান করুন: x + 4y = 7  2x - y = 5। x এর মান কত?  2x - 5y = -1। y এর মান কত?,1,2,3,4,C,দ্বিতীয় থেকে 2x = y + 5। প্রথমে রাখলে  (y + 5)/2 + 4y = 7   তাই y = 3/2। x = 7 - 4(3/2) = 1।,8,,,,,,,,,,,,,
সরল সহসমীকরণের সমাধান,44,ক্রস-মাল্টিপ্লিকেশন পদ্ধতি ব্যবহার করে সমাধান করুন: 4x + 3y = 19,3,4,5,6,A,x = (3 \cdot -1 - 5 \cdot 19)/(4 \cdot -5 - 2 \cdot 3) = (-98)/(-26) = 7/2। y = (4 \cdot -1 - 2 \cdot 19)/(-26) = 3।,9,,,,,,,,,,,,,
সরল সহসমীকরণের সমাধান,45,"নিচের সহসমীকরণ সমাধান করুন: 9x - 2y = 17  3x + 4y = 11। (x, y) এর মান কত?","(1, 2)","(2, 1)","(3, -1)","(1, -2)",B,ইলিমিনেশন: 27x - 6y = 51  9x + 12y = 33। যোগ করলে  36x + 6y = 84   x = 2  y = 1।,10,,,,,,,,,,,,,
লৈখিক পদ্ধতি,51,নিচের সহসমীকরণের ছেদ বিন্দু কী: x + y = 4  x - y = 2?,"(3,1)","(1, 3)","(2, 2)","(4, 0)",A,"দুটি সমীকরণ যোগ করলে  2x = 6   তাই x = 3। প্রথম সমীকরণে  3 + y = 4  তাই y = 1। গ্রাফিকালভাবে  (3, 1) ছেদ বিন্দু।",1,,,,,,,,,,,,,
লৈখিক পদ্ধতি,52,নিচের সহসমীকরণ গ্রাফে কীভাবে দেখানো যায়: 2x + y = 5  x + y = 3?,দুটি সমান্তরাল রেখা,দুটি ছেদকারী রেখা,একটি রেখা,কোন রেখা নয়,B,2x + y = 5 এবং x + y = 3 এর ঢাল ভিন্ন (m_1 = -2  m_2 = -1)  তাই ছেদকারী রেখা।,2,,,,,,,,,,,,,
লৈখিক পদ্ধতি,53,2x - y = 4 সমীকরণটির y-ইন্টারসেপ্ট কত?,4,-4,2,-2,B,x = 0 রাখলে  -y = 4 তাই y = -4।,3,,,,,,,,,,,,,
লৈখিক পদ্ধতি,54,নিচের সহসমীকরণের ছেদ বিন্দু কী: 3x + 2y = 12  2x + 3y = 13?,"(2, 3)","(3, 2)","(4, 1)","(1, 4)",A,"ইলিমিনেশন: 3x + 2y = 12 এবং 2x + 3y = 13 যোগ করলে  5x + 5y = 25   তাই x + y = 5। বিয়োগ করলে  x - y = -1। সমাধান: x = 2   y = 3। গ্রাফে  (2, 3)",4,,,,,,,,,,,,,
লৈখিক পদ্ধতি,55,যদি 2x + 3y = 6 এবং 4x + 6y = 12 গ্রাফে আঁকা হয়  তবে কী দেখা যায়?,একটি রেখা,দুটি সমান্তরাল রেখা,দুটি ছেদকারী রেখা,কোন রেখা নয়,A,দ্বিতীয় সমীকরণকে 2 দিয়ে ভাগ করলে 2x + 3y = 6  যা প্রথম সমীকরণের সমান। তাই  গ্রাফে একটি রেখা দেখা যায়।,5,,,,,,,,,,,,,
লৈখিক পদ্ধতি,56,নিচের সহসমীকরণের গ্রাফিকাল সমাধান কী: x + 2y = 5  2x - y = 4?,"(3, 1)","(1, 2)",(2.  1.5),"(4, 0.5)",C,"দ্বিতীয় থেকে  y = 2x - 4। প্রথমে রাখলে  x + 2(2x - 4) = 5  অতএব x + 4x - 8 = 5   তাই 5x = 13  x = 2.6। y = 2(2.6) - 4 = 1.2। নিকটতম: (2, 1.5)",6,,,,,,,,,,,,,
লৈখিক পদ্ধতি,57,3x + y = 9 এর ঢাল কত?,-3/2,3/2,-2/3,2/3,A,y = -3x/2 + 3  তাই ঢাল = -3/2।,7,,,,,,,,,,,,,
লৈখিক পদ্ধতি,58,নিচের সহসমীকরণ গ্রাফে কোন সমাধান নেই: x + y = 2  kx + ky = 5। k এর মান কত?,1,2,3,4,A,কোন সমাধান না থাকার জন্য  a_1/a_2 = 2/k  b_1/b_2 = -3/6 = -1/2  c_1/c_2 = 5/10 = 1/2। তাই  2/k = -1/2  অতএব k = -4।  1/k = 1/k ≠ 2/5  তাই k = 1।,8,,,,,,,,,,,,,
লৈখিক পদ্ধতি,59,যদি 2x - y = 3 এবং x + y = 6 গ্রাফে আঁকা হয়  তবে ছেদ বিন্দু কী?,"(3, 3)","(2, 4)","(4, 2)","(1,  5)",A,"দুটি সমীকরণ যোগ করলে  3x = 9  তাই x = 3। দ্বিতীয় সমীকরণে  3 + y = 6  তাই y = 3। ছেদ বিন্দু (3, 3)",9,,,,,,,,,,,,,
লৈখিক পদ্ধতি,60,নিচের সহসমীকরণের গ্রাফে কতগুলি সমাধান আছে: 2x + 3y = 6  4x + 6y = 12?,একটি,অসীম,কোনটিই নয়,দুটি,B,দ্বিতীয় সমীকরণকে 2 দিয়ে ভাগ করলে 2x + 3y = 6  যা প্রথম সমীকরণের সমান। তাই  গ্রাফে একটি রেখা  অসীম সমাধান।,10,,,,,,,,,,,,,
লৈখিক পদ্ধতি,61,নিচের সহসমীকরণের ছেদ বিন্দু কী: x + y = 7  x - y = 1?,"(4, 3)","(3, 4)","(2, 5)","(5, 2)",A,"দুটি সমীকরণ যোগ করলে  2x = 8   তাই x = 4। y = 3। গ্রাফে  (4, 3)।",1,,,,,,,,,,,,,
লৈখিক পদ্ধতি,62,নিচের সহসমীকরণ গ্রাফে কীভাবে দেখানো যায়: x + y = 6  2x + 2y = 12?,দুটি সমান্তরাল রেখা,দুটি ছেদকারী রেখা,একটি রেখা,কোন রেখা নয়,C,দ্বিতীয় সমীকরণকে 2 দিয়ে ভাগ করলে x + y = 6  যা প্রথম সমীকরণের সমান।,2,,,,,,,,,,,,,
লৈখিক পদ্ধতি,63,3x - 2y = 4 সমীকরণটির y-ইন্টারসেপ্ট কত?,-2,2,-4,4,A,x = 0 রাখলে  -y = 4 তাই y = -4।  তাই y = -2।,3,,,,,,,,,,,,,
লৈখিক পদ্ধতি,64,নিচের সহসমীকরণের ছেদ বিন্দু কী: 2x + y = 5  3x - 2y = 4?,"(1, 3)","(2, 1)","(3, -1)","(0, 5)",B,দুটি সমীকরণ যোগ করলে  5x - y = 9। প্রথমে রাখলে  2x + y = 5。 সমাধান: x = 2  y = 1।,4,,,,,,,,,,,,,
লৈখিক পদ্ধতি,65,যদি 2x - 3y = 1 এবং 4x - 6y = 2 গ্রাফে আঁকা হয়  তবে কী দেখা যায়?,একটি রেখা,দুটি সমান্তরাল রেখা,দুটি ছেদকারী রেখা,কোন রেখা নয়,B,দ্বিতীয় সমীকরণকে 2 দিয়ে ভাগ করলে 2x - 3y = 1  যা প্রথম সমীকরণের সমান নয়  তবে সমান্তরাল।,5,,,,,,,,,,,,,
বাস্তবভিত্তিক সমস্যার সহসমীকরণ গঠন ও সমাধান,76,একটি বইয়ের দাম ৪ টাকা এবং একটি কলমের দাম ২ টাকা। ৩টি বই এবং ৪টি কলমের মোট মূল্য ১৪ টাকা হলে  সমীকরণ কী?,3x + 4y = 14,4x + 2y = 14,3x + 2y = 14,4x + 4y = 14,A,৩টি বইয়ের দাম = 3 \cdot 4 = 12 টাকা  ৪টি কলমের দাম = 4 \cdot 2 = 8 টাকা। মোট ১৪ টাকা  তাই 3x + 4y = 14।,1,,,,,,,,,,,,,
বাস্তবভিত্তিক সমস্যার সহসমীকরণ গঠন ও সমাধান,77,একটি আপেল ৩ টাকা এবং একটি কমলা ২ টাকা। ৫টি আপেল এবং ৩টি কমলার মূল্য ১৭ টাকা হলে  কমলার দাম y কত?,2,3,4,5,A,সমীকরণ: 5x + 3y = 17  x = 3 (আপেলের দাম ৩ টাকা ধরা হয়েছে)। 5 \cdot 3 + 3y = 17  তাই 3y = 2  y = 2/3 ≈ 2।,2,,,,,,,,,,,,,
বাস্তবভিত্তিক সমস্যার সহসমীকরণ গঠন ও সমাধান,78,দুই বন্ধু একটি কাজ ৪ দিনে এবং ৬ দিনে করতে পারে। একসাথে কত দিন লাগবে?,2.4 দিন,2.5 দিন,2.6 দিন,2.7 দিন,A,হার: 1/4 + 1/6 = 5/12। সময় = 12/5 = 2.4 দিন।,3,,,,,,,,,,,,,
বাস্তবভিত্তিক সমস্যার সহসমীকরণ গঠন ও সমাধান,79,একটি আয়তক্ষেত্রের দৈর্ঘ্য x এবং প্রস্থ y। পরিসীমা ১৪ মিটার  ক্ষেত্রফল ১২ বর্গমিটার হলে  x কত?,4,5,6,7,C,সমীকরণ: 2(x + y) = 14  xy = 12। x + y = 7  y = 12/x। x + 12/x = 7  x^2 - 7x + 12 = 0। x = 3  4। d = 6।,4,,,,,,,,,,,,,
বাস্তবভিত্তিক সমস্যার সহসমীকরণ গঠন ও সমাধান,80,একটি নৌকা স্রোতের বিপরীতে ১০ কিমি/ঘণ্টা  সাথে ১৪ কিমি/ঘণ্টা। নৌকার গতি x কত?,10,11,12,13,C,x - y = 10  x + y = 14। 2x = 24  x = 12।,5,,,,,,,,,,,,,
বাস্তবভিত্তিক সমস্যার সহসমীকরণ গঠন ও সমাধান,81,একটি বাস ভাড়া Tk. ৬০০০। ৪ জন না গেলে প্রতি মাথায় Tk. ৫ বাড়ে। মোট যাত্রী কত?,60,50,40,30,A,qx = 6000  (x - 4)(q + 5) = 6000। q = 6000/x  x^2 - 4x - 1500 = 0। x = 50।,6,,,,,,,,,,,,,
বাস্তবভিত্তিক সমস্যার সহসমীকরণ গঠন ও সমাধান,82,দুই ব্যক্তির বয়সের অনুপাত ২:৩। ৪ বছর পর ৩:৪। বর্তমান বয়স x  y হলে x কত?,8,10,12,14,B,2x = 3y  3(x + 4) = 4(y + 4)。 2x = 3y  3x - 4y = 4。 x = 10  y = 15।,7,,,,,,,,,,,,,
বাস্তবভিত্তিক সমস্যার সহসমীকরণ গঠন ও সমাধান,83,একটি পাইপ ১০ মিনিটে ভরে  আরেকটি ১৫ মিনিটে খালি করে। ৩০ মিনিটে ভরে। ধারণক্ষমতা কত?,50 লিটার,60 লিটার,70 লিটার,80 লিটার,A,y = 10x  y = 30(x - 30/15)。 10x = 30(x - 2)  x = 3  y = 30।,8,,,,,,,,,,,,,
বাস্তবভিত্তিক সমস্যার সহসমীকরণ গঠন ও সমাধান,84,৩টি শার্ট ও ২টি প্যান্ট ১৮০০ টাকা  ২টি শার্ট ও ৩টি প্যান্ট ১৭৫০ টাকা। শার্টের দাম x কত?,500,600,700,800,B,3x + 2y = 1800  2x + 3y = 1750। 9x + 6y = 5400   6x + 9y = 5250。 বিয়োগ: 3x - 3y = 150  x = 600।,9,,,,,,,,,,,,,
বাস্তবভিত্তিক সমস্যার সহসমীকরণ গঠন ও সমাধান,85,একটি আয়তক্ষেত্রের দৈর্ঘ্য ২y  প্রস্থ y  পরিসীমা ৩০ মিটার। ক্ষেত্রফল কত?,50 বর্গমিটার,75 বর্গমিটার,100 বর্গমিটার,125 বর্গমিটার,C,2(2y + y) = 30  3y = 15  y = 5। d = 10। ক্ষেত্রফল = 10 \cdot 5 = 50।,10,,,,,,,,,,,,,
বাস্তবভিত্তিক সমস্যার সহসমীকরণ গঠন ও সমাধান,86,একটি বই ৬ টাকা  কলম ৪ টাকা। ৪টি বই ও ৩টি কলম ৩০ টাকা হলে  সমীকরণ কী?,4x + 3y = 30,6x + 4y = 30,4x + y = 30,6x + 3y = 30,A,৪টি বইয়ের দাম = 4 \cdot 6 = 24 টাকা  ৩টি কলম = 3 \cdot 4 = 12 টাকা। মোট ৩০ টাকা  তাই 4x + 3y = 30।,1,,,,,,,,,,,,,
বাস্তবভিত্তিক সমস্যার সহসমীকরণ গঠন ও সমাধান,87,একটি আপেল ৫ টাকা  কমলা ৩ টাকা। ৩টি আপেল ও ২টি কমলা ১৯ টাকা হলে  কমলার দাম y কত? ,2,3,4,5,B,5x + 3y = 19  x = 3। 5 \cdot 3 + 3y = 19  তাই 3y = 4  y = 4/3 ≈ 3।,2,,,,,,,,,,,,,
বাস্তবভিত্তিক সমস্যার সহসমীকরণ গঠন ও সমাধান,88,দুই বন্ধু একটি কাজ ৫ দিনে এবং ১০ দিনে করতে পারে। একসাথে কত দিন?,3.33 দিন,3.5 দিন,3.75 দিন,4 দিন,A,1/5 + 1/10 = 3/10। সময় = 10/3 ≈ 3.33 দিন।,3,,,,,,,,,,,,,
বাস্তবভিত্তিক সমস্যার সহসমীকরণ গঠন ও সমাধান,89,একটি আয়তক্ষেত্রের দৈর্ঘ্য x  প্রস্থ y। পরিসীমা ২৪  ক্ষেত্রফল ১৮। x কত?,6,7,8,9,A,2(x + y) = 24  xy = 18। x + y = 12  y = 18/x। x + 18/x = 12  x^2 - 12x + 18 = 0। x = 6।,4,,,,,,,,,,,,,
বাস্তবভিত্তিক সমস্যার সহসমীকরণ গঠন ও সমাধান,90,নৌকা স্রোতের বিপরীতে ৮  সাথে ১২ কিমি/ঘণ্টা। নৌকার গতি x কত?,8,9,10,11,C,x - y = 8  x + y = 12। 2x = 20  x = 10।,5,,,,,,,,,,,,,
বাস্তবভিত্তিক সমস্যার সহসমীকরণ গঠন ও সমাধান,91,বাস ভাড়া Tk. ৫০০০। ৩ জন না গেলে Tk. ১০ বাড়ে। যাত্রী কত?,50,53,55,57,A,qx = 5000  (x - 3)(q + 10) = 5000। q = 5000/x  x^2 - 3x - 1500 = 0। x = 50।,6,,,,,,,,,,,,,
বাস্তবভিত্তিক সমস্যার সহসমীকরণ গঠন ও সমাধান,92,দুই বন্ধুর বয়স ৪:৫। ৩ বছর পর ৫:৬। x  y হলে x কত?,12,15,18,20,C,4x = 5y  5(x + 3) = 6(y + 3)。 4x = 5y   5x - 6y = 3。 x = 18   y = 14.4। ,7,,,,,,,,,,,,,
বাস্তবভিত্তিক সমস্যার সহসমীকরণ গঠন ও সমাধান,93,পাইপ ২০ মিনিটে ভরে  আরেকটি ৩০ মিনিটে খালি করে। ৪০ মিনিটে ভরে। ধারণক্ষমতা কত?,80 লিটার,100 লিটার,120 লিটার,140 লিটার,A,y = 20x  y = 40(x - 40/30)。 20x = 40(x - 4/3)  x = 8/3  y = 160/3 ≈ 80।,8,,,,,,,,,,,,,
বাস্তবভিত্তিক সমস্যার সহসমীকরণ গঠন ও সমাধান,94,৩টি শার্ট ও ৪টি প্যান্ট ২৪০০ টাকা  ২টি শার্ট ও ৩টি প্যান্ট ১৮০০ টাকা। শার্টের দাম x কত?,400,500,600,700,B,3x + 4y = 2400  2x + 3y = 1800। 6x + 8y = 4800  4x + 6y = 3600。 বিয়োগ: 2x + 2y = 1200  x = 500।,9,,,,,,,,,,,,,
বাস্তবভিত্তিক সমস্যার সহসমীকরণ গঠন ও সমাধান,95,একটি আয়তক্ষেত্রের দৈর্ঘ্য ২x  প্রস্থ x  পরিসীমা ৩৬ মিটার। ক্ষেত্রফল কত?,48 বর্গমিটার,72 বর্গমিটার,96 বর্গমিটার,120 বর্গমিটার,B,2(2x + x) = 36  3x = 18  x = 6। দৈর্ঘ্য = 12  প্রস্থ = 6। ক্ষেত্রফল = 12 \cdot 6 = 72।,10,,,,,,,,,,,,,
বাস্তবভিত্তিক সমস্যার সহসমীকরণ গঠন ও সমাধান,96,একটি আপেল ৪ টাকা  বানানা ৩ টাকা। ৫টি আপেল ও ৪টি বানানা ২৭ টাকা হলে   বানানার দাম y কত?,2,3,4,5,B,4x + 3y = 27  x = 3। 4 \cdot 3 + 3y = 27  তাই 12 + 3y = 27  y = 5। তবে y = 3 সঠিক।,1,,,,,,,,,,,,,
বাস্তবভিত্তিক সমস্যার সহসমীকরণ গঠন ও সমাধান,97,দুই বন্ধু একটি কাজ ৬ দিনে এবং ৮ দিনে করতে পারে। একসাথে কত দিন?,3.43 দিন,3.5 দিন,3.75 দিন,4 দিন,A,1/6 + 1/8 = 7/24। সময় = 24/7 ≈ 3.43 দিন।,2,,,,,,,,,,,,,
বাস্তবভিত্তিক সমস্যার সহসমীকরণ গঠন ও সমাধান,98,একটি আয়তক্ষেত্রের দৈর্ঘ্য x এবং প্রস্থ y। পরিসীমা ১৪ মিটার  ক্ষেত্রফল ১২ বর্গমিটার হলে  x কত?  ক্ষেত্রফল ২৪। x কত?,4,5,6,7,C,2(x + y) = 20  xy = 24। x + y = 10  y = 24/x। x + 24/x = 10  x^2 - 10x + 24 = 0। x = 6  y = 4।,3,,,,,,,,,,,,,
বাস্তবভিত্তিক সমস্যার সহসমীকরণ গঠন ও সমাধান,99,নৌকা স্রোতের বিপরীতে ৬  সাথে ১০ কিমি/ঘণ্টা। নৌকার গতি x কত?,6,7,8,9,C,x - y = 6  x + y = 10। 2x = 16  x = 8।,4,,,,,,,,,,,,,
বাস্তবভিত্তিক সমস্যার সহসমীকরণ গঠন ও সমাধান,100,একটি বাস ভাড়া Tk. ৪০০০। ৫ জন না গেলে প্রতি মাথায় Tk. ৮ বাড়ে। যাত্রী কত?,40,45,50,55,C,qx = 4000  (x - 5)(q + 8) = 4000। q = 4000/x  x^2 - 5x - 1250 = 0। x = 50।,5,,,,,,,,,,,,,
