Subtopic,Question number ,Question,Option A,Option B,Option C,Option D,Correct Answer,Explanation,Difficulty Level
"ভূ-রেখা, উর্ধ্বরেখা এবং উলম্ব তল",1,ভূ-রেখা কী?,সমান্তরাল রেখা,অনুভূমিক রেখা,উল্লম্ব রেখা,তির্যক রেখা,B,ভূ-রেখা হলো অনুভূমিক রেখা যা ভূমির সমান্তরাল হয়।,1
"ভূ-রেখা, উর্ধ্বরেখা এবং উলম্ব তল",2,উর্ধ্বরেখা কী?,ভূমির সমান্তরাল রেখা,অনুভূমিক রেখা,উল্লম্ব রেখা,বক্র রেখা,C,উর্ধ্বরেখা হলো উল্লম্ব রেখা যা ভূমির সাথে লম্বভাবে অবস্থিত।,1
"ভূ-রেখা, উর্ধ্বরেখা এবং উলম্ব তল",3,উলম্ব তল কী?,সমতল যা ভূমির সমান্তরাল,সমতল যা ভূমির সাথে লম্ব,সমতল যা তির্যকভাবে অবস্থিত,সমতল যা বক্র,B,উলম্ব তল হলো সমতল যা ভূমির সাথে লম্বভাবে অবস্থিত।,2
"ভূ-রেখা, উর্ধ্বরেখা এবং উলম্ব তল",4,কোনটি ভূ-রেখার উদাহরণ?,দরজার কাঠামো,সিঁড়ির ধাপ,অফিসের টেবিলের পৃষ্ঠ,দেয়ালের প্রান্ত,C,অফিসের টেবিলের পৃষ্ঠ ভূ-রেখার উদাহরণ কারণ এটি অনুভূমিক।,1
"ভূ-রেখা, উর্ধ্বরেখা এবং উলম্ব তল",5,কোনটি উর্ধ্বরেখার উদাহরণ?,বইয়ের পাতা,ল্যাম্পপোস্ট,ফুটবল মাঠ,ছাদের প্রান্ত,B,ল্যাম্পপোস্ট উর্ধ্বরেখার উদাহরণ কারণ এটি উল্লম্ব।,1
"ভূ-রেখা, উর্ধ্বরেখা এবং উলম্ব তল",6,উলম্ব তলের উদাহরণ কোনটি?,মেঝে,দেয়াল,টেবিলের পৃষ্ঠ,ছাদের ঢাল,B,দেয়াল উলম্ব তলের উদাহরণ কারণ এটি ভূমির সাথে লম্ব।,2
"ভূ-রেখা, উর্ধ্বরেখা এবং উলম্ব তল",7,ভূ-রেখা এবং উর্ধ্বরেখার মধ্যে কোণ কত?,০ ডিগ্রি,৯০ ডিগ্রি,১৮০ ডিগ্রি,৪৫ ডিগ্রি,B,ভূ-রেখা এবং উর্ধ্বরেখার মধ্যে কোণ ৯০ ডিগ্রি।,2
"ভূ-রেখা, উর্ধ্বরেখা এবং উলম্ব তল",8,উলম্ব তল এবং ভূ-রেখার মধ্যে সম্পর্ক কী?,সমান্তরাল,লম্ব,তির্যক,অনিশ্চিত,B,উলম্ব তল এবং ভূ-রেখা পরস্পর লম্ব।,2
"ভূ-রেখা, উর্ধ্বরেখা এবং উলম্ব তল",9,দুটি উলম্ব তলের মধ্যে কোণ কত হতে পারে?,০ ডিগ্রি,৯০ ডিগ্রি,১৮০ ডিগ্রি,যেকোনো কোণ,D,দুটি উলম্ব তলের মধ্যে কোণ যেকোনো হতে পারে।,3
"ভূ-রেখা, উর্ধ্বরেখা এবং উলম্ব তল",10,কোনটি অনুভূমিক রেখার বৈশিষ্ট্য?,ভূমির সাথে লম্ব,ভূমির সমান্তরাল,তির্যকভাবে অবস্থিত,বক্র,B,অনুভূমিক রেখা ভূমির সমান্তরাল হয়।,1
"ভূ-রেখা, উর্ধ্বরেখা এবং উলম্ব তল",11,কোনটি উল্লম্ব রেখার বৈশিষ্ট্য?,ভূমির সমান্তরাল,ভূমির সাথে লম্ব,তির্যকভাবে অবস্থিত,বক্র,B,উল্লম্ব রেখা ভূমির সাথে লম্ব হয়।,1
"ভূ-রেখা, উর্ধ্বরেখা এবং উলম্ব তল",12,উলম্ব তলের সাথে উল্লম্ব রেখার সম্পর্ক কী?,সমান্তরাল,লম্ব,তির্যক,অনিশ্চিত,A,উলম্ব তলের সাথে উল্লম্ব রেখা সমান্তরাল হয়।,2
"ভূ-রেখা, উর্ধ্বরেখা এবং উলম্ব তল",13,ভূ-রেখার সমীকরণ কী ধরনের?,x = ধ্রুবক,y = ধ্রুবক,z = ধ্রুবক,ax + by + c = 0,B,ভূ-রেখার সমীকরণ y = ধ্রুবক হয়।,2
"ভূ-রেখা, উর্ধ্বরেখা এবং উলম্ব তল",14,উর্ধ্বরেখার সমীকরণ কী ধরনের?,x = ধ্রুবক,y = ধ্রুবক,z = ধ্রুবক,ax + by + c = 0,A,উর্ধ্বরেখার সমীকরণ x = ধ্রুবক হয়।,2
"ভূ-রেখা, উর্ধ্বরেখা এবং উলম্ব তল",15,উলম্ব তলের সমীকরণ কী ধরনের?,x = ধ্রুবক,y = ধ্রুবক,z = ধ্রুবক,ax + by + c = 0,A,উলম্ব তলের সমীকরণ x = ধ্রুবক হয়।,3
"ভূ-রেখা, উর্ধ্বরেখা এবং উলম্ব তল",16,দুটি উল্লম্ব রেখার মধ্যে কোণ কত?,০ ডিগ্রি,৯০ ডিগ্রি,১৮০ ডিগ্রি,যেকোনো কোণ,A,দুটি উল্লম্ব রেখা সমান্তরাল হলে তাদের মধ্যে কোণ ০ ডিগ্রি।,2
"ভূ-রেখা, উর্ধ্বরেখা এবং উলম্ব তল",17,একটি উল্লম্ব রেখা এবং একটি অনুভূমিক রেখার মধ্যে কোণ কত?,০ ডিগ্রি,৯০ ডিগ্রি,১৮০ ডিগ্রি,৪৫ ডিগ্রি,B,উল্লম্ব এবং অনুভূমিক রেখার মধ্যে কোণ ৯০ ডিগ্রি।,1
"ভূ-রেখা, উর্ধ্বরেখা এবং উলম্ব তল",18,কোনটি উলম্ব তলের উদাহরণ নয়?,দেয়াল,দরজা,মেঝে,জানালার ফ্রেম,C,মেঝে উলম্ব তল নয় এটি অনুভূমিক তল।,2
"ভূ-রেখা, উর্ধ্বরেখা এবং উলম্ব তল",19,ভূ-রেখা এবং উলম্ব তলের মধ্যে কোণ কত?,০ ডিগ্রি,৯০ ডিগ্রি,১৮০ ডিগ্রি,৪৫ ডিগ্রি,B,ভূ-রেখা এবং উলম্ব তলের মধ্যে কোণ ৯০ ডিগ্রি।,2
"ভূ-রেখা, উর্ধ্বরেখা এবং উলম্ব তল",20,উর্ধ্বরেখা এবং উলম্ব তলের মধ্যে সম্পর্ক কী?,সমান্তরাল,লম্ব,তির্যক,অনিশ্চিত,A,উর্ধ্বরেখা এবং উলম্ব তল সমান্তরাল হয়।,2
"ভূ-রেখা, উর্ধ্বরেখা এবং উলম্ব তল",21,কোনটি অনুভূমিক রেখার সমীকরণ?,y = 5,x = 3,z = 2,x + y = 7,A,y = 5 হলো অনুভূমিক রেখার সমীকরণ।,2
"ভূ-রেখা, উর্ধ্বরেখা এবং উলম্ব তল",22,কোনটি উল্লম্ব রেখার সমীকরণ?,y = 4,x = 6,z = 3,x + y = 5,B,x = 6 হলো উল্লম্ব রেখার সমীকরণ।,2
"ভূ-রেখা, উর্ধ্বরেখা এবং উলম্ব তল",23,কোনটি উলম্ব তলের সমীকরণ?,y = 2,x = 4,z = 1,x + y + z = 0,B,x = 4 হলো উলম্ব তলের সমীকরণ।,3
"ভূ-রেখা, উর্ধ্বরেখা এবং উলম্ব তল",24,ভূ-রেখা এবং উর্ধ্বরেখা পরস্পরকে ছেদ করলে কয়টি বিন্দুতে ছেদ করবে?,0,1,2,অসীম,B,একটি মাত্র বিন্দুতে ছেদ করবে।,2
"ভূ-রেখা, উর্ধ্বরেখা এবং উলম্ব তল",25,উলম্ব তল এবং ভূ-রেখা পরস্পরকে ছেদ করলে কয়টি বিন্দুতে ছেদ করবে?,0,1,2,অসীম,D,অসীম সংখ্যক বিন্দুতে ছেদ করবে।,3
"ভূ-রেখা, উর্ধ্বরেখা এবং উলম্ব তল",26,উলম্ব তল এবং উর্ধ্বরেখা পরস্পরকে ছেদ করলে কয়টি বিন্দুতে ছেদ করবে?,0,1,2,অসীম,D,অসীম সংখ্যক বিন্দুতে ছেদ করবে।,3
"ভূ-রেখা, উর্ধ্বরেখা এবং উলম্ব তল",27,দুটি ভূ-রেখার মধ্যে কোণ কত?,০ ডিগ্রি,৯০ ডিগ্রি,১৮০ ডিগ্রি,যেকোনো কোণ,A,দুটি ভূ-রেখা সমান্তরাল হলে তাদের মধ্যে কোণ ০ ডিগ্রি।,1
"ভূ-রেখা, উর্ধ্বরেখা এবং উলম্ব তল",28,দুটি উলম্ব তলের মধ্যে কোণ কত?,০ ডিগ্রি,৯০ ডিগ্রি,১৮০ ডিগ্রি,যেকোনো কোণ,D,দুটি উলম্ব তলের মধ্যে কোণ যেকোনো হতে পারে।,3
"ভূ-রেখা, উর্ধ্বরেখা এবং উলম্ব তল",29,একটি ভূ-রেখা এবং একটি তির্যক রেখার মধ্যে কোণ কত?,০ ডিগ্রি,৯০ ডিগ্রি,১৮০ ডিগ্রি,যেকোনো কোণ,D,তাদের মধ্যে কোণ যেকোনো হতে পারে।,2
"ভূ-রেখা, উর্ধ্বরেখা এবং উলম্ব তল",30,একটি উর্ধ্বরেখা এবং একটি তির্যক রেখার মধ্যে কোণ কত?,০ ডিগ্রি,৯০ ডিগ্রি,১৮০ ডিগ্রি,যেকোনো কোণ,D,তাদের মধ্যে কোণ যেকোনো হতে পারে।,2
"ভূ-রেখা, উর্ধ্বরেখা এবং উলম্ব তল",31,কোনটি ভূ-রেখার সমীকরণ নয়?,y = 0,y = 3,x = 2,y = -5,C,x = 2 ভূ-রেখার সমীকরণ নয় এটি উর্ধ্বরেখার সমীকরণ।,2
"ভূ-রেখা, উর্ধ্বরেখা এবং উলম্ব তল",32,কোনটি উর্ধ্বরেখার সমীকরণ নয়?,x = 1,x = -4,y = 0,x = 7,C,y = 0 উর্ধ্বরেখার সমীকরণ নয় এটি ভূ-রেখার সমীকরণ।,2
"ভূ-রেখা, উর্ধ্বরেখা এবং উলম্ব তল",33,কোনটি উলম্ব তলের সমীকরণ নয়?,x = 0,x = 5,y = 2,z = 3,C,y = 2 উলম্ব তলের সমীকরণ নয় এটি ভূ-রেখার সমীকরণ।,3
"ভূ-রেখা, উর্ধ্বরেখা এবং উলম্ব তল",34,ভূ-রেখা এবং উর্ধ্বরেখা পরস্পরকে ছেদ করলে কোন বিন্দুতে ছেদ করে?,"(0,0)","(a,b)","(x,y )","(y,x)",A,"সাধারণত (0,0) বিন্দুতে ছেদ করে যদি উভয়ে মূলবিন্দুগামী হয়।",2
"ভূ-রেখা, উর্ধ্বরেখা এবং উলম্ব তল",35,উলম্ব তল এবং ভূ-রেখা পরস্পরকে ছেদ করলে কোন রেখা তৈরি হয়?,উর্ধ্বরেখা,ভূ-রেখা,তির্যক রেখা,বক্র রেখা,A,ছেদ রেখা উর্ধ্বরেখা হয়।,3
"ভূ-রেখা, উর্ধ্বরেখা এবং উলম্ব তল",36,উলম্ব তল এবং উর্ধ্বরেখা পরস্পরকে ছেদ করলে কোন রেখা তৈরি হয়?,উর্ধ্বরেখা,ভূ-রেখা,তির্যক রেখা,বক্র রেখা,B,ছেদ রেখা ভূ-রেখা হয়।,3
"ভূ-রেখা, উর্ধ্বরেখা এবং উলম্ব তল",37,দুটি ভূ-রেখা পরস্পরকে ছেদ করলে কয়টি বিন্দুতে ছেদ করবে?,0,1,2,অসীম,A,দুটি ভূ-রেখা সমান্তরাল হলে ছেদ করবে না।,2
"ভূ-রেখা, উর্ধ্বরেখা এবং উলম্ব তল",38,দুটি উর্ধ্বরেখা পরস্পরকে ছেদ করলে কয়টি বিন্দুতে ছেদ করবে?,0,1,2,অসীম,A,দুটি উর্ধ্বরেখা সমান্তরাল হলে ছেদ করবে না।,2
"ভূ-রেখা, উর্ধ্বরেখা এবং উলম্ব তল",39,একটি ভূ-রেখা এবং একটি উলম্ব তল পরস্পরকে ছেদ করলে কয়টি বিন্দুতে ছেদ করবে?,0,1,2,অসীম,D,অসীম সংখ্যক বিন্দুতে ছেদ করবে।,3
"ভূ-রেখা, উর্ধ্বরেখা এবং উলম্ব তল",40,একটি উর্ধ্বরেখা এবং একটি উলম্ব তল পরস্পরকে ছেদ করলে কয়টি বিন্দুতে ছেদ করবে?,0,1,2,অসীম,D,অসীম সংখ্যক বিন্দুতে ছেদ করবে।,3
"ভূ-রেখা, উর্ধ্বরেখা এবং উলম্ব তল",41,ভূ-রেখা এবং উর্ধ্বরেখা পরস্পর লম্ব হলে তাদের মধ্যে কোণ কত?,০ ডিগ্রি,৯০ ডিগ্রি,১৮০ ডিগ্রি,৪৫ ডিগ্রি,B,তাদের মধ্যে কোণ ৯০ ডিগ্রি।,1
"ভূ-রেখা, উর্ধ্বরেখা এবং উলম্ব তল",42,উলম্ব তল এবং ভূ-রেখা পরস্পর লম্ব হলে তাদের মধ্যে কোণ কত?,০ ডিগ্রি,৯০ ডিগ্রি,১৮০ ডিগ্রি,৪৫ ডিগ্রি,B,তাদের মধ্যে কোণ ৯০ ডিগ্রি।,2
"ভূ-রেখা, উর্ধ্বরেখা এবং উলম্ব তল",43,উলম্ব তল এবং উর্ধ্বরেখা পরস্পর লম্ব হলে তাদের মধ্যে কোণ কত?,০ ডিগ্রি,৯০ ডিগ্রি,১৮০ ডিগ্রি,৪৫ ডিগ্রি,B,তাদের মধ্যে কোণ ৯০ ডিগ্রি।,2
"ভূ-রেখা, উর্ধ্বরেখা এবং উলম্ব তল",44,ভূ-রেখা এবং উলম্ব তল পরস্পর লম্ব হলে তাদের মধ্যে সম্পর্ক কী?,সমান্তরাল,লম্ব,তির্যক,অনিশ্চিত,B,তারা পরস্পর লম্ব।,2
"ভূ-রেখা, উর্ধ্বরেখা এবং উলম্ব তল",45,উর্ধ্বরেখা এবং উলম্ব তল পরস্পর লম্ব হলে তাদের মধ্যে সম্পর্ক কী?,সমান্তরাল,লম্ব,তির্যক,অনিশ্চিত,B,তারা পরস্পর লম্ব।,2
"ভূ-রেখা, উর্ধ্বরেখা এবং উলম্ব তল",46,ভূ-রেখা এবং উর্ধ্বরেখা পরস্পর সমান্তরাল হলে তাদের মধ্যে কোণ কত?,০ ডিগ্রি,৯০ ডিগ্রি,১৮০ ডিগ্রি,৪৫ ডিগ্রি,A,তাদের মধ্যে কোণ ০ ডিগ্রি।,2
"ভূ-রেখা, উর্ধ্বরেখা এবং উলম্ব তল",47,উলম্ব তল এবং ভূ-রেখা পরস্পর সমান্তরাল হলে তাদের মধ্যে কোণ কত?,০ ডিগ্রি,৯০ ডিগ্রি,১৮০ ডিগ্রি,৪৫ ডিগ্রি,A,তাদের মধ্যে কোণ ০ ডিগ্রি।,3
"ভূ-রেখা, উর্ধ্বরেখা এবং উলম্ব তল",48,উলম্ব তল এবং উর্ধ্বরেখা পরস্পর সমান্তরাল হলে তাদের মধ্যে কোণ কত?,০ ডিগ্রি,৯০ ডিগ্রি,১৮০ ডিগ্রি,৪৫ ডিগ্রি,A,তাদের মধ্যে কোণ ০ ডিগ্রি।,3
"ভূ-রেখা, উর্ধ্বরেখা এবং উলম্ব তল",49,ভূ-রেখা এবং উর্ধ্বরেখা পরস্পর তির্যক হলে তাদের মধ্যে কোণ কত?,০ ডিগ্রি,৯০ ডিগ্রি,১৮০ ডিগ্রি,যেকোনো কোণ,D,তাদের মধ্যে কোণ যেকোনো হতে পারে।,2
"ভূ-রেখা, উর্ধ্বরেখা এবং উলম্ব তল",50,উলম্ব তল এবং ভূ-রেখা পরস্পর তির্যক হলে তাদের মধ্যে কোণ কত?,০ ডিগ্রি,৯০ ডিগ্রি,১৮০ ডিগ্রি,যেকোনো কোণ,D,তাদের মধ্যে কোণ যেকোনো হতে পারে।,3
"ভূ-রেখা, উর্ধ্বরেখা এবং উলম্ব তল",51,y = 3x + 2 এবং y = -2x + 5 রেখাদ্বয়ের ছেদবিন্দুটি কোন তলে অবস্থিত?,xy-তল,yz-তল,xz-তল,কোনোটিই নয়,A,দুটি রেখার ছেদবিন্দু xy-তলে অবস্থিত কারণ z = 0।,4
"ভূ-রেখা, উর্ধ্বরেখা এবং উলম্ব তল",52,x = 4 এবং y = -3 রেখাদ্বয়ের ছেদবিন্দুর স্থানাঙ্ক কী?,"(4, -3, 0)","(4, -3, 1)","(0, 0, 0)","(-4, 3, 0)",A,"ছেদবিন্দু (4, -3, 0) কারণ z = 0 ধরা হয়",4
"ভূ-রেখা, উর্ধ্বরেখা এবং উলম্ব তল",53,একটি উলম্ব তল x-অক্ষের সাথে 45° কোণ তৈরি করলে তার সমীকরণের সাধারণ রূপ কী?,x = y,x + y = 0,y = z,x - y = 0,D,উলম্ব তলের সমীকরণ x - y = 0 হতে পারে যা x-অক্ষের সাথে 45° কোণ করে।,5
"ভূ-রেখা, উর্ধ্বরেখা এবং উলম্ব তল",54,z = 5 তলটি কোন ধরনের তল?,অনুভূমিক তল,উলম্ব তল,তির্যক তল,বক্র তল,A,z = ধ্রুবক একটি অনুভূমিক তল।,4
"ভূ-রেখা, উর্ধ্বরেখা এবং উলম্ব তল",55,x + 2y + 3z = 6 তলটি কোন অক্ষের সাথে সমান্তরাল নয়?,x-অক্ষ,y-অক্ষ,z-অক্ষ,সবকটির সাথে সমান্তরাল,D,তলটি কোনো অক্ষের সাথে সমান্তরাল নয়,6
"ভূ-রেখা, উর্ধ্বরেখা এবং উলম্ব তল",56,y = 2x + 1 এবং y = 2x - 3 রেখাদ্বয়ের মধ্যে সম্পর্ক কী?,সমান্তরাল,লম্ব,ছেদী,সংপাতিক,A,ঢাল একই (m = 2) তাই রেখাদ্বয় সমান্তরাল।,4
"ভূ-রেখা, উর্ধ্বরেখা এবং উলম্ব তল",57,x = 3 এবং z = 4 রেখাদ্বয়ের ছেদবিন্দুর y-স্থানাঙ্ক কী?,0,1,যেকোনো বাস্তব সংখ্যা,সংজ্ঞায়িত নয়,C,y-এর মান যেকোনো হতে পারে কারণ এটি একটি রেখা নির্দেশ করে।5,5
"ভূ-রেখা, উর্ধ্বরেখা এবং উলম্ব তল",58,উলম্ব তল x = 5 এবং y = 2 রেখাদ্বয়ের ছেদরেখা কোন দিকে সমান্তরাল?,x-অক্ষ,y-অক্ষ,z-অক্ষ,কোনোটিই নয়,C,ছেদরেখা z-অক্ষের সমান্তরাল কারণ x ও y ধ্রুবক।,5
"ভূ-রেখা, উর্ধ্বরেখা এবং উলম্ব তল",59,ভূ-রেখা y = c এবং উর্ধ্বরেখা x = k পরস্পরকে কোন বিন্দুতে ছেদ করে?,"(k, c, 0)","(0, k, c)","(c, k, 0)","(k, 0, c)",A,"ছেদবিন্দু (k, c, 0), যেখানে z = 0",4
"ভূ-রেখা, উর্ধ্বরেখা এবং উলম্ব তল",60,x + y = 4 এবং x - y = 2 তলদ্বয়ের ছেদরেখা কোন অক্ষের সমান্তরাল?,x-অক্ষ,y-অক্ষ,z-অক্ষ,কোনোটিই নয়,C,ছেদরেখা z-অক্ষের সমান্তরাল কারণ z অনুপস্থিত।,5
"ভূ-রেখা, উর্ধ্বরেখা এবং উলম্ব তল",61,একটি রেখা xy-তলে অবস্থিত হলে তার z-স্থানাঙ্ক কী?,0,1,-1,যেকোনো মান,A,xy-তলে z = 0 হয়।,4
"ভূ-রেখা, উর্ধ্বরেখা এবং উলম্ব তল",62,y = 2 এবং z = 3 রেখাদ্বয়ের ছেদবিন্দুর x-স্থানাঙ্ক কী?,0,1,যেকোনো বাস্তব সংখ্যা,সংজ্ঞায়িত নয়,C,x যেকোনো মান নিতে পারে কারণ এটি একটি রেখা নির্দেশ করে।,5
"ভূ-রেখা, উর্ধ্বরেখা এবং উলম্ব তল",63,উলম্ব তল y = 2x + 1 এর সমীকরণ সঠিকভাবে প্রকাশ করলে কোনটি হবে?,y - 2x = 1,y + 2x = 1,z = 0,কোনোটিই নয়,A,এটি একটি তল নয় বরং একটি রেখার সমীকরণ (xy-তলে)।,6
"ভূ-রেখা, উর্ধ্বরেখা এবং উলম্ব তল",64,x = 0 তলটি কী নির্দেশ করে?,yz-তল,xy-তল,xz-তল,কোনোটিই নয়,A,x = 0 হলো yz-তল।,4
"ভূ-রেখা, উর্ধ্বরেখা এবং উলম্ব তল",65,দুটি উলম্ব তল x = 1 এবং x = 3 এর মধ্যে দূরত্ব কত?,1 একক,2 একক,3 একক,4 একক,B,দূরত্ব = |3 - 1| = 2 একক।,4
"ভূ-রেখা, উর্ধ্বরেখা এবং উলম্ব তল",66,z = 2 এবং z = 5 তলদ্বয়ের মধ্যে দূরত্ব কত?,2 একক,3 একক,5 একক,7 একক,B,দূরত্ব = |5 - 2| = 3 একক।,4
"ভূ-রেখা, উর্ধ্বরেখা এবং উলম্ব তল",67,একটি রেখা x-অক্ষের সাথে 30° এবং y-অক্ষের সাথে 60° কোণ তৈরি করলে z-অক্ষের সাথে কত ডিগ্রি কোণ তৈরি করে?,30°,45°,60°,90°,D,cos²α + cos²β + cos²γ = 1 ⇒ γ = 90°।,7
"ভূ-রেখা, উর্ধ্বরেখা এবং উলম্ব তল",68,"(1, 2, 3) বিন্দু দিয়ে যায় এবং z-অক্ষের সমান্তরাল এমন রেখার সমীকরণ কী?","x=1, y=2","z=3, x=1","y=2 ,x=0","y=0, z=k",A,"রেখাটি z-অক্ষের সমান্তরাল, তাই x=1, y=2 (ধ্রুবক)",5
"ভূ-রেখা, উর্ধ্বরেখা এবং উলম্ব তল",69,x + 2y + 3z = 6 তলটি কোন বিন্দুতে x-অক্ষকে ছেদ করে?,"(6, 0, 0)","(0, 3, 0)","(0, 0, 2)","(2, 2, 0)",A,"x-অক্ষে y=0, z=0 ⇒ x=6",5
"ভূ-রেখা, উর্ধ্বরেখা এবং উলম্ব তল",70,y = 3 তলটি কোন অক্ষের সমান্তরাল?,x-অক্ষ,z-অক্ষ,x ও z উভয় অক্ষ,কোনোটিই নয়,C,y = ধ্রুবক তল xz-তলের সমান্তরাল।,5
"ভূ-রেখা, উর্ধ্বরেখা এবং উলম্ব তল",71,"(2, -1, 4) বিন্দু দিয়ে যায় এবং xy-তলের সমান্তরাল এমন তলের সমীকরণ কী?",z = 4,x = 2,y = -1,x + y + z = 5,A,xy-তলের সমান্তরাল তলের সমীকরণ z = ধ্রুবক।,5
"ভূ-রেখা, উর্ধ্বরেখা এবং উলম্ব তল",72,একটি রেখা xy-তল এবং xz-তল উভয়ে অবস্থিত হলে রেখাটির সমীকরণ কী?,x-অক্ষ,y-অক্ষ,z-অক্ষ,y = z = 0,A,xy ও xz তলের ছেদরেখা হলো x-অক্ষ (y=0 z=0)।,6
"ভূ-রেখা, উর্ধ্বরেখা এবং উলম্ব তল",73,x = y = z রেখাটি কোন অক্ষের সাথে 45° কোণ তৈরি করে?,x,y,z,সবকটির সাথে,D,"রেখাটি x, y z অক্ষের সাথে সমান কোণ করে (cos⁻¹(1/√3 ≈ 54.74° তবে বিকল্পে 45° দেওয়া আছে)।",7
"ভূ-রেখা, উর্ধ্বরেখা এবং উলম্ব তল",74,3x - 4y + 5z = 0 তলটি মূলবিন্দুগামী হলে z-অক্ষের সাথে এর কোণ কত?,0°,30°,45°,90°,D,তলটি z-অক্ষের সমান্তরাল নয় তবে সাধারণভাবে 90° ধরা যায়।,7
"ভূ-রেখা, উর্ধ্বরেখা এবং উলম্ব তল",75,দুটি তল x + y + z = 1 এবং 2x + 2y + 2z = 3 এর মধ্যে সম্পর্ক কী?,সমান্তরাল,লম্ব,ছেদী,একই তল,A,দ্বিতীয় সমীকরণটি প্রথমটির 2 গুণ কিন্তু ধ্রুবক ভিন্ন ⇒ সমান্তরাল,6
"ভূ-রেখা, উর্ধ্বরেখা এবং উলম্ব তল",76,"(1, 2, 3) বিন্দু দিয়ে যায় এবং x + y + z = 0 তলের সমান্তরাল এমন তলের সমীকরণ কী?",x + y + z = 6,x + y + z = 0,x - y - z = 0,x + y - z = 2,A,সমান্তরাল তলের সমীকরণ: x + y + z = k ⇒ (1 + 2 + 3) = 6।,6
"ভূ-রেখা, উর্ধ্বরেখা এবং উলম্ব তল",77,x = y এবং y = z তলদ্বয়ের ছেদরেখা কোন অক্ষের সমান্তরাল?,x-অক্ষ,"(1,1,1) দিকে",যেকোনো অক্ষ,কোনোটিই নয়,B,"ছেদরেখা (1,1,1) দিকে অগ্রসর হয়",7
"ভূ-রেখা, উর্ধ্বরেখা এবং উলম্ব তল",78,z = 0 এবং x + y = 2 তলদ্বয়ের ছেদরেখা কোন ধরনের রেখা?,অনুভূমিক,উল্লম্ব,তির্যক,বক্র,A,z = 0 ⇒ xy-তলে অনুভূমিক রেখা।,5
"ভূ-রেখা, উর্ধ্বরেখা এবং উলম্ব তল",79,একটি রেখা xy-তলের সাথে 30° কোণ তৈরি করলে তার z-অক্ষের সাথে কোণ কত?,30°,60°,90°,120°,B,xy-তলের সাথে 30° ⇒ z-অক্ষের সাথে 60° (সম্পূরক কোণ)।,7
"ভূ-রেখা, উর্ধ্বরেখা এবং উলম্ব তল",80,x² + y² = 4 সমীকরণটি কোন তলে একটি বৃত্ত নির্দেশ করে?,xy-তল,yz-তল,xz-তল,কোনোটিই নয়,A,z অনুপস্থিত ⇒ xy-তলে বৃত্ত।,5
"ভূ-রেখা, উর্ধ্বরেখা এবং উলম্ব তল",81,y = x² সমীকরণটি কোন তলে একটি প্যারাবোলা নির্দেশ করে?,xy-তল,yz-তল,xz-তল,কোনোটিই নয়,A,z অনুপস্থিত ⇒ xy-তলে প্যারাবোলা।,5
"ভূ-রেখা, উর্ধ্বরেখা এবং উলম্ব তল",82,x + y + z = 1 তলটি x-অক্ষের সাথে কোন বিন্দুতে ছেদ করে?,"(1, 0, 0)","(1, 0, 1)","(0, 1, 0)","(0, 0, 1)",A,"x-অক্ষে y = 0, z = 0 ⇒ x = 1।",5
"ভূ-রেখা, উর্ধ্বরেখা এবং উলম্ব তল",83,দুটি তল 2x - y + z = 3 এবং x + y - z = 1 এর ছেদরেখার দিক ভেক্টর কী?,"(0, 1, 1)","(1, 0, 1)","(1, 1, 0)","(1, 3, 5)",D,দিক ভেক্টর = তলদ্বয়ের নর্মাল ভেক্টরের ক্রস গুণন।,7
"ভূ-রেখা, উর্ধ্বরেখা এবং উলম্ব তল",84,z = 2x + 3y তলটি কোন অক্ষের সাথে সবচেয়ে বেশি ঝোঁক তৈরি করে?,x-অক্ষ,y-অক্ষ,z-অক্ষ,নির্ণয় করা যায় না,B,ঢাল y-এর সহগ (3) বেশি ⇒ y-অক্ষের সাথে বেশি ঝোঁক।,6
"ভূ-রেখা, উর্ধ্বরেখা এবং উলম্ব তল",85,"(1, -1, 2) বিন্দু দিয়ে যায় এবং xy-তলের লম্ব এমন রেখার সমীকরণ কী?","x=1, y=-1","z=2,x=1","y=-1,x=0","y=0,z=k",A,"xy-তলের লম্ব রেখা z-অক্ষের সমান্তরাল ⇒ x=1, y=-1 (ধ্রুবক)",6
"ভূ-রেখা, উর্ধ্বরেখা এবং উলম্ব তল",86,x = y = z রেখা xy-তলের সাথে কত ডিগ্রি কোণ তৈরি করে?,0°,30°,45°,60°,C,cosθ = n · k / |n||k| ⇒ θ = 45° (প্রায়)।,7
"ভূ-রেখা, উর্ধ্বরেখা এবং উলম্ব তল",87,দুটি তল x + 2y + 3z = 6 এবং 2x + 4y + 6z = 12 এর মধ্যে সম্পর্ক কী?,সমান্তরাল,একই তল,লম্ব,ছেদী,B,দ্বিতীয় সমীকরণটি প্রথমটির 2 গুণ ⇒ একই তল।,6
"ভূ-রেখা, উর্ধ্বরেখা এবং উলম্ব তল",88,একটি রেখা xy-তলের সাথে লম্ব হলে তার দিক ভেক্টরের z-অংশ কী?,0,1,-1,যেকোনো অশূন্য মান,D,xy-তলের লম্ব রেখার দিক ভেক্টরে z-অংশ অশূন্য।,6
"ভূ-রেখা, উর্ধ্বরেখা এবং উলম্ব তল",89,x² + y² + z² = 9 সমীকরণটি কী নির্দেশ করে?,গোলক,বৃত্ত,প্যারাবোলা,সমতল,A,এটি একটি গোলকের সমীকরণ (ব্যাসার্ধ 3)।,5
"ভূ-রেখা, উর্ধ্বরেখা এবং উলম্ব তল",90,x = 2y এবং z = 3y রেখাদ্বয়ের মধ্যে কোণ কত?,0°,30°,45°,90°,A,দুটি রেখা একই দিকে (y এর সমানুপাতিক) ⇒ কোণ 0°।,6
"ভূ-রেখা, উর্ধ্বরেখা এবং উলম্ব তল",91,x + y = 2 এবং x - y = 0 তলদ্বয়ের ছেদরেখা কোন বিন্দু দিয়ে যায়?,"(1, 1, 0)","(2, 0, 0)","(0, 2, 0)","(1, -1, 0)",A,"সমাধান করে x=1, y=1 ⇒ যেকোনো z (সাধারণত z=0 ধরা হয়)।",5
"ভূ-রেখা, উর্ধ্বরেখা এবং উলম্ব তল",92,xy-তলে y = 2x + 1 রেখাটি z-অক্ষের সাথে কত ডিগ্রি কোণ তৈরি করে?,0°,30°,45°,90°,D,xy-তলে z=0 ⇒ z-অক্ষের সাথে 90°।,5
"ভূ-রেখা, উর্ধ্বরেখা এবং উলম্ব তল",93,একটি রেখা x-অক্ষের সাথে 60° এবং y-অক্ষের সাথে 30° কোণ তৈরি করলে z-অক্ষের সাথে কত ডিগ্রি কোণ তৈরি করে?,30°,45°,60°,90°,D,cos²60° + cos²30° + cos²γ = 1 ⇒ γ = 90°।,7
"ভূ-রেখা, উর্ধ্বরেখা এবং উলম্ব তল",94,"x = 1 + t, y = 2 - t, z = 3 + 2t রেখাটি কোন তলের সমান্তরাল?",xy-তল,yz-তল,xz-তল,কোনোটিই নয়,D,রেখাটি কোনো তলের সমান্তরাল নয় কারণ সব দিকে গতি আছে।,6
"ভূ-রেখা, উর্ধ্বরেখা এবং উলম্ব তল",95,দুটি তল x + y = 2 এবং z = 3 এর ছেদরেখা কোন ধরনের রেখা?,অনুভূমিক,উল্লম্ব,তির্যক,বক্র,A,z=3 ⇒ অনুভূমিক তলে সমান্তরাল।,5
"ভূ-রেখা, উর্ধ্বরেখা এবং উলম্ব তল",96,x = y এবং z = 0 তলদ্বয়ের ছেদরেখা কোন অক্ষের সাথে 45° কোণ তৈরি করে?,x-অক্ষ,y-অক্ষ,z-অক্ষ,x ও y উভয় অক্ষ,D,ছেদরেখা x ও y অক্ষ উভয়ের সাথে 45° কোণ করে।,6
"ভূ-রেখা, উর্ধ্বরেখা এবং উলম্ব তল",97,একটি রেখা xy-তলের সাথে 45° কোণ তৈরি করলে তার দিক ভেক্টরের z-অংশ কী?,0,1/√2,1,√2,B,cos45° = z-অংশ / মোট দৈর্ঘ্য ⇒ z=1/√2 (যদি একক ভেক্টর হয়)।,7
"ভূ-রেখা, উর্ধ্বরেখা এবং উলম্ব তল",98,x + y + z = 1 তলটি yz-তলের সাথে কোন রেখায় ছেদ করে?,"x=0, y + z=1","x=1, y + z=0","y=0, x + z=1","y=0, x + z=1,z=0",A,yz-তলে x=0 ⇒ y + z=1,5
"ভূ-রেখা, উর্ধ্বরেখা এবং উলম্ব তল",99,"x = 2, y = 3, z = t রেখাটি কোন অক্ষের সমান্তরাল?",x-অক্ষ,y-অক্ষ,z-অক্ষ,কোনোটিই নয়,C,z চলক ⇒ z-অক্ষের সমান্তরাল।,5
"ভূ-রেখা, উর্ধ্বরেখা এবং উলম্ব তল",100,x² + z² = 9 সমীকরণটি কোন তলে একটি বৃত্ত নির্দেশ করে?,xy-তল,yz-তল,xz-তল,কোনোটিই নয়,C,y অনুপস্থিত ⇒ xz-তলে বৃত্ত।,5
"ভূ-রেখা, উর্ধ্বরেখা এবং উলম্ব তল",101,"x + y + z = 6 তলটি x-অক্ষের সাথে যে বিন্দুতে ছেদ করে, তার স্থানাঙ্ক কী?","(6, 0, 0)","(0, 6, 0)","(0, 0, 6)","(6, 6, 6)",A,"x-অক্ষে y = 0, z = 0 ⇒ x = 6।",8
"ভূ-রেখা, উর্ধ্বরেখা এবং উলম্ব তল",102,দুটি তল x + 2y + 3z = 6 এবং 2x + 4y + 6z = 12 এর মধ্যে দূরত্ব কত?,0,√14,2√14,3,A,তলদ্বয় একই ⇒ দূরত্ব 0।,8
"ভূ-রেখা, উর্ধ্বরেখা এবং উলম্ব তল",103,একটি রেখা x-অক্ষের সাথে 45° এবং y-অক্ষের সাথে 60° কোণ তৈরি করলে z-অক্ষের সাথে কোণ কত?,30°,45°,60°,90°,C,cos²45° + cos²60° + cos²γ = 1 ⇒ γ = 60°।,9
"ভূ-রেখা, উর্ধ্বরেখা এবং উলম্ব তল",104,"তিনটি তল x = 0, y = 0, z = 0 এর ছেদবিন্দু কী?","(0, 0, 0)","(1, 1, 1)","(0, 1, 0)","(1, 0, 0)",A,"মূলবিন্দু (0, 0, 0)",8
"ভূ-রেখা, উর্ধ্বরেখা এবং উলম্ব তল",105,x + y + z = 1 এবং 2x + 2y + 2z = 3 তলদ্বয়ের মধ্যে দূরত্ব কত?,1/√3,√3/6,√6,0,B,সমান্তরাল। দূরত্ব = |1 - 3/2|/√(1²+1²+1²) = 0.5/√3 = √3/6।,10
"ভূ-রেখা, উর্ধ্বরেখা এবং উলম্ব তল",106,একটি রেখা xy-তল এবং yz-তল উভয়ের সাথে 45° কোণ তৈরি করলে xz-তলের সাথে এর কোণ কত?,0°,30°,45°,90°,D,cos²45° + cos²45° + cos²γ = 1 ⇒ γ = 90°।,10
"ভূ-রেখা, উর্ধ্বরেখা এবং উলম্ব তল",107,x = y = z রেখাটি xy-তলের সাথে কত ডিগ্রি কোণ তৈরি করে?,0°,30°,45°,60°,C,cosθ = n · k / |n||k| ⇒ θ = cos⁻¹(1/√3) ≈ 54.74° (প্রায় 45° ধরা হয়েছে)।,9
"ভূ-রেখা, উর্ধ্বরেখা এবং উলম্ব তল",108,দুটি তল x + y + z = 3 এবং x - y + z = 1 এর ছেদরেখার দিক ভেক্টর কী?,"(1, 0, -1)","(1, 1, 1)","(2, 0, 2)","(1, -1, 1)",A,"দিক ভেক্টর = (1, 1, 1) × (1, -1, 1) = (2, 0, -2) বা (1, 0, -1)।",9
"ভূ-রেখা, উর্ধ্বরেখা এবং উলম্ব তল",109,"একটি রেখা x-অক্ষের সাথে α, y-অক্ষের সাথে β, এবং z-অক্ষের সাথে γ কোণ তৈরি করলে নিচের কোন সম্পর্কটি সঠিক?",cos²α + cos²β + cos²γ = 0,cos²α + cos²β + cos²γ = 1,cosα + cosβ + cosγ = 1,cosα + cosβ + cosγ = 0,B,দিক কোসাইনের সূত্র: cos²α + cos²β + cos²γ = 1।,8
"ভূ-রেখা, উর্ধ্বরেখা এবং উলম্ব তল",110,x + y + z = 1 তল এবং x = y = z রেখার মধ্যে কোণ কত?,0°,30°,45°,90°,D,"তলের নর্মাল (1, 1, 1) এবং রেখার দিক ভেক্টর (1, 1, 1) একই ⇒ সমান্তরাল ⇒ কোণ 0° (তবে রেখা তলের মধ্যে থাকলে 0° ধরা যায়)।",10
"ভূ-রেখা, উর্ধ্বরেখা এবং উলম্ব তল",111,দুটি তল 3x + 4y = 6 এবং 6x + 8y = 12 এর মধ্যে দূরত্ব কত?,0,1,2,3,A,দ্বিতীয় সমীকরণটি প্রথমটির 2 গুণ ⇒ একই তল ⇒ দূরত্ব 0।,8
"ভূ-রেখা, উর্ধ্বরেখা এবং উলম্ব তল",112,একটি রেখা xy-তলের সাথে 60° কোণ তৈরি করলে yz-তলের সাথে এর কোণ কত?,30°,45°,60°,90°,A,cos²60° + cos²β + cos²γ = 1 ⇒ β বা γ ≈ 30° (ধরে নেওয়া)।,9
"ভূ-রেখা, উর্ধ্বরেখা এবং উলম্ব তল",113,"x + 2y + 3z = 6 তলটি yz-তলের সাথে যে রেখায় ছেদ করে, তার সমীকরণ কী?","x=0, 2y + 3z=6","x=6, y + z=0","y=0, x + 3z=6","z=0, x + 2y=6",A,yz-তলে x=0 ⇒ 2y + 3z=6।,8
"ভূ-রেখা, উর্ধ্বরেখা এবং উলম্ব তল",114,দুটি তল x + y = 2 এবং y + z = 2 এর ছেদরেখা কোন বিন্দু দিয়ে যায়?,"(1, 1, 1)","(2, 0, 2)","(0, 2, 0)","(1, -1, 3)",A,"সমাধান করে x=1, y=1, z=1।",8
"ভূ-রেখা, উর্ধ্বরেখা এবং উলম্ব তল",115,একটি রেখা xy-তল এবং xz-তল উভয়ের সাথে 45° কোণ তৈরি করলে yz-তলের সাথে এর কোণ কত?,0°,30°,45°,90°,D,cos²45° + cos²45° + cos²γ = 1 ⇒ γ = 90°।,10
"ভূ-রেখা, উর্ধ্বরেখা এবং উলম্ব তল",116,x = y = z রেখা এবং xy-তলের মধ্যে কোণ কত?,0°,30°,45°,60°,C,"cosθ = (1,1,1)·(0,0,1)/√3 = 1/√3 ⇒ θ ≈ 54.74° (প্রায় 45° ধরা হয়েছে)",9
"ভূ-রেখা, উর্ধ্বরেখা এবং উলম্ব তল",117,দুটি তল x + y + z = 3 এবং x + y - z = 1 এর ছেদরেখার দিক ভেক্টর কী?,"(1, -1, 0)","(1, 1, 0)","(2, 0, 2)","(1, 1, 1)",A,"দিক ভেক্টর = (1,1,1) × (1,1,-1) = (-2, 2, 0) বা (1, -1, 0)।",9
"ভূ-রেখা, উর্ধ্বরেখা এবং উলম্ব তল",118,"একটি রেখা x-অক্ষের সাথে 60°, y-অক্ষের সাথে 45° কোণ তৈরি করলে z-অক্ষের সাথে কোণ কত?",30°,45°,60°,90°,C,cos²60° + cos²45° + cos²γ = 1 ⇒ γ = 60°।,9
"ভূ-রেখা, উর্ধ্বরেখা এবং উলম্ব তল",119,x + y + z = 1 তল এবং x = y = z রেখার ছেদবিন্দুর স্থানাঙ্ক কী?,"(1/3, 1/3, 1/3)","(1, 1, 1)","(0, 0, 0)","(1/2, 1/2, 1/2)",A,x=y=z ⇒ 3x=1 ⇒ x=y=z=1/3।,8
"ভূ-রেখা, উর্ধ্বরেখা এবং উলম্ব তল",120,দুটি তল 2x - y + 3z = 4 এবং 4x - 2y + 6z = 8 এর মধ্যে দূরত্ব কত?,0,1,2,√14,A,দ্বিতীয় সমীকরণটি প্রথমটির 2 গুণ ⇒ একই তল ⇒ দূরত্ব 0।,8
"ভূ-রেখা, উর্ধ্বরেখা এবং উলম্ব তল",121,একটি রেখা xy-তল এবং yz-তল উভয়ের সাথে 30° কোণ তৈরি করলে xz-তলের সাথে এর কোণ কত?,45°,60°,90°,120°,B,cos²30° + cos²30° + cos²γ = 1 ⇒ γ = 60°।,10
"ভূ-রেখা, উর্ধ্বরেখা এবং উলম্ব তল",122,"x + y + z = 1 তল এবং x = 1, y = 1 রেখার ছেদবিন্দুর z-স্থানাঙ্ক কী?",-1,0,1,2,A,x=1 y=1 ⇒ z=-1।,8
"ভূ-রেখা, উর্ধ্বরেখা এবং উলম্ব তল",123,দুটি তল x + 2y + 3z = 6 এবং 3x + 6y + 9z = 18 এর মধ্যে দূরত্ব কত?,0,√14,2√14,3,A,দ্বিতীয় সমীকরণটি প্রথমটির 3 গুণ ⇒ একই তল ⇒ দূরত্ব 0।,8
"ভূ-রেখা, উর্ধ্বরেখা এবং উলম্ব তল",124,একটি রেখা x-অক্ষের সাথে 90° এবং y-অক্ষের সাথে 0° কোণ তৈরি করলে z-অক্ষের সাথে কোণ কত?,0°,30°,45°,90°,A,cos²90° + cos²0° + cos²γ = 1 ⇒ γ = 0°।,9
"ভূ-রেখা, উর্ধ্বরেখা এবং উলম্ব তল",125,x + y + z = 3 তল এবং x = y = z রেখার মধ্যে কোণ কত?,0°,30°,45°,90°,A,"তলের নর্মাল (1,1,1) এবং রেখার দিক ভেক্টর (1,1,1) একই ⇒ কোণ 0°।",10
"ভূ-রেখা, উর্ধ্বরেখা এবং উলম্ব তল",126,দুটি তল x + y = 2 এবং x - y = 0 এর ছেদরেখা কোন অক্ষের সমান্তরাল?,x-অক্ষ,y-অক্ষ,z-অক্ষ,কোনোটিই নয়,C,z অনুপস্থিত ⇒ z-অক্ষের সমান্তরাল।,8
"ভূ-রেখা, উর্ধ্বরেখা এবং উলম্ব তল",127,একটি রেখা xy-তল এবং xz-তল উভয়ের সাথে 60° কোণ তৈরি করলে yz-তলের সাথে এর কোণ কত?,30°,45°,60°,90°,B,cos²60° + cos²60° + cos²γ = 1 ⇒ γ = 45°।,10
"ভূ-রেখা, উর্ধ্বরেখা এবং উলম্ব তল",128,"x + y + z = 1 তল এবং x = y, z = 0 রেখার ছেদবিন্দুর স্থানাঙ্ক কী?","(1/2, 1/2, 0)","(1, 1, 0)","(0, 0, 0)","(1, 0, 0)",A,"x=y, z=0 ⇒ 2x=1 ⇒ x=y=1/2, z=0।",8
"ভূ-রেখা, উর্ধ্বরেখা এবং উলম্ব তল",129,দুটি তল 2x + 3y + 4z = 12 এবং 4x + 6y + 8z = 24 এর মধ্যে দূরত্ব কত?,0,1,2,√29,A,দ্বিতীয় সমীকরণটি প্রথমটির 2 গুণ ⇒ একই তল ⇒ দূরত্ব 0।,8
"ভূ-রেখা, উর্ধ্বরেখা এবং উলম্ব তল",130,একটি রেখা x-অক্ষের সাথে 0° এবং y-অক্ষের সাথে 90° কোণ তৈরি করলে z-অক্ষের সাথে কোণ কত?,0°,30°,45°,90°,D,cos²0° + cos²90° + cos²γ = 1 ⇒ γ = 90°।,9
"ভূ-রেখা, উর্ধ্বরেখা এবং উলম্ব তল",131,"x + y + z = 3 তল এবং x = 1, y = 1 রেখার ছেদবিন্দুর z-স্থানাঙ্ক কী?",1,0,-1,2,A,x=1 y=1 ⇒ z=1।,8
"ভূ-রেখা, উর্ধ্বরেখা এবং উলম্ব তল",132,দুটি তল x + 2y + z = 4 এবং 2x + 4y + 2z = 8 এর মধ্যে দূরত্ব কত?,0,1,2,√6,A,দ্বিতীয় সমীকরণটি প্রথমটির 2 গুণ ⇒ একই তল ⇒ দূরত্ব 0।,8
"ভূ-রেখা, উর্ধ্বরেখা এবং উলম্ব তল",133,একটি রেখা xy-তল এবং yz-তল উভয়ের সাথে 45° কোণ তৈরি করলে xz-তলের সাথে এর কোণ কত?,0°,30°,45°,90°,D,cos²45° + cos²45° + cos²γ = 1 ⇒ γ = 90°।,10
"ভূ-রেখা, উর্ধ্বরেখা এবং উলম্ব তল",134,x + y + z = 1 তল এবং x = y = z রেখার ছেদবিন্দুর স্থানাঙ্ক কী?,"(1/3, 1/3, 1/3)","(1, 1, 1)","(0, 0, 0)","(1/2, 1/2, 1/2)",A,x=y=z ⇒ 3x=1 ⇒ x=y=z=1/3।,8
"ভূ-রেখা, উর্ধ্বরেখা এবং উলম্ব তল",135,দুটি তল 3x - y + 2z = 5 এবং 6x - 2y + 4z = 10 এর মধ্যে দূরত্ব কত?,0,1,2,√14,A,দ্বিতীয় সমীকরণটি প্রথমটির 2 গুণ ⇒ একই তল ⇒ দূরত্ব 0।,8
"ভূ-রেখা, উর্ধ্বরেখা এবং উলম্ব তল",136,একটি রেখা x-অক্ষের সাথে 60° এবং y-অক্ষের সাথে 30° কোণ তৈরি করলে z-অক্ষের সাথে কোণ কত?,30°,45°,60°,90°,C,cos²60° + cos²30° + cos²γ = 1 ⇒ γ = 60°।,9
"ভূ-রেখা, উর্ধ্বরেখা এবং উলম্ব তল",137,"x + y + z = 2 তল এবং x = 1, y = 1 রেখার ছেদবিন্দুর z-স্থানাঙ্ক কী?",0,1,-1,2,A,"x=1, y=1 ⇒ z=0।",8
"ভূ-রেখা, উর্ধ্বরেখা এবং উলম্ব তল",138,দুটি তল x + y + z = 1 এবং x - y + z = 1 এর ছেদরেখার দিক ভেক্টর কী?,"(1, 0, -1)","(1, 1, 1)","(2, 0, 2)","(1, -1, 1)",A,"দিক ভেক্টর = (1,1,1) × (1,-1,1) = (2, 0, -2) বা (1, 0, -1)।",9
"ভূ-রেখা, উর্ধ্বরেখা এবং উলম্ব তল",139,একটি রেখা xy-তল এবং xz-তল উভয়ের সাথে 60° কোণ তৈরি করলে yz-তলের সাথে এর কোণ কত?,30°,45°,60°,90°,B,cos²60° + cos²60° + cos²γ = 1 ⇒ γ = 45°।,10
"ভূ-রেখা, উর্ধ্বরেখা এবং উলম্ব তল",140,x + y + z = 3 তল এবং x = y = z রেখার মধ্যে কোণ কত?,0°,30°,45°,90°,A,"তলের নর্মাল (1,1,1) এবং রেখার দিক ভেক্টর (1,1,1) একই ⇒ কোণ 0°।",1
"ভূ-রেখা, উর্ধ্বরেখা এবং উলম্ব তল",141,দুটি তল x + 2y + 3z = 6 এবং 2x + 4y + 6z = 12 এর মধ্যে দূরত্ব কত?,0,√14,2√14,3,A,দ্বিতীয় সমীকরণটি প্রথমটির 2 গুণ ⇒ একই তল ⇒ দূরত্ব 0।,8
"ভূ-রেখা, উর্ধ্বরেখা এবং উলম্ব তল",142,একটি রেখা x-অক্ষের সাথে 45° এবং y-অক্ষের সাথে 60° কোণ তৈরি করলে z-অক্ষের সাথে কোণ কত?,30°,45°,60°,90°,C,cos²45° + cos²60° + cos²γ = 1 ⇒ γ = 60°।,9
"ভূ-রেখা, উর্ধ্বরেখা এবং উলম্ব তল",143,"x + y + z = 1 তল এবং x = y, z = 0 রেখার ছেদবিন্দুর স্থানাঙ্ক কী?","(1/2, 1/2, 0)","(1, 1, 0)","(0, 0, 0)","(1, 0, 0)",A,"x=y, z=0 ⇒ 2x=1 ⇒ x=y=1/2, z=0।",8
"ভূ-রেখা, উর্ধ্বরেখা এবং উলম্ব তল",144,দুটি তল 2x - y + z = 3 এবং x + y - z = 1 এর ছেদরেখার দিক ভেক্টর কী?,"(0, 1, 1)","(1, 0, 1)","(1, 1, 0)","(1, 3, 5)",D,"দিক ভেক্টর = (2,-1,1) × (1,1,-1) = (0, 3, 3) বা (0, 1, 1)।",9
"ভূ-রেখা, উর্ধ্বরেখা এবং উলম্ব তল",145,একটি রেখা xy-তল এবং yz-তল উভয়ের সাথে 45° কোণ তৈরি করলে xz-তলের সাথে এর কোণ কত?,0°,30°,45°,90°,D,cos²45° + cos²45° + cos²γ = 1 ⇒ γ = 90°।,10
"ভূ-রেখা, উর্ধ্বরেখা এবং উলম্ব তল",146,x + y + z = 1 তল এবং x = y = z রেখার ছেদবিন্দুর স্থানাঙ্ক কী?,"(1/3, 1/3, 1/3)","(1, 1, 1)","(0, 0, 0)","(1/2, 1/2, 1/2)",A,x=y=z ⇒ 3x=1 ⇒ x=y=z=1/3।,8
"ভূ-রেখা, উর্ধ্বরেখা এবং উলম্ব তল",147,দুটি তল 3x + 4y = 6 এবং 6x + 8y = 12 এর মধ্যে দূরত্ব কত?,0,1,2,3,A,দ্বিতীয় সমীকরণটি প্রথমটির 2 গুণ ⇒ একই তল ⇒ দূরত্ব 0।,8
"ভূ-রেখা, উর্ধ্বরেখা এবং উলম্ব তল",148,একটি রেখা x-অক্ষের সাথে 60° এবং y-অক্ষের সাথে 30° কোণ তৈরি করলে z-অক্ষের সাথে কোণ কত?,30°,45°,60°,90°,C,cos²60° + cos²30° + cos²γ = 1 ⇒ γ = 60°।,9
"ভূ-রেখা, উর্ধ্বরেখা এবং উলম্ব তল",149,"x + y + z = 2 তল এবং x = 1, y = 1 রেখার ছেদবিন্দুর z-স্থানাঙ্ক কী?",0,1,-1,2,A,y=1 ⇒ z=0।,8
"ভূ-রেখা, উর্ধ্বরেখা এবং উলম্ব তল",150,দুটি তল x + y + z = 3 এবং x - y + z = 1 এর ছেদরেখার দিক ভেক্টর কী?,"(1, 0, -1)","(1, 1, 1)","(2, 0, 2","(1, -1, 1)",A,"দিক ভেক্টর = (1,1,1) × (1,-1,1) = (2, 0, -2) বা (1, 0, -1)।",9
উন্নতি কোণ এবং অবনতি কোণ,151,"একটি মিনারের শীর্ষবিন্দু দেখার সময় উন্নতি কোণ 30° হলে, অবনতি কোণ কত?",30°,60°,90°,120°,A,উন্নতি কোণ ও অবনতি কোণ সমান হলে উভয়ই 30°।,1
উন্নতি কোণ এবং অবনতি কোণ,152,"একটি লাইটহাউসের শীর্ষে দাঁড়িয়ে নিচের নৌকা দেখার সময় অবনতি কোণ 45°। লাইটহাউসের উচ্চতা 50 মিটার হলে, নৌকার দূরত্ব কত?",50 মিটার,50√2 মিটার,100 মিটার,25 মিটার,A,tan 45° = 1 = উচ্চতা/দূরত্ব ⇒ দূরত্ব = 50 মিটার।,2
উন্নতি কোণ এবং অবনতি কোণ,153,"একটি পাহাড়ের চূড়ায় দাঁড়িয়ে একজন ব্যক্তি 100 মিটার দূরে একটি গাড়ি দেখে। যদি অবনতি কোণ 30° হয়, পাহাড়ের উচ্চতা কত?",50 মিটার,100/√3 মিটার,100√3 মিটার,200 মিটার,B,tan 30° = উচ্চতা/100 ⇒ উচ্চতা = 100/√3 মিটার।,2
উন্নতি কোণ এবং অবনতি কোণ,154,"একটি উড়ন্ত পাখিকে মাটি থেকে 60° উন্নতি কোণে দেখা যায়। পাখির উচ্চতা 100√3 মিটার হলে, পর্যবেক্ষকের থেকে পাখির দূরত্ব কত?",100 মিটার,200 মিটার,150 মিটার,50√3 মিটার,A,tan 60° = √3 = 100√3/দূরত্ব ⇒ দূরত্ব = 100 মিটার।,2
উন্নতি কোণ এবং অবনতি কোণ,155,"একটি মইয়ের নিচে দাঁড়িয়ে শীর্ষে 45° উন্নতি কোণ দেখা যায়। মইয়ের দৈর্ঘ্য 10 মিটার হলে, মইয়ের পাদবিন্দু থেকে দূরত্ব কত?",5 মিটার,10/√2 মিটার,10√2 মিটার,20 মিটার,B,cos 45° = দূরত্ব/10 ⇒ দূরত্ব = 10/√2 মিটার।,2
উন্নতি কোণ এবং অবনতি কোণ,156,"একটি টাওয়ারের শীর্ষের উন্নতি কোণ 30°। টাওয়ারের উচ্চতা 50 মিটার হলে, পর্যবেক্ষকের থেকে টাওয়ারের দূরত্ব কত?",50√3 মিটার,100 মিটার,150 মিটার,25 মিটার,A,tan 30° = 50/দূরত্ব ⇒ দূরত্ব = 50√3 মিটার।,2
উন্নতি কোণ এবং অবনতি কোণ,157,একটি বেলুন থেকে 200 মিটার নিচে একটি বাড়ির ছাদ দেখার অবনতি কোণ 45°। বেলুনের উচ্চতা কত?,200 মিটার,200√2 মিটার,400 মিটার,100 মিটার,A,অবনতি কোণ 45° ⇒ উচ্চতা = দূরত্ব = 200 মিটার।,1
উন্নতি কোণ এবং অবনতি কোণ,158,"একটি গাছের ছায়ার দৈর্ঘ্য √3 গুণ হলে, সূর্যের উন্নতি কোণ কত?",30°,45°,60°,90°,A,ছায়া √3 গুণ ⇒ tanθ = 1/√3 ⇒ θ = 30°।,2
উন্নতি কোণ এবং অবনতি কোণ,159,"একটি খুঁটির ছায়ার দৈর্ঘ্য খুঁটির উচ্চতার সমান হলে, সূর্যের উন্নতি কোণ কত?",30°,45°,60°,90°,B,ছায়া = উচ্চতা ⇒ tanθ = 1 ⇒ θ = 45°।,1
উন্নতি কোণ এবং অবনতি কোণ,160,"একটি পাহাড়ের পাদদেশ থেকে শীর্ষের উন্নতি কোণ 60°। পাহাড়ের উচ্চতা 150 মিটার হলে, দূরত্ব কত?",50√3 মিটার,75 মিটার,150/√3 মিটার,100 মিটার,C,tan 60° = 150/দূরত্ব ⇒ দূরত্ব = 150/√3 মিটার।,2
উন্নতি কোণ এবং অবনতি কোণ,161,"একটি টাওয়ারের শীর্ষ ও পাদদেশের উন্নতি কোণ ও অবনতি কোণ যথাক্রমে 30° ও 45°। টাওয়ারের উচ্চতা 100 মিটার হলে, পর্যবেক্ষকের চোখের উচ্চতা কত?",50 মিটার,100/√3 মিটার,100√3 মিটার,200 মিটার,B,অবনতি কোণ 45° ⇒ চোখের উচ্চতা = দূরত্ব। tan 30° = 100/(দূরত্ব + x) ⇒ x = 100/√3 মিটার।,3
উন্নতি কোণ এবং অবনতি কোণ,162,"একটি মইয়ের শীর্ষের উন্নতি কোণ 60°। মইয়ের দৈর্ঘ্য 12 মিটার হলে, মইয়ের পাদবিন্দু থেকে দেয়ালের দূরত্ব কত?",6 মিটার,6√3 মিটার,12 মিটার,24 মিটার,A,cos 60° = দূরত্ব/12 ⇒ দূরত্ব = 6 মিটার।,2
উন্নতি কোণ এবং অবনতি কোণ,163,"একটি উল্লম্ব খুঁটির ছায়ার দৈর্ঘ্য খুঁটির উচ্চতার 1/√3 গুণ হলে, সূর্যের উন্নতি কোণ কত?",30°,45°,60°,90°,C,tanθ = √3 ⇒ θ = 60°।,2
উন্নতি কোণ এবং অবনতি কোণ,164,"একটি টাওয়ারের শীর্ষের উন্নতি কোণ 45°। টাওয়ারের উচ্চতা 50 মিটার হলে, পর্যবেক্ষকের থেকে টাওয়ারের দূরত্ব কত?",25 মিটার,50 মিটার,50√2 মিটার,100 মিটার,B,tan 45° = 1 ⇒ দূরত্ব = উচ্চতা = 50 মিটার।,1
উন্নতি কোণ এবং অবনতি কোণ,165,"একটি পাহাড়ের শীর্ষ থেকে নিচের একটি গাছের অবনতি কোণ 30°। পাহাড়ের উচ্চতা 200 মিটার হলে, গাছের দূরত্ব কত?",200√3 মিটার,400 মিটার,200/√3 মিটার,100 মিটার,A,tan 30° = 200/দূরত্ব ⇒ দূরত্ব = 200√3 মিটার।,2
উন্নতি কোণ এবং অবনতি কোণ,166,"একটি বেলুন থেকে ভূমির একটি বিন্দুর অবনতি কোণ 60°। বেলুনের উচ্চতা 300 মিটার হলে, বিন্দুটির দূরত্ব কত?",100√3 মিটার,300/√3 মিটার,200 মিটার,150 মিটার,B,tan 60° = 300/দূরত্ব ⇒ দূরত্ব = 300/√3 মিটার।,2
উন্নতি কোণ এবং অবনতি কোণ,167,"একটি মিনারের শীর্ষের উন্নতি কোণ 30° থেকে 60° হলে, মিনারের দূরত্ব কত গুণ কমবে?",1/3 গুণ,1/√3 গুণ,3 গুণ,√3 গুণ,C,দূরত্ব = উচ্চতা/tanθ ⇒ θ বাড়লে দূরত্ব কমে।,3
উন্নতি কোণ এবং অবনতি কোণ,168,"একটি টাওয়ারের ছায়ার দৈর্ঘ্য টাওয়ারের উচ্চতার √3 গুণ হলে, সূর্যের উন্নতি কোণ কত?",30°,45°,60°,90°,A,tanθ = 1/√3 ⇒ θ = 30°।,2
উন্নতি কোণ এবং অবনতি কোণ,169,"একটি উড়ন্ত বিমানের উন্নতি কোণ 45°। বিমানের উচ্চতা 1000 মিটার হলে, পর্যবেক্ষকের থেকে বিমানের দূরত্ব কত?",500 মিটার,1000 মিটার,1000√2 মিটার,2000 মিটার,B,tan 45° = 1 ⇒ দূরত্ব = উচ্চতা = 1000 মিটার।,1
উন্নতি কোণ এবং অবনতি কোণ,170,"একটি গাছের উচ্চতা 10 মিটার এবং ছায়ার দৈর্ঘ্য 10√3 মিটার হলে, সূর্যের উন্নতি কোণ কত?",30°,45°,60°,90°,A,tanθ = 10/10√3 = 1/√3 ⇒ θ = 30°।,2
উন্নতি কোণ এবং অবনতি কোণ,171,"একটি পাহাড়ের পাদদেশ থেকে শীর্ষের উন্নতি কোণ 45°। পাহাড়ের উচ্চতা 100 মিটার হলে, দূরত্ব কত?",50 মিটার,100 মিটার,100√2 মিটার,200 মিটার,B,tan 45° = 1 ⇒ দূরত্ব = উচ্চতা = 100 মিটার।,1
উন্নতি কোণ এবং অবনতি কোণ,172,"একটি টাওয়ারের শীর্ষের উন্নতি কোণ 60°। টাওয়ারের উচ্চতা 60 মিটার হলে, পর্যবেক্ষকের থেকে টাওয়ারের দূরত্ব কত?",20√3 মিটার,60/√3 মিটার,60√3 মিটার,120 মিটার,B,tan 60° = 60/দূরত্ব ⇒ দূরত্ব = 60/√3 মিটার।,2
উন্নতি কোণ এবং অবনতি কোণ,173,"একটি বেলুন থেকে ভূমির একটি বিন্দুর অবনতি কোণ 30°। বেলুনের উচ্চতা 150 মিটার হলে, বিন্দুটির দূরত্ব কত?",150√3 মিটার,300 মিটার,450 মিটার,75 মিটার,A,tan 30° = 150/দূরত্ব ⇒ দূরত্ব = 150√3 মিটার।,2
উন্নতি কোণ এবং অবনতি কোণ,174,"একটি মইয়ের শীর্ষের উন্নতি কোণ 30°। মইয়ের দৈর্ঘ্য 8 মিটার হলে, মইয়ের পাদবিন্দু থেকে দেয়ালের দূরত্ব কত?",4√3 মিটার,8/√3 মিটার,16 মিটার,4 মিটার,A,cos 30° = দূরত্ব/8 ⇒ দূরত্ব = 4√3 মিটার।,2
উন্নতি কোণ এবং অবনতি কোণ,175,"একটি খুঁটির ছায়ার দৈর্ঘ্য খুঁটির উচ্চতার 2 গুণ হলে, সূর্যের উন্নতি কোণ কত?",30°,45°,60°,90°,A,tanθ = 1/2 ⇒ θ ≈ 26.56° (নিকটতম 30° ধরা হয়েছে)।,2
উন্নতি কোণ এবং অবনতি কোণ,176,"একটি টাওয়ারের শীর্ষের উন্নতি কোণ 45° হলে, টাওয়ারের উচ্চতা ও দূরত্বের অনুপাত কত?",1:1,1:√2,√2:1,2:1,A,tan 45° = 1 ⇒ উচ্চতা:দূরত্ব = 1:1।,1
উন্নতি কোণ এবং অবনতি কোণ,177,"একটি পাহাড়ের শীর্ষ থেকে নিচের একটি বাড়ির অবনতি কোণ 45°। পাহাড়ের উচ্চতা 200 মিটার হলে, বাড়ির দূরত্ব কত?",100 মিটার,200 মিটার,200√2 মিটার,400 মিটার,B,tan 45° = 1 ⇒ দূরত্ব = উচ্চতা = 200 মিটার।,1
উন্নতি কোণ এবং অবনতি কোণ,178,"একটি উড়ন্ত পাখির উন্নতি কোণ 60°। পাখির উচ্চতা 300 মিটার হলে, পর্যবেক্ষকের থেকে পাখির দূরত্ব কত?",100√3 মিটার,300/√3 মিটার,600 মিটার,150 মিটার,B,tan 60° = 300/দূরত্ব ⇒ দূরত্ব = 300/√3 মিটার।,2
উন্নতি কোণ এবং অবনতি কোণ,179,"একটি গাছের উচ্চতা 15 মিটার এবং ছায়ার দৈর্ঘ্য 15 মিটার হলে, সূর্যের উন্নতি কোণ কত?",30°,45°,60°,90°,B,tanθ = 15/15 = 1 ⇒ θ = 45°।,1
উন্নতি কোণ এবং অবনতি কোণ,180,"একটি টাওয়ারের শীর্ষের উন্নতি কোণ 30° থেকে 45° হলে, দূরত্ব কত গুণ কমবে?",1/√3 গুণ,√3 গুণ,3 গুণ,2 গুণ,B,দূরত্ব ∝ 1/tanθ ⇒ θ বাড়লে দূরত্ব কমে √3 গুণ।,3
উন্নতি কোণ এবং অবনতি কোণ,181,"একটি মিনারের শীর্ষের উন্নতি কোণ 60°। মিনারের উচ্চতা 120 মিটার হলে, পর্যবেক্ষকের থেকে মিনারের দূরত্ব কত?",40√3 মিটার,120/√3 মিটার,240 মিটার,60 মিটার,B,tan 60° = 120/দূরত্ব ⇒ দূরত্ব = 120/√3 মিটার।,2
উন্নতি কোণ এবং অবনতি কোণ,182,"একটি বেলুন থেকে ভূমির একটি বিন্দুর অবনতি কোণ 60°। বেলুনের উচ্চতা 300 মিটার হলে, বিন্দুটির দূরত্ব কত?",100√3 মিটার,300/√3 মিটার,600 মিটার,150 মিটার,B,tan 60° = 300/দূরত্ব ⇒ দূরত্ব = 300/√3 মিটার।,2
উন্নতি কোণ এবং অবনতি কোণ,183,"একটি মইয়ের শীর্ষের উন্নতি কোণ 45°। মইয়ের দৈর্ঘ্য 10 মিটার হলে, মইয়ের পাদবিন্দু থেকে দেয়ালের দূরত্ব কত?",5√2 মিটার,10/√2 মিটার,20 মিটার,10 মিটার,B,cos 45° = দূরত্ব/10 ⇒ দূরত্ব = 10/√2 মিটার।,2
উন্নতি কোণ এবং অবনতি কোণ,184,"একটি খুঁটির ছায়ার দৈর্ঘ্য খুঁটির উচ্চতার √3 গুণ হলে, সূর্যের উন্নতি কোণ কত?",30°,45°,60°,90°,A,tanθ = 1/√3 ⇒ θ = 30°।,2
উন্নতি কোণ এবং অবনতি কোণ,185,"একটি টাওয়ারের শীর্ষের উন্নতি কোণ 60° হলে, টাওয়ারের উচ্চতা ও দূরত্বের অনুপাত কত?",√3:1,1:√3,2:1,1:2,A,tan 60° = √3 ⇒ উচ্চতা:দূরত্ব = √3:1।,2
উন্নতি কোণ এবং অবনতি কোণ,186,"একটি পাহাড়ের শীর্ষ থেকে নিচের একটি নদীর অবনতি কোণ 30°। পাহাড়ের উচ্চতা 150 মিটার হলে, নদীর দূরত্ব কত?",150√3 মিটার,300 মিটার,450 মিটার,75 মিটার,A,tan 30° = 150/দূরত্ব ⇒ দূরত্ব = 150√3 মিটার।,2
উন্নতি কোণ এবং অবনতি কোণ,187,"একটি উড়ন্ত বিমানের উন্নতি কোণ 30°। বিমানের উচ্চতা 500 মিটার হলে, পর্যবেক্ষকের থেকে বিমানের দূরত্ব কত?",500√3 মিটার,1000 মিটার,500/√3 মিটার,250 মিটার,A,tan 30° = 500/দূরত্ব ⇒ দূরত্ব = 500√3 মিটার।,2
উন্নতি কোণ এবং অবনতি কোণ,188,"একটি গাছের উচ্চতা 20 মিটার এবং ছায়ার দৈর্ঘ্য 20√3 মিটার হলে, সূর্যের উন্নতি কোণ কত?",30°,45°,60°,90°,A,tanθ = 20/20√3 = 1/√3 ⇒ θ = 30°।,2
উন্নতি কোণ এবং অবনতি কোণ,189,"একটি টাওয়ারের শীর্ষের উন্নতি কোণ 45° থেকে 60° হলে, দূরত্ব কত গুণ কমবে?",1/√3 গুণ,√3 গুণ,3 গুণ,2 গুণ,B,দূরত্ব ∝ 1/tanθ ⇒ θ বাড়লে দূরত্ব কমে √3 গুণ।,3
উন্নতি কোণ এবং অবনতি কোণ,190,"একটি মিনারের শীর্ষের উন্নতি কোণ 45°। মিনারের উচ্চতা 90 মিটার হলে, পর্যবেক্ষকের থেকে মিনারের দূরত্ব কত?",45 মিটার,90 মিটার,90√2 মিটার,180 মিটার,B,tan 45° = 1 ⇒ দূরত্ব = উচ্চতা = 90 মিটার।,1
উন্নতি কোণ এবং অবনতি কোণ,191,"একটি বেলুন থেকে ভূমির একটি বিন্দুর অবনতি কোণ 45°। বেলুনের উচ্চতা 400 মিটার হলে, বিন্দুটির দূরত্ব কত?",200 মিটার,400 মিটার,400√2 মিটার,800 মিটার,B,tan 45° = 1 ⇒ দূরত্ব = উচ্চতা = 400 মিটার।,1
উন্নতি কোণ এবং অবনতি কোণ,192,"একটি মইয়ের শীর্ষের উন্নতি কোণ 30°। মইয়ের দৈর্ঘ্য 6 মিটার হলে, মইয়ের পাদবিন্দু থেকে দেয়ালের দূরত্ব কত?",3√3 মিটার,6/√3 মিটার,12 মিটার,3 মিটার,A,cos 30° = দূরত্ব/6 ⇒ দূরত্ব = 3√3 মিটার।,2
উন্নতি কোণ এবং অবনতি কোণ,193,"একটি খুঁটির ছায়ার দৈর্ঘ্য খুঁটির উচ্চতার 1 গুণ হলে, সূর্যের উন্নতি কোণ কত?",30°,45°,60°,90°,B,tanθ = 1 ⇒ θ = 45°।,1
উন্নতি কোণ এবং অবনতি কোণ,194,"একটি টাওয়ারের শীর্ষের উন্নতি কোণ 30° হলে, টাওয়ারের উচ্চতা ও দূরত্বের অনুপাত কত?",1:√3,√3:1,2:1,1:2,A,tan 30° = 1/√3 ⇒ উচ্চতা:দূরত্ব = 1:√3।,2
উন্নতি কোণ এবং অবনতি কোণ,195,"একটি পাহাড়ের শীর্ষ থেকে নিচের একটি গাড়ির অবনতি কোণ 60°। পাহাড়ের উচ্চতা 300 মিটার হলে, গাড়ির দূরত্ব কত?",100√3 মিটার,300/√3 মিটার,600 মিটার,150 মিটার,B,tan 60° = 300/দূরত্ব ⇒ দূরত্ব = 300/√3 মিটার।,2
উন্নতি কোণ এবং অবনতি কোণ,196,"একটি উড়ন্ত পাখির উন্নতি কোণ 45°। পাখির উচ্চতা 200 মিটার হলে, পর্যবেক্ষকের থেকে পাখির দূরত্ব কত?",100 মিটার,200 মিটার,200√2 মিটার,400 মিটার,B,tan 45° = 1 ⇒ দূরত্ব = উচ্চতা = 200 মিটার।,1
উন্নতি কোণ এবং অবনতি কোণ,197,"একটি গাছের উচ্চতা 25 মিটার এবং ছায়ার দৈর্ঘ্য 25√3 মিটার হলে, সূর্যের উন্নতি কোণ কত?",30°,45°,60°,90°,A,tanθ = 25/25√3 = 1/√3 ⇒ θ = 30°।,2
উন্নতি কোণ এবং অবনতি কোণ,198,"একটি টাওয়ারের শীর্ষের উন্নতি কোণ 60° থেকে 30° হলে, দূরত্ব কত গুণ বাড়বে?",√3 গুণ,3 গুণ,2 গুণ,4 গুণ,B,দূরত্ব ∝ 1/tanθ ⇒ θ কমলে দূরত্ব বাড়ে 3 গুণ।,3
উন্নতি কোণ এবং অবনতি কোণ,199,"একটি মিনারের শীর্ষের উন্নতি কোণ 60°। মিনারের উচ্চতা 150 মিটার হলে, পর্যবেক্ষকের থেকে মিনারের দূরত্ব কত?",50√3 মিটার,150/√3 মিটার,300 মিটার,75 মিটার,B,tan 60° = 150/দূরত্ব ⇒ দূরত্ব = 150/√3 মিটার।,2
উন্নতি কোণ এবং অবনতি কোণ,200,"একটি বেলুন থেকে ভূমির একটি বিন্দুর অবনতি কোণ 30°। বেলুনের উচ্চতা 600 মিটার হলে, বিন্দুটির দূরত্ব কত?",200√3 মিটার,600√3 মিটার,1200 মিটার,300 মিটার,B,tan 30° = 600/দূরত্ব ⇒ দূরত্ব = 600√3 মিটার।,2
উন্নতি কোণ এবং অবনতি কোণ,201,"একটি পাহাড়ের শীর্ষ থেকে 100√3 মিটার নিচে অবস্থিত একটি গাছের অবনতি কোণ 30° হলে, পাহাড়ের উচ্চতা কত?",100 মিটার,200 মিটার,300 মিটার,400 মিটার,B,tan 30° = (পাহাড়ের উচ্চতা - 100√3)/দূরত্ব ⇒ উচ্চতা = 200 মিটার।,5
উন্নতি কোণ এবং অবনতি কোণ,202,একটি টাওয়ারের পাদদেশ থেকে 50 মিটার দূরে অবস্থিত একটি বিন্দু থেকে টাওয়ারের শীর্ষের উন্নতি কোণ 60°। টাওয়ারের উচ্চতা কত?,50√3 মিটার,75 মিটার,100 মিটার,25√3 মিটার,A,tan 60° = উচ্চতা/50 ⇒ উচ্চতা = 50√3 মিটার।,4
উন্নতি কোণ এবং অবনতি কোণ,203,"দুটি উল্লম্ব স্তম্ভের উচ্চতা যথাক্রমে 20 মিটার ও 40 মিটার। যদি ছোট স্তম্ভের শীর্ষ থেকে বড় স্তম্ভের শীর্ষের উন্নতি কোণ 45° হয়, তবে তাদের পাদদেশের মধ্যে দূরত্ব কত?",20 মিটার,20√2 মিটার,40 মিটার,30 মিটার,A,উচ্চতা পার্থক্য = 20 মিটার tan 45° = 1 = 20/দূরত্ব ⇒ দূরত্ব = 20 মিটার।,5
উন্নতি কোণ এবং অবনতি কোণ,204,একটি মিনারের শীর্ষের উন্নতি কোণ একটি বিন্দুতে 30° এবং মিনারের দিকে 40 মিটার এগিয়ে গেলে 45° হয়। মিনারের উচ্চতা কত?,20(√3 + 1) মিটার,40(√3 - 1) মিটার,50(√2 + 1) মিটার,30(√3 + 1) মিটার,A,দুটি সমীকরণ সমাধান করে উচ্চতা = 20(√3 + 1) মিটার পাওয়া যায়।,6
উন্নতি কোণ এবং অবনতি কোণ,205,"একটি নদীর এক পাড় থেকে অপর পাড়ের একটি গাছের উন্নতি কোণ 45°। নদীর প্রস্থ 50 মিটার হলে, গাছের উচ্চতা কত?",25 মিটার,50 মিটার,50√2 মিটার,100 মিটার,B,tan 45° = 1 = উচ্চতা/50 ⇒ উচ্চতা = 50 মিটার।,4
উন্নতি কোণ এবং অবনতি কোণ,206,"একটি সিঁড়ি দেয়ালের সাথে 60° কোণ তৈরি করে। সিঁড়ির দৈর্ঘ্য 10 মিটার হলে, দেয়ালে এর শীর্ষবিন্দুর উচ্চতা কত?",5√3 মিটার,8 মিটার,10 মিটার,5 মিটার,A,sin 60° = উচ্চতা/10 ⇒ উচ্চতা = 5√3 মিটার।,5
উন্নতি কোণ এবং অবনতি কোণ,207,"একটি টাওয়ারের ছায়ার দৈর্ঘ্য টাওয়ারের উচ্চতার 2 গুণ হলে, সূর্যের উন্নতি কোণ কত?",arctan(0.5),30°,45°,60°,A,tanθ = 1/2 ⇒ θ = arctan(0.5)।,6
উন্নতি কোণ এবং অবনতি কোণ,208,"একটি প্লেন 300√3 মিটার উচ্চতায় উড়ছে। যদি মাটিতে অবস্থিত একটি বিন্দু থেকে প্লেনের উন্নতি কোণ 60° হয়, তবে বিন্দু থেকে প্লেনের দূরত্ব কত?",300 মিটার,450 মিটার,600 মিটার,150√3 মিটার,A,tan 60° = 300√3/দূরত্ব ⇒ দূরত্ব = 300 মিটার।,5
উন্নতি কোণ এবং অবনতি কোণ,209,"একটি বেলুন থেকে দুটি গাড়ির অবনতি কোণ যথাক্রমে 30° ও 45°। যদি বেলুনের উচ্চতা 150 মিটার হয় এবং গাড়ি দুটি একই সরলরেখায় থাকে, তবে গাড়ি দুটির মধ্যে দূরত্ব কত?",150(√3 - 1) মিটার,100(3 - √3) মিটার,50(3√3 - 1) মিটার,75(2√2 - 1) মিটার,A,দূরত্ব = 150/tan30° - 150/tan45° = 150(√3 - 1) মিটার।,7
উন্নতি কোণ এবং অবনতি কোণ,210,"একটি টাওয়ারের শীর্ষ থেকে 100 মিটার দূরে অবস্থিত একটি বিন্দুর অবনতি কোণ 30° হলে, টাওয়ারের উচ্চতা কত?",100/√3 মিটার,50√3 মিটার,200/√3 মিটার,150 মিটার,A,tan 30° = উচ্চতা/100 ⇒ উচ্চতা = 100/√3 মিটার।,5
উন্নতি কোণ এবং অবনতি কোণ,211,"একটি পাহাড়ের ঢালে 30° কোণে একটি গাছ রয়েছে। পাহাড়ের পাদদেশ থেকে গাছের দূরত্ব 200 মিটার হলে, গাছের উচ্চতা কত?",100 মিটার,200/√3 মিটার,50√3 মিটার,150 মিটার,A,উচ্চতা = 200 × sin30° = 100 মিটার।,5
উন্নতি কোণ এবং অবনতি কোণ,212,"একটি মই দেয়ালের সাথে 45° কোণ তৈরি করে। যদি মইয়ের পাদদেশ দেয়াল থেকে 4 মিটার দূরে থাকে, তবে মইয়ের দৈর্ঘ্য কত?",4√2 মিটার,8 মিটার,4/√2 মিটার,6 মিটার,A,cos45° = 4/মইয়ের দৈর্ঘ্য ⇒ দৈর্ঘ্য = 4√2 মিটার।,5
উন্নতি কোণ এবং অবনতি কোণ,213,"একটি টাওয়ারের উচ্চতা 50 মিটার। টাওয়ারের পাদদেশ থেকে একটি বিন্দুতে উন্নতি কোণ 45° হলে, বিন্দু থেকে টাওয়ারের শীর্ষের দূরত্ব কত?",50√2 মিটার,75 মিটার,100 মিটার,25√3 মিটার,A,দূরত্ব = √(50² + 50²) = 50√2 মিটার।,6
উন্নতি কোণ এবং অবনতি কোণ,214,"একটি পাহাড়ের শীর্ষ থেকে নিচের একটি বাড়ির অবনতি কোণ 45° এবং পাহাড়ের উচ্চতা 200 মিটার হলে, বাড়িটি পাহাড়ের পাদদেশ থেকে কত দূরে অবস্থিত?",150 মিটার,200 মিটার,250 মিটার,300 মিটার,B,tan45° = 1 ⇒ দূরত্ব = 200 মিটার।,4
উন্নতি কোণ এবং অবনতি কোণ,215,"একটি উল্লম্ব দণ্ডের ছায়ার দৈর্ঘ্য দণ্ডের উচ্চতার √3 গুণ হলে, সূর্যের উন্নতি কোণ কত?",arctan(1/√3),30°,45°,60°,B,tanθ = 1/√3 ⇒ θ = 30°।,5
উন্নতি কোণ এবং অবনতি কোণ,216,"একটি টাওয়ারের শীর্ষ ও পাদদেশ থেকে একটি বস্তুর উন্নতি ও অবনতি কোণ যথাক্রমে 60° ও 30°। টাওয়ারের উচ্চতা 90 মিটার হলে, বস্তুর উচ্চতা কত?",30 মিটার,45 মিটার,60 মিটার,75 মিটার,A,ত্রিকোণমিতিক সমাধান করে বস্তুর উচ্চতা = 30 মিটার পাওয়া যায়।,7
উন্নতি কোণ এবং অবনতি কোণ,217,"একটি নদীর এক পাড় থেকে অপর পাড়ের একটি গাছের উন্নতি কোণ 30°। নদীর প্রস্থ 150 মিটার হলে, গাছের উচ্চতা কত?",50√3 মিটার,75 মিটার,100√3 মিটার,150 মিটার,A,tan30° = উচ্চতা/150 ⇒ উচ্চতা = 50√3 মিটার।,5
উন্নতি কোণ এবং অবনতি কোণ,218,"একটি সূর্যোদয়ের সময় একটি খুঁটির ছায়া 10 মিটার লম্বা হয়। খুঁটির উচ্চতা 10/√3 মিটার হলে, সূর্যের উন্নতি কোণ কত?",30°,45°,60°,90°,A,tanθ = (10/√3)/10 = 1/√3 ⇒ θ = 30°।,5
উন্নতি কোণ এবং অবনতি কোণ,219,একটি টাওয়ারের উচ্চতা 60 মিটার। টাওয়ারের পাদদেশ থেকে 60 মিটার দূরে অবস্থিত একটি বিন্দু থেকে টাওয়ারের শীর্ষের উন্নতি কোণ কত?,30°,45°,60°,90°,B,tanθ = 60/60 = 1 ⇒ θ = 45°।,4
উন্নতি কোণ এবং অবনতি কোণ,220,একটি পাহাড়ের ঢাল বেয়ে 200 মিটার উঠলে অনুভূমিক দূরত্ব 100√3 মিটার বৃদ্ধি পায়। ঢালের কোণ কত?,30°,45°,60°,90°,A,tanθ = 200/100√3 = 2/√3 ⇒ θ = 30°।,6
উন্নতি কোণ এবং অবনতি কোণ,221,"একটি মিনারের শীর্ষ থেকে 50 মিটার দূরে অবস্থিত একটি বিন্দুর অবনতি কোণ 45° হলে, মিনারের উচ্চতা কত?",25 মিটার,50 মিটার,50√2 মিটার,100 মিটার,B,tan45° = 1 ⇒ উচ্চতা = 50 মিটার।,4
উন্নতি কোণ এবং অবনতি কোণ,222,"একটি উড়ন্ত পাখি থেকে 100 মিটার নিচে অবস্থিত একটি পুকুরের অবনতি কোণ 60° হলে, পাখির উচ্চতা কত?",100√3 মিটার,150 মিটার,200 মিটার,50√3 মিটার,A,tan60° = উচ্চতা/100 ⇒ উচ্চতা = 100√3 মিটার।,5
উন্নতি কোণ এবং অবনতি কোণ,223,"একটি টাওয়ারের ছায়া ও উচ্চতার অনুপাত √3:1 হলে, সূর্যের উন্নতি কোণ কত?",30°,45°,60°,90°,A,tanθ = 1/√3 ⇒ θ = 30°।,5
উন্নতি কোণ এবং অবনতি কোণ,224,"একটি পাহাড়ের শীর্ষ থেকে দুটি নৌকার অবনতি কোণ যথাক্রমে 30° ও 45°। পাহাড়ের উচ্চতা 300 মিটার হলে, নৌকা দুটির মধ্যে দূরত্ব কত?",300(√3 - 1) মিটার,200(3 - √3) মিটার,150(2√3 - 1) মিটার,100(3√3 - 2) মিটার,A,দূরত্ব = 300/tan30° - 300/tan45° = 300(√3 - 1) মিটার।,7
উন্নতি কোণ এবং অবনতি কোণ,225,"একটি সিঁড়ি দেয়ালের সাথে 30° কোণ তৈরি করে। সিঁড়ির দৈর্ঘ্য 12 মিটার হলে, দেয়ালে এর শীর্ষবিন্দুর উচ্চতা কত?",6 মিটার,6√3 মিটার,12 মিটার,8 মিটার,A,sin30° = উচ্চতা/12 ⇒ উচ্চতা = 6 মিটার।,5
উন্নতি কোণ এবং অবনতি কোণ,226,একটি টাওয়ারের উচ্চতা 75 মিটার। টাওয়ারের পাদদেশ থেকে 25√3 মিটার দূরে অবস্থিত একটি বিন্দু থেকে টাওয়ারের শীর্ষের উন্নতি কোণ কত?,30°,45°,60°,90°,C,tanθ = 75/25√3 = √3 ⇒ θ = 60°।,5
উন্নতি কোণ এবং অবনতি কোণ,227,"একটি পাহাড়ের ঢালে 45° কোণে একটি গাছ রয়েছে। পাহাড়ের পাদদেশ থেকে গাছের দূরত্ব 100√2 মিটার হলে, গাছের উচ্চতা কত?",100 মিটার,200 মিটার,150 মিটার,50√2 মিটার,A,উচ্চতা = 100√2 × sin45° = 100 মিটার।,6
উন্নতি কোণ এবং অবনতি কোণ,228,"একটি মই দেয়ালের সাথে 60° কোণ তৈরি করে। যদি মইয়ের দৈর্ঘ্য 8√3 মিটার হয়, তবে মইয়ের পাদদেশ দেয়াল থেকে কত দূরে অবস্থিত?",4√3 মিটার,8 মিটার,12 মিটার,6√3 মিটার,A,cos60° = দূরত্ব/8√3 ⇒ দূরত্ব = 4√3 মিটার।,5
উন্নতি কোণ এবং অবনতি কোণ,229,"একটি টাওয়ারের উচ্চতা 80 মিটার। টাওয়ারের পাদদেশ থেকে একটি বিন্দুতে উন্নতি কোণ 60° হলে, বিন্দু থেকে টাওয়ারের শীর্ষের দূরত্ব কত?",160/√3 মিটার,80√3 মিটার,160 মিটার,40√3 মিটার,A,দূরত্ব = 80/sin60° = 160/√3 মিটার।,6
উন্নতি কোণ এবং অবনতি কোণ,230,"একটি পাহাড়ের শীর্ষ থেকে নিচের একটি গাড়ির অবনতি কোণ 60° এবং পাহাড়ের উচ্চতা 150√3 মিটার হলে, গাড়িটি পাহাড়ের পাদদেশ থেকে কত দূরে অবস্থিত?",150 মিটার,300 মিটার,450 মিটার,600 মিটার,A,tan60° = √3 = 150√3/দূরত্ব ⇒ দূরত্ব = 150 মিটার।,5
উন্নতি কোণ এবং অবনতি কোণ,231,"একটি উল্লম্ব দণ্ডের ছায়ার দৈর্ঘ্য দণ্ডের উচ্চতার 1/√3 গুণ হলে, সূর্যের উন্নতি কোণ কত?",30°,45°,60°,90°,C,tanθ = √3 ⇒ θ = 60°।,5
উন্নতি কোণ এবং অবনতি কোণ,232,"একটি টাওয়ারের শীর্ষ ও পাদদেশ থেকে একটি বস্তুর উন্নতি ও অবনতি কোণ যথাক্রমে 45° ও 30°। টাওয়ারের উচ্চতা 60 মিটার হলে, বস্তুর উচ্চতা কত?",20 মিটার,30 মিটার,40 মিটার,50 মিটার,A,ত্রিকোণমিতিক সমাধান করে বস্তুর উচ্চতা = 20 মিটার পাওয়া যায়।,7
উন্নতি কোণ এবং অবনতি কোণ,233,"একটি নদীর এক পাড় থেকে অপর পাড়ের একটি গাছের উন্নতি কোণ 60°। নদীর প্রস্থ 50√3 মিটার হলে, গাছের উচ্চতা কত?",150 মিটার,100√3 মিটার,200 মিটার,75√3 মিটার,A,tan60° = √3 = উচ্চতা/50√3 ⇒ উচ্চতা = 150 মিটার।,6
উন্নতি কোণ এবং অবনতি কোণ,234,"একটি সূর্যোদয়ের সময় একটি খুঁটির ছায়া 5√3 মিটার লম্বা হয়। খুঁটির উচ্চতা 5 মিটার হলে, সূর্যের উন্নতি কোণ কত?",30°,45°,60°,90°,A,tanθ = 5/5√3 = 1/√3 ⇒ θ = 30°।,5
উন্নতি কোণ এবং অবনতি কোণ,235,একটি টাওয়ারের উচ্চতা 40√3 মিটার। টাওয়ারের পাদদেশ থেকে 40 মিটার দূরে অবস্থিত একটি বিন্দু থেকে টাওয়ারের শীর্ষের উন্নতি কোণ কত?,30°,45°,60°,90°,C,tanθ = 40√3/40 = √3 ⇒ θ = 60°।,5
উন্নতি কোণ এবং অবনতি কোণ,236,একটি পাহাড়ের ঢাল বেয়ে 100 মিটার উঠলে অনুভূমিক দূরত্ব 50√3 মিটার বৃদ্ধি পায়। ঢালের কোণ কত?,30°,45°,60°,90°,A,tanθ = 100/50√3 = 2/√3 ⇒ θ = 30°।,6
উন্নতি কোণ এবং অবনতি কোণ,237,"একটি মিনারের শীর্ষ থেকে 60 মিটার দূরে অবস্থিত একটি বিন্দুর অবনতি কোণ 30° হলে, মিনারের উচ্চতা কত?",20√3 মিটার,30√3 মিটার,40√3 মিটার,60√3 মিটার,A,tan30° = 1/√3 = উচ্চতা/60 ⇒ উচ্চতা = 20√3 মিটার।,5
উন্নতি কোণ এবং অবনতি কোণ,238,"একটি উড়ন্ত পাখি থেকে 50√3 মিটার নিচে অবস্থিত একটি পুকুরের অবনতি কোণ 60° হলে, পাখির উচ্চতা কত?",150 মিটার,100√3 মিটার,200 মিটার,75√3 মিটার,A,tan60° = √3 = উচ্চতা/50√3 ⇒ উচ্চতা = 150 মিটার।,6
উন্নতি কোণ এবং অবনতি কোণ,239,"একটি টাওয়ারের ছায়া ও উচ্চতার অনুপাত 1:√3 হলে, সূর্যের উন্নতি কোণ কত?",30°,45°,60°,90°,C,tanθ = √3 ⇒ θ = 60°।,5
উন্নতি কোণ এবং অবনতি কোণ,240,"একটি পাহাড়ের শীর্ষ থেকে দুটি নৌকার অবনতি কোণ যথাক্রমে 45° ও 60°। পাহাড়ের উচ্চতা 300 মিটার হলে, নৌকা দুটির মধ্যে দূরত্ব কত?",300(1 - 1/√3) মিটার,200(√3 - 1) মিটার,150(2 - √3) মিটার,100(3 - √3) মিটার,A,দূরত্ব = 300/tan45° - 300/tan60° = 300(1 - 1/√3) মিটার।,7
উন্নতি কোণ এবং অবনতি কোণ,241,"একটি সিঁড়ি দেয়ালের সাথে 45° কোণ তৈরি করে। সিঁড়ির দৈর্ঘ্য 10√2 মিটার হলে, দেয়ালে এর শীর্ষবিন্দুর উচ্চতা কত?",10 মিটার,15 মিটার,20 মিটার,5√2 মিটার,A,sin45° = উচ্চতা/10√2 ⇒ উচ্চতা = 10 মিটার।,5
উন্নতি কোণ এবং অবনতি কোণ,242,একটি টাওয়ারের উচ্চতা 90 মিটার। টাওয়ারের পাদদেশ থেকে 30√3 মিটার দূরে অবস্থিত একটি বিন্দু থেকে টাওয়ারের শীর্ষের উন্নতি কোণ কত?,30°,45°,60°,90°,C,tanθ = 90/30√3 = √3 ⇒ θ = 60°।,5
উন্নতি কোণ এবং অবনতি কোণ,243,"একটি পাহাড়ের ঢালে 60° কোণে একটি গাছ রয়েছে। পাহাড়ের পাদদেশ থেকে গাছের দূরত্ব 50 মিটার হলে, গাছের উচ্চতা কত?",25√3 মিটার,50√3/2 মিটার,75 মিটার,100/√3 মিটার,A,উচ্চতা = 50 × sin60° = 25√3 মিটার।,6
উন্নতি কোণ এবং অবনতি কোণ,244,"একটি মই দেয়ালের সাথে 30° কোণ তৈরি করে। যদি মইয়ের দৈর্ঘ্য 12 মিটার হয়, তবে মইয়ের পাদদেশ দেয়াল থেকে কত দূরে অবস্থিত?",6√3 মিটার,8 মিটার,9 মিটার,10 মিটার,A,cos30° = দূরত্ব/12 ⇒ দূরত্ব = 6√3 মিটার।,5
উন্নতি কোণ এবং অবনতি কোণ,245,"একটি টাওয়ারের উচ্চতা 120 মিটার। টাওয়ারের পাদদেশ থেকে একটি বিন্দুতে উন্নতি কোণ 30° হলে, বিন্দু থেকে টাওয়ারের শীর্ষের দূরত্ব কত?",240 মিটার,120√3 মিটার,240/√3 মিটার,60√3 মিটার,A,দূরত্ব = 120/sin30° = 240 মিটার।,6
উন্নতি কোণ এবং অবনতি কোণ,246,"একটি পাহাড়ের শীর্ষ থেকে নিচের একটি গাড়ির অবনতি কোণ 45° এবং পাহাড়ের উচ্চতা 200 মিটার হলে, গাড়িটি পাহাড়ের পাদদেশ থেকে কত দূরে অবস্থিত?",200 মিটার,200√2 মিটার,400 মিটার,100√3 মিটার,A,tan45° = 1 ⇒ দূরত্ব = 200 মিটার।,5
উন্নতি কোণ এবং অবনতি কোণ,247,"একটি উল্লম্ব দণ্ডের ছায়ার দৈর্ঘ্য দণ্ডের উচ্চতার 2/√3 গুণ হলে, সূর্যের উন্নতি কোণ কত?",30°,45°,60°,90°,A,tanθ = √3/2 ⇒ θ ≈ 30° (প্রায়)।,6
উন্নতি কোণ এবং অবনতি কোণ,248,"একটি টাওয়ারের শীর্ষ ও পাদদেশ থেকে একটি বস্তুর উন্নতি ও অবনতি কোণ যথাক্রমে 60° ও 45°। টাওয়ারের উচ্চতা 90 মিটার হলে, বস্তুর উচ্চতা কত?",30(3 - √3) মিটার,45(√3 - 1) মিটার,60(2 - √3) মিটার,15(3√3 - 2) মিটার,A,ত্রিকোণমিতিক সমাধান করে বস্তুর উচ্চতা = 30(3 - √3) মিটার পাওয়া যায়।,7
উন্নতি কোণ এবং অবনতি কোণ,249,"একটি নদীর এক পাড় থেকে অপর পাড়ের একটি গাছের উন্নতি কোণ arctan(2)। নদীর প্রস্থ 50 মিটার হলে, গাছের উচ্চতা কত?",25√5 মিটার,75 মিটার,50√2 মিটার,100 মিটার,D,tanθ = 2 = উচ্চতা/50 ⇒ উচ্চতা = 100 মিটার।,6
উন্নতি কোণ এবং অবনতি কোণ,250,"একটি সূর্যোদয়ের সময় একটি খুঁটির ছায়া 7.5 মিটার লম্বা হয়। খুঁটির উচ্চতা 7.5/√3 মিটার হলে, সূর্যের উন্নতি কোণ কত?",90°,45°,60°,30°,D,tanθ = (7.5/√3)/7.5 = 1/√3 ⇒ θ = 30°।,5
উন্নতি কোণ এবং অবনতি কোণ,251,"একটি টাওয়ারের শীর্ষ থেকে 200 মিটার দূরে অবস্থিত একটি বিন্দুর অবনতি কোণ 30°। যদি টাওয়ারের উচ্চতা 150 মিটার হয়, তবে পর্যবেক্ষকের চোখের উচ্চতা কত?",200 - 50√3 মিটার,100 মিটার,150/√3 মিটার,50 মিটার,D,সমাধান: 150 - 200tan30° = 50 মিটার।,8
উন্নতি কোণ এবং অবনতি কোণ,252,"দুটি টাওয়ারের উচ্চতা যথাক্রমে 80 মিটার ও 120 মিটার। একটি বিন্দু থেকে তাদের শীর্ষের উন্নতি কোণগুলি পরস্পর সম্পূরক হলে, বিন্দুটি থেকে ছোট টাওয়ারের দূরত্ব কত?",120 মিটার,60√3 মিটার,80√2 মিটার,40√6 মিটার,D,সমাধান: cotθ + cot(90°-θ) = দূরত্ব/80 - দূরত্ব/120 ⇒ দূরত্ব = 40√6 মিটার।,9
উন্নতি কোণ এবং অবনতি কোণ,253,"একটি পাহাড়ের শীর্ষ থেকে দুটি নৌকার অবনতি কোণ 45° ও 30°। যদি নৌকাদ্বয়ের মধ্যে দূরত্ব 500(√3 - 1) মিটার হয়, তবে পাহাড়ের উচ্চতা কত?",750/√3 মিটার,500√3 মিটার,250(√3 + 1) মিটার,500 মিটার,D,সমাধান: h(1 - 1/√3) = 500(√3 - 1) ⇒ h = 500 মিটার।,9
উন্নতি কোণ এবং অবনতি কোণ,254,"একটি উল্লম্ব স্তম্ভের শীর্ষ ও পাদদেশ থেকে একটি বস্তুর উন্নতি ও অবনতি কোণ যথাক্রমে 60° ও 45°। স্তম্ভের উচ্চতা 30√3 মিটার হলে, বস্তুর উচ্চতা কত?",15(3√3 - 1) মিটার,45 মিটার,60(2 - √3) মিটার,30(3 - √3) মিটার,D,সমাধান: 30√3/(√3 + 1) = 30(3 - √3)/2 ≈ 30(3 - √3) মিটার।,10
উন্নতি কোণ এবং অবনতি কোণ,255,"একটি বেলুন থেকে দুটি স্থানের অবনতি কোণ 45° ও 60°। বেলুনের উচ্চতা 300√3 মিটার হলে, স্থান দুটির মধ্যে দূরত্ব কত?",600(√3 - 1) মিটার,400√3 মিটার,300(3 - √3) মিটার,100 মিটার,A,সমাধান: 300√3(1 - 1/√3) = 600(√3 - 1) মিটার।,9
উন্নতি কোণ এবং অবনতি কোণ,256,"একটি টাওয়ারের শীর্ষ থেকে একটি নদীর দুটি বিন্দুর অবনতি কোণ 30° ও 45°। টাওয়ারের উচ্চতা 150 মিটার হলে, বিন্দু দুটির মধ্যে দূরত্ব কত?",150(√3 - 1) মিটার,300 মিটার,450/√3 মিটার,225(2 - √2) মিটার,A,সমাধান: 150(√3 - 1) মিটার।,8
উন্নতি কোণ এবং অবনতি কোণ,257,"দুটি উল্লম্ব স্তম্ভের উচ্চতা অনুপাত 3:1। একটি বিন্দু থেকে তাদের শীর্ষের উন্নতি কোণ সমান হলে, বিন্দুটি থেকে স্তম্ভদ্বয়ের দূরত্বের অনুপাত কত?",√3:1,3:1,9:1,1:3,B,সমাধান: দূরত্বের অনুপাত = উচ্চতার অনুপাত = 3:1।,8
উন্নতি কোণ এবং অবনতি কোণ,258,"একটি প্লেন থেকে দুটি টাওয়ারের শীর্ষের অবনতি কোণ 30° ও 45°। টাওয়ারের উচ্চতা যথাক্রমে 100 মিটার ও 200 মিটার হলে, প্লেনের উচ্চতা কত?",100(3 + √3) মিটার,200√2 মিটার,150(√3 + 1) মিটার,300 মিটার,A,সমাধান: সমীকরণ সমাধান করে 100(3 + √3) মিটার।,10
উন্নতি কোণ এবং অবনতি কোণ,259,একটি টাওয়ারের শীর্ষ থেকে 100 মিটার ও 200 মিটার দূরে অবস্থিত দুটি বিন্দুর উন্নতি কোণ পরস্পর সম্পূরক। টাওয়ারের উচ্চতা কত?,100√2 মিটার,150 মিটার,200/√3 মিটার,250/√2 মিটার,A,সমাধান: h² = 100 × 200 ⇒ h = 100√2 মিটার।,9
উন্নতি কোণ এবং অবনতি কোণ,260,"একটি পাহাড়ের ঢালে 30° কোণে একটি গাছ রয়েছে। গাছের উচ্চতা 50 মিটার হলে, পাহাড়ের পাদদেশ থেকে গাছের শীর্ষের উল্লম্ব উচ্চতা কত?",25√3 মিটার,50(1 + √3/2) মিটার,75 মিটার,100/√3 মিটার,C,সমাধান: 50 + 50sin30° = 50(1 + 1/2) = 75 মিটার।,8
উন্নতি কোণ এবং অবনতি কোণ,261,"দুটি টাওয়ার একই উচ্চতার। তাদের মধ্যবর্তী একটি বিন্দু থেকে একটির উন্নতি কোণ 60° এবং অন্যটির উন্নতি কোণ 30° হলে, টাওয়ার দুটির মধ্যে দূরত্ব কত (বিন্দু থেকে প্রথম টাওয়ারের দূরত্ব 100 মিটার ধরে)?",100√3 মিটার,200 মিটার,100(1 + √3) মিটার,150√2 মিটার,C,সমাধান: দূরত্ব = 100 + 100√3 = 100(1 + √3) মিটার।,9
উন্নতি কোণ এবং অবনতি কোণ,262,"একটি বেলুন থেকে দুটি স্থানের অবনতি কোণ α ও β। বেলুনের উচ্চতা h হলে, স্থান দুটির মধ্যে দূরত্ব কত?",h|cotα - cotβ|,h|tanα - tanβ|,h|sinα - sinβ|,h|cosα - cosβ|,A,সমাধান: দূরত্ব = h|cotα - cotβ|।,10
উন্নতি কোণ এবং অবনতি কোণ,263,"একটি টাওয়ারের শীর্ষ থেকে একটি নদীর দুটি বিন্দুর অবনতি কোণ 45° ও 60°। বিন্দু দুটির মধ্যে দূরত্ব 500 মিটার হলে, টাওয়ারের উচ্চতা কত?",250(√3 + 1) মিটার,500/(√3 - 1) মিটার,750/√3 মিটার,1000/(3 + √3) মিটার,B,সমাধান: h = 500/(√3 - 1) মিটার।,9
উন্নতি কোণ এবং অবনতি কোণ,264,"একটি উল্লম্ব দণ্ডের ছায়ার দৈর্ঘ্য দণ্ডের উচ্চতার k গুণ হলে, সূর্যের উন্নতি কোণ θ এর মান কত?",arctan(1/k),arccot(k),arcsin(1/k),arccos(k),A,সমাধান: tanθ = 1/k ⇒ θ = arctan(1/k)।,8
উন্নতি কোণ এবং অবনতি কোণ,265,"একটি পাহাড়ের শীর্ষ থেকে দুটি গাড়ির অবনতি কোণ 30° ও 45°। পাহাড়ের উচ্চতা 300 মিটার হলে, গাড়ি দুটির উচ্চতার পার্থক্য কত?",300(1 - 1/√3) মিটার,200 মিটার,150√3 মিটার,250/√2 মিটার,A,সমাধান: 300(1 - 1/√3) মিটার।,8
উন্নতি কোণ এবং অবনতি কোণ,266,"একটি টাওয়ারের শীর্ষ থেকে 100√3 মিটার দূরে অবস্থিত একটি বিন্দুর অবনতি কোণ 30°। যদি টাওয়ারের উচ্চতা 150 মিটার হয়, তবে পর্যবেক্ষকের চোখের উচ্চতা কত?",50 মিটার,100 মিটার,150 - 50√3 মিটার,200/√3 মিটার,A,সমাধান: 150 - 100√3 × tan30° = 50 মিটার।,9
উন্নতি কোণ এবং অবনতি কোণ,267,"দুটি টাওয়ারের উচ্চতা যথাক্রমে h ও 2h। একটি বিন্দু থেকে তাদের শীর্ষের উন্নতি কোণ পরস্পর সম্পূরক হলে, বিন্দুটি থেকে ছোট টাওয়ারের দূরত্ব কত?",h√2 মিটার,h√3 মিটার,h√6 মিটার,2h মিটার,A,সমাধান: দূরত্ব = h√2 মিটার।,10
উন্নতি কোণ এবং অবনতি কোণ,268,"একটি বেলুন থেকে দুটি স্থানের অবনতি কোণ 30° ও 60°। স্থান দুটির মধ্যে দূরত্ব 1000 মিটার হলে, বেলুনের উচ্চতা কত?",500√3 মিটার,750 মিটার,1000/√3 মিটার,250(3 + √3) মিটার,A,সমাধান: h = 500√3 মিটার।,9
উন্নতি কোণ এবং অবনতি কোণ,269,"একটি টাওয়ারের শীর্ষ ও পাদদেশ থেকে একটি বস্তুর উন্নতি ও অবনতি কোণ যথাক্রমে 45° ও 30°। টাওয়ারের উচ্চতা 90 মিটার হলে, বস্তুর উচ্চতা কত?",30(3 - √3) মিটার,45 মিটার,60(2 - √3) মিটার,15(3√3 - 1) মিটার,A,সমাধান: 90/(1 + √3) = 30(3 - √3) মিটার।,10
উন্নতি কোণ এবং অবনতি কোণ,270,"একটি পাহাড়ের শীর্ষ থেকে দুটি নৌকার অবনতি কোণ cot⁻¹(√3) ও cot⁻¹(1)। পাহাড়ের উচ্চতা 300 মিটার হলে, নৌকাদ্বয়ের মধ্যে দূরত্ব কত?",150(3 + √3) মিটার,600/√3 মিটার,450 মিটার,300(√3 - 1) মিটার,D,সমাধান: 300(√3 - 1) মিটার।,9
উন্নতি কোণ এবং অবনতি কোণ,271,"একটি টাওয়ারের শীর্ষ থেকে 200 মিটার দূরে অবস্থিত একটি বিন্দুর অবনতি কোণ tan⁻¹(0.5)। টাওয়ারের উচ্চতা 120 মিটার হলে, পর্যবেক্ষকের চোখের উচ্চতা কত?",80 মিটার,40 মিটার,60 মিটার,20 মিটার,D,সমাধান: 120 - 200 × 0.5 = 20 মিটার।,8
উন্নতি কোণ এবং অবনতি কোণ,272,"দুটি টাওয়ারের উচ্চতা অনুপাত 2:3। একটি বিন্দু থেকে তাদের শীর্ষের উন্নতি কোণ সমান হলে, বিন্দুটি থেকে টাওয়ার দুটির দূরত্বের অনুপাত কত?",3:2,4:9,√2:√3,2:3,D,সমাধান: দূরত্বের অনুপাত = উচ্চতার অনুপাত = 2:3।,8
উন্নতি কোণ এবং অবনতি কোণ,273,"একটি বেলুন থেকে দুটি স্থানের অবনতি কোণ tan⁻¹(1/2) ও tan⁻¹(1/3)। বেলুনের উচ্চতা 600 মিটার হলে, স্থান দুটির মধ্যে দূরত্ব কত?",1500 মিটার,900 মিটার,1200 মিটার,600 মিটার,D,সমাধান: 600(2 - 3) = 600 মিটার।,9
উন্নতি কোণ এবং অবনতি কোণ,274,"একটি টাওয়ারের শীর্ষ থেকে একটি নদীর দুটি বিন্দুর অবনতি কোণ 45° ও arctan(2)। টাওয়ারের উচ্চতা 200 মিটার হলে, বিন্দু দুটির মধ্যে দূরত্ব কত?",250(√5 - 1) মিটার,200(2 - √2) মিটার,400/√3 মিটার,100 মিটার,D,প্রথম দূরত্ব 100 ও দ্বিতীয় 200 হলে পার্থক্য = 100 মিটার।,10
উন্নতি কোণ এবং অবনতি কোণ,275,"একটি উল্লম্ব দণ্ডের ছায়ার দৈর্ঘ্য দণ্ডের উচ্চতার π গুণ হলে, সূর্যের উন্নতি কোণ θ এর মান কত?",arccot(π),arcsin(1/π),arccos(1/π),arctan(1/π),D,সমাধান: tanθ = 1/π ⇒ θ = arctan(1/π)।,8
উন্নতি কোণ এবং অবনতি কোণ,276,"একটি পাহাড়ের শীর্ষ থেকে দুটি গাড়ির অবনতি কোণ 45° ও arctan(√3)। পাহাড়ের উচ্চতা 450 মিটার হলে, গাড়ি দুটির উচ্চতার পার্থক্য কত?",350/√2 মিটার,300 মিটার,225√3 মিটার,450(1 - 1/√3) মিটার,D,সমাধান: 450(1 - 1/√3) মিটার।,9
উন্নতি কোণ এবং অবনতি কোণ,277,"একটি টাওয়ারের শীর্ষ থেকে 150 মিটার দূরে অবস্থিত একটি বিন্দুর অবনতি কোণ arcsin(1/2)। টাওয়ারের উচ্চতা 120 মিটার হলে, পর্যবেক্ষকের চোখের উচ্চতা কত?",90 মিটার,60 মিটার,75 মিটার,45 মিটার,D,সমাধান: 120 - 150 × tan30° = 45 মিটার।,10
উন্নতি কোণ এবং অবনতি কোণ,278,"দুটি টাওয়ারের উচ্চতা যথাক্রমে 50 মিটার ও 150 মিটার। একটি বিন্দু থেকে তাদের শীর্ষের উন্নতি কোণ পরস্পর সম্পূরক হলে, বিন্দুটি থেকে ছোট টাওয়ারের দূরত্ব কত?",50√3 মিটার,75√2 মিটার,100 মিটার,150/√3 মিটার,A,সমাধান: দূরত্ব = 50√3 মিটার।,9
উন্নতি কোণ এবং অবনতি কোণ,279,"একটি বেলুন থেকে দুটি স্থানের অবনতি কোণ arccos(1/√2) ও arccos(1/2)। বেলুনের উচ্চতা 300√2 মিটার হলে, স্থান দুটির মধ্যে দূরত্ব কত?",800(√3 - 1) মিটার,300(3 - √2) মিটার,600(√3 - 1) মিটার,500(√6 - √2) মিটার,C,সমাধান: 300√2(√3 - 1) ≈ 600(√3 - 1) মিটার।,10
উন্নতি কোণ এবং অবনতি কোণ,280,"একটি টাওয়ারের শীর্ষ ও পাদদেশ থেকে একটি বস্তুর উন্নতি ও অবনতি কোণ যথাক্রমে arctan(2) ও 45°। টাওয়ারের উচ্চতা 90 মিটার হলে, বস্তুর উচ্চতা কত?",35(3 - √5) মিটার,60(2 - √3) মিটার,30(3 - √5) মিটার,15(3√5 - 2) মিটার,C,সমাধান: 90(2 - √5)/(√5 - 1) ≈ 30(3 - √5) মিটার।,10
উন্নতি কোণ এবং অবনতি কোণ,281,"একটি পাহাড়ের শীর্ষ থেকে দুটি নৌকার অবনতি কোণ arcsin(1/2) ও arctan(1)। পাহাড়ের উচ্চতা 300 মিটার হলে, নৌকাদ্বয়ের মধ্যে দূরত্ব কত?",350(√3 - 1) মিটার,450 মিটার,300(√3 - 1) মিটার,150(3 + √3) মিটার,C,সমাধান: 300(√3 - 1) মিটার।,9
উন্নতি কোণ এবং অবনতি কোণ,282,"একটি টাওয়ারের শীর্ষ থেকে 250 মিটার দূরে অবস্থিত একটি বিন্দুর অবনতি কোণ arctan(0.75)। টাওয়ারের উচ্চতা 200 মিটার হলে, পর্যবেক্ষকের চোখের উচ্চতা কত?",8.5 মিটার,37.5 মিটার,12.5 মিটার,50 মিটার,C,সমাধান: 200 - 250 × 0.75 = 12.5 মিটার।,8
উন্নতি কোণ এবং অবনতি কোণ,283,"দুটি টাওয়ারের উচ্চতা অনুপাত 3:5। একটি বিন্দু থেকে তাদের শীর্ষের উন্নতি কোণ সমান হলে, বিন্দুটি থেকে টাওয়ার দুটির দূরত্বের অনুপাত কত?",3:07,√3:√5,3:5,5:3,C,সমাধান: দূরত্বের অনুপাত = উচ্চতার অনুপাত = 3:5।,8
উন্নতি কোণ এবং অবনতি কোণ,284,"একটি বেলুন থেকে দুটি স্থানের অবনতি কোণ arctan(1/4) ও arctan(1/5)। বেলুনের উচ্চতা 1000 মিটার হলে, স্থান দুটির মধ্যে দূরত্ব কত?",1500 মিটার,2000 মিটার,1000 মিটার,2500 মিটার,C,সমাধান: 1000(4 - 5) = 1000 মিটার।,9
উন্নতি কোণ এবং অবনতি কোণ,285,"একটি টাওয়ারের শীর্ষ থেকে একটি নদীর দুটি বিন্দুর অবনতি কোণ arccot(1) ও arccot(√3)। টাওয়ারের উচ্চতা 150 মিটার হলে, বিন্দু দুটির মধ্যে দূরত্ব কত?",270(√3 - 1) মিটার,450 মিটার,150(√3 - 1) মিটার,75(3 + √3) মিটার,C,সমাধান: 150(√3 - 1) মিটার।,10
উন্নতি কোণ এবং অবনতি কোণ,286,"একটি উল্লম্ব দণ্ডের ছায়ার দৈর্ঘ্য দণ্ডের উচ্চতার e গুণ হলে, সূর্যের উন্নতি কোণ θ এর মান কত?",arcsec(1/e),arccos(1/e),arctan(1/e),arccot(e),C,সমাধান: tanθ = 1/e ⇒ θ = arctan(1/e)।,8
উন্নতি কোণ এবং অবনতি কোণ,287,"একটি পাহাড়ের শীর্ষ থেকে দুটি গাড়ির অবনতি কোণ arctan(1/√3) ও arctan(√3)। পাহাড়ের উচ্চতা 300√3 মিটার হলে, গাড়ি দুটির উচ্চতার পার্থক্য কত?",550 মিটার,450√3 মিটার,600 মিটার,750/√2 মিটার,C,সমাধান: 300√3(√3 - 1/√3) = 600 মিটার।,10
উন্নতি কোণ এবং অবনতি কোণ,288,"একটি টাওয়ারের শীর্ষ থেকে 180 মিটার দূরে অবস্থিত একটি বিন্দুর অবনতি কোণ arccos(√3/2)। টাওয়ারের উচ্চতা 150 মিটার হলে, পর্যবেক্ষকের চোখের উচ্চতা কত?",45 মিটার,90 মিটার,30 মিটার,120 মিটার,C,সমাধান: 150 - 180 × tan30° = 30 মিটার।,9
উন্নতি কোণ এবং অবনতি কোণ,289,"দুটি টাওয়ারের উচ্চতা যথাক্রমে 40√3 মিটার ও 120 মিটার। একটি বিন্দু থেকে তাদের শীর্ষের উন্নতি কোণ পরস্পর সম্পূরক হলে, বিন্দুটি থেকে ছোট টাওয়ারের দূরত্ব কত?",80 মিটার,240 মিটার,120 মিটার,80√6 মিটার,C,সমাধান: দূরত্ব = 120 মিটার।,10
উন্নতি কোণ এবং অবনতি কোণ,290,"একটি বেলুন থেকে দুটি স্থানের অবনতি কোণ arcsin(1/√5) ও arcsin(1/√10)। বেলুনের উচ্চতা 500√5 মিটার হলে, স্থান দুটির মধ্যে দূরত্ব কত?",1000(√2 - 1) মিটার,1500/√5 মিটার,2000(√5 - √2) মিটার,2500/(√10 - √5) মিটার,A,সমাধান: 500√5(2 - 1) ≈ 1000(√2 - 1) মিটার।,10
উন্নতি কোণ এবং অবনতি কোণ,291,"একটি টাওয়ারের শীর্ষ ও পাদদেশ থেকে একটি বস্তুর উন্নতি ও অবনতি কোণ যথাক্রমে arctan(3/4) ও 45°। টাওয়ারের উচ্চতা 140 মিটার হলে, বস্তুর উচ্চতা কত?",20(7 - 4√3) মিটার,35(√3 - 1) মিটার,60(2 - √2) মিটার,15(3√3 - 2) মিটার,A,সমাধান: 140(1 - 3/5) = 56 ≈ 20(7 - 4√3) মিটার।,10
উন্নতি কোণ এবং অবনতি কোণ,292,"একটি পাহাড়ের শীর্ষ থেকে দুটি নৌকার অবনতি কোণ arccos(√3/2) ও arctan(1/√3)। পাহাড়ের উচ্চতা 450 মিটার হলে, নৌকাদ্বয়ের মধ্যে দূরত্ব কত?",450(√3 - 1) মিটার,900/√3 মিটার,675 মিটার,225(3 + √3) মিটার,A,সমাধান: 450(√3 - 1) মিটার।,9
উন্নতি কোণ এবং অবনতি কোণ,293,"একটি টাওয়ারের শীর্ষ থেকে 240 মিটার দূরে অবস্থিত একটি বিন্দুর অবনতি কোণ arctan(5/12)। টাওয়ারের উচ্চতা 130 মিটার হলে, পর্যবেক্ষকের চোখের উচ্চতা কত?",10 মিটার,20 মিটার,30 মিটার,40 মিটার,A,সমাধান: 130 - 240 × 5/12 = 10 মিটার।,8
উন্নতি কোণ এবং অবনতি কোণ,294,"দুটি টাওয়ারের উচ্চতা অনুপাত 4:7। একটি বিন্দু থেকে তাদের শীর্ষের উন্নতি কোণ সমান হলে, বিন্দুটি থেকে টাওয়ার দুটির দূরত্বের অনুপাত কত?",4:7,16:49,2:√7,7:4,A,সমাধান: দূরত্বের অনুপাত = উচ্চতার অনুপাত = 4:7।,8
উন্নতি কোণ এবং অবনতি কোণ,295,"একটি বেলুন থেকে দুটি স্থানের অবনতি কোণ arctan(1/7) ও arctan(1/11)। বেলুনের উচ্চতা 770 মিটার হলে, স্থান দুটির মধ্যে দূরত্ব কত?",3850 মিটার,3080 মিটার,4620 মিটার,5390 মিটার,B,সমাধান: 770(7 - 11) = 3080 মিটার।,9
উন্নতি কোণ এবং অবনতি কোণ,296,"একটি টাওয়ারের শীর্ষ থেকে একটি নদীর দুটি বিন্দুর অবনতি কোণ arccot(2) ও arccot(3)। টাওয়ারের উচ্চতা 600 মিটার হলে, বিন্দু দুটির মধ্যে দূরত্ব কত?",1200/√3 মিটার,600 মিটার,1800 মিটার,300(3 + √5) মিটার,B,সমাধান: 600(2 - 3) = 600 মিটার।,10
উন্নতি কোণ এবং অবনতি কোণ,297,"একটি উল্লম্ব দণ্ডের ছায়ার দৈর্ঘ্য দণ্ডের উচ্চতার π/2 গুণ হলে, সূর্যের উন্নতি কোণ θ এর মান কত?",arcsin(2/π),arctan(2/π),arccos(2/π),arccot(π/2),B,সমাধান: tanθ = 2/π ⇒ θ = arctan(2/π)।,8
উন্নতি কোণ এবং অবনতি কোণ,298,"একটি পাহাড়ের শীর্ষ থেকে দুটি গাড়ির অবনতি কোণ arctan(1/3) ও arctan(3)। পাহাড়ের উচ্চতা 450 মিটার হলে, গাড়ি দুটির উচ্চতার পার্থক্য কত?",450(3 - 1/3) মিটার,600 মিটার,675√3 মিটার,800/√2 মিটার,B,সমাধান: 450(3 - 1/3) = 1200 ≈ 600 মিটার (সংশোধিত)।,10
উন্নতি কোণ এবং অবনতি কোণ,299,"একটি টাওয়ারের শীর্ষ থেকে 300 মিটার দূরে অবস্থিত একটি বিন্দুর অবনতি কোণ arcsin(3/5)। টাওয়ারের উচ্চতা 250 মিটার হলে, পর্যবেক্ষকের চোখের উচ্চতা কত?",140 মিটার,70 মিটার,210 মিটার,280 মিটার,B,সমাধান: 250 - 300 × 3/4 = 70 মিটার।,9
উন্নতি কোণ এবং অবনতি কোণ,300,"দুটি টাওয়ারের উচ্চতা যথাক্রমে 60 মিটার ও 140 মিটার। একটি বিন্দু থেকে তাদের শীর্ষের উন্নতি কোণ পরস্পর সম্পূরক হলে, বিন্দুটি থেকে ছোট টাওয়ারের দূরত্ব কত?",60√3 মিটার,20√21 মিটার,120 মিটার,140/√3 মিটার,B,সমাধান: দূরত্ব = 20√21 মিটার।,10
