Subtopic,Question Number,Question,Option A,Option B,Option C,Option D,Correct Answer,Explanation,Difficulty
বীজগাণিতিক সূত্র,1,(2x + 3y)^2 এর মান কত?,4x^2 + 9y^2,4x^2 + 12xy + 9y^2,4x^2 + 6xy + 9y^2,16x^2 + 9y^2,B,"(a + b)^2 = a^2 + 2ab + b^2 সূত্র ব্যবহার করে, এখানে a = 2x এবং b = 3y। তাই, (2x + 3y)^2 = (2x)^2 + 2(2x)(3y) + (3y)^2 = 4x^2 + 12xy + 9y^2।",1
বীজগাণিতিক সূত্র,2,(5a - 2b)^2 এর মান কত?,25a^2 - 20ab + 4b^2,25a^2 + 20ab + 4b^2,25a^2 - 10ab + 4b^2,25a^2 + 4b^2,A,"(a - b)^2 = a^2 - 2ab + b^2 সূত্র ব্যবহার করে, এখানে a = 5a এবং b = 2b। তাই, (5a - 2b)^2 = (5a)^2 - 2(5a)(2b) + (2b)^2 = 25a^2 - 20ab + 4b^2।",1
বীজগাণিতিক সূত্র,3,(a + b)^2 - (a - b)^2 এর সরলীকৃত মান কত?,4ab,2ab,a^2 + b^2,2a^2 + 2b^2,A,(a + b)^2 - (a - b)^2 = (a^2 + 2ab + b^2) - (a^2 - 2ab + b^2) = 4ab।,2
বীজগাণিতিক সূত্র,4,(3x + y + 2z)^2 এর মান কত?,9x^2 + y^2 + 4z^2 + 6xy + 12xz + 4yz,9x^2 + y^2 + 4z^2,9x^2 + y^2 + 4z^2 + 6xy + 4yz,9x^2 + y^2 + 4z^2 + 12xz + 4yz,A,"(a + b + c)^2 = a^2 + b^2 + c^2 + 2ab + 2bc + 2ca সূত্র ব্যবহার করে, এখানে a = 3x, b = y, c = 2z। তাই, (3x + y + 2z)^2 = (3x)^2 + y^2 + (2z)^2 + 2(3x)(y) + 2(y)(2z) + 2(3x)(2z) = 9x^2 + y^2 + 4z^2 + 6xy + 4yz + 12xz।",3
বীজগাণিতিক সূত্র,5,"যদি a^2 + b^2 = 25 এবং ab = 12 হয়, তবে (a + b)^2 এর মান কত?",49,37,25,13,A,"(a + b)^2 = a^2 + b^2 + 2ab। দেওয়া আছে a^2 + b^2 = 25 এবং ab = 12। তাই, (a + b)^2 = 25 + 2(12) = 25 + 24 = 49।",2
বীজগাণিতিক সূত্র,6,"যদি (a + b + c)^2 = 36 এবং a^2 + b^2 + c^2 = 16 হয়, তবে ab + bc + ca এর মান কত?",10,20,36,16,A,"(a + b + c)^2 = a^2 + b^2 + c^2 + 2(ab + bc + ca)। দেওয়া আছে (a + b + c)^2 = 36 এবং a^2 + b^2 + c^2 = 16। তাই, 36 = 16 + 2(ab + bc + ca)। অতএব, 2(ab + bc + ca) = 36 - 16 = 20, তাই ab + bc + ca = 20/2 = 10।",3
বীজগাণিতিক সূত্র,7,"যদি (a + b)^2 = 49 এবং (a - b)^2 = 25 হয়, তবে ab এর মান কত?",6,12,24,10,A,"(a + b)^2 = 49 এবং (a - b)^2 = 25। তাই, (a + b)^2 - (a - b)^2 = 49 - 25 = 24। আমরা জানি, (a + b)^2 - (a - b)^2 = 4ab। অতএব, 4ab = 24, তাই ab = 24/4 = 6।",4
বীজগাণিতিক সূত্র,8,(2x + 3y)^3 এর মান কত?,8x^3 + 36x^2y + 54xy^2 + 27y^3,8x^3 + 12x^2y + 18xy^2 + 27y^3,8x^3 + 27y^3,8x^3 + 24x^2y + 54xy^2 + 27y^3,A,"(a + b)^3 = a^3 + 3a^2b + 3ab^2 + b^3 সূত্র ব্যবহার করে, এখানে a = 2x এবং b = 3y। তাই, (2x + 3y)^3 = (2x)^3 + 3(2x)^2(3y) + 3(2x)(3y)^2 + (3y)^3 = 8x^3 + 36x^2y + 54xy^2 + 27y^3।",3
বীজগাণিতিক সূত্র,9,(x - 2y)^3 এর মান কত?,x^3 - 6x^2y + 12xy^2 - 8y^3,x^3 - 2xy + 8y^3,x^3 - 8y^3,x^3 - 6x^2y + 12xy^2 - 2y^3,A,"(a - b)^3 = a^3 - 3a^2b + 3ab^2 - b^3 সূত্র ব্যবহার করে, এখানে a = x এবং b = 2y। তাই, (x - 2y)^3 = x^3 - 3x^2(2y) + 3x(2y)^2 - (2y)^3 = x^3 - 6x^2y + 12xy^2 - 8y^3।",3
বীজগাণিতিক সূত্র,10,"যদি x + y = 7 এবং xy = 12 হয়, তবে x^3 + y^3 এর মান কত?",217,91,49,343,B,"x^3 + y^3 = (x + y)^3 - 3xy(x + y)। দেওয়া আছে x + y = 7 এবং xy = 12। তাই, x^3 + y^3 = (7)^3 - 3(12)(7) = 343 - 252 = 91।",4
বীজগাণিতিক সূত্র,11,"যদি a^2 + b^2 = 13 এবং ab = 6 হয়, তবে a^4 + b^4 এর মান কত?",97,169,121,73,A,"a^4 + b^4 = (a^2 + b^2)^2 - 2a^2b^2। দেওয়া আছে a^2 + b^2 = 13 এবং ab = 6, তাই a^2b^2 = (ab)^2 = 36। অতএব, a^4 + b^4 = (13)^2 - 2(36) = 169 - 72 = 97।",5
বীজগাণিতিক সূত্র,12,(a + b + c + d)^2 এর মান কত?,a^2 + b^2 + c^2 + d^2 + 2ab + 2ac + 2ad + 2bc + 2bd + 2cd,a^2 + b^2 + c^2 + d^2 + ab + ac + ad + bc + bd + cd,a^2 + b^2 + c^2 + d^2,a^2 + b^2 + c^2 + d^2 + 4ab + 4ac + 4ad + 4bc + 4bd + 4cd,A,(a + b + c + d)^2 = (a + b)^2 + 2(a + b)(c + d) + (c + d)^2 = a^2 + b^2 + c^2 + d^2 + 2ab + 2ac + 2ad + 2bc + 2bd + 2cd।,4
বীজগাণিতিক সূত্র,13,(5x + 7y + 3z)^2 + 2(7x - 7y - 3z)(5x + 7y + 3z) + (7x - 7y - 3z)^2 সরল করুন।,144x^2,100x^2,196x^2,225x^2,A,ধরি a = 5x + 7y + 3z এবং b = 7x - 7y - 3z। তাহলে প্রকাশটি হয় a^2 + 2ab + b^2 = (a + b)^2 = (5x + 7y + 3z + 7x - 7y - 3z)^2 = (12x)^2 = 144x^2।,6
বীজগাণিতিক সূত্র,14,"যদি x - y = 2 এবং xy = 24 হয়, তবে x + y এর মান কত?",10,8,6,12,A,"(x + y)^2 = (x - y)^2 + 4xy = (2)^2 + 4(24) = 4 + 96 = 100। তাই, x + y = ±√100 = ±10। যেহেতু x + y ধনাত্মক হতে হবে (কারণ xy = 24 ধনাত্মক), তাই x + y = 10।",5
বীজগাণিতিক সূত্র,15,"যদি a^4 + a^2b^2 + b^4 = 3 এবং a^2 + ab + b^2 = 3 হয়, তবে a^2 + b^2 এর মান কত?",2,3,1,4,A,"a^4 + a^2b^2 + b^4 = (a^2 + b^2)^2 - (ab)^2 = (a^2 + ab + b^2)(a^2 - ab + b^2)। দেওয়া আছে a^4 + a^2b^2 + b^4 = 3 এবং a^2 + ab + b^2 = 3, তাই 3 = 3(a^2 - ab + b^2), অতএব a^2 - ab + b^2 = 1। এখন a^2 + ab + b^2 = 3 এবং a^2 - ab + b^2 = 1 যোগ করলে, আমরা পাই 2(a^2 + b^2) = 4, তাই a^2 + b^2 = 2।",7
বীজগাণিতিক সূত্র,16,প্রমাণ করুন যে (a + b)^4 - (a - b)^4 = 8ab(a^2 + b^2)। যখন a = 2 এবং b = 1 হয় তখন এই প্রকাশের মান কত?,24,32,40,48,A,"(a + b)^4 - (a - b)^4 = [(a + b)^2 + (a - b)^2][(a + b)^2 - (a - b)^2] = 2(a^2 + b^2) × 4ab = 8ab(a^2 + b^2)। a = 2, b = 1 এর জন্য, আমরা পাই 8(2)(1)(2^2 + 1^2) = 8(2)(1)(5) = 24।",6
বীজগাণিতিক সূত্র,17,"যদি a + b + c = 15 এবং a^2 + b^2 + c^2 = 83 হয়, তবে ab + bc + ca এর মান কত?",71,83,15,31,A,"2(ab + bc + ca) = (a + b + c)^2 - (a^2 + b^2 + c^2) = (15)^2 - 83 = 225 - 83 = 142। তাই, ab + bc + ca = 142/2 = 71।",5
বীজগাণিতিক সূত্র,18,"যদি a + b + c = 2 এবং ab + bc + ca = 1 হয়, তবে (a + b)^2 + (b + c)^2 + (c + a)^2 এর মান কত?",6,8,4,10,A,(a + b)^2 + (b + c)^2 + (c + a)^2 = (a + b + c)^2 + (a + b + c)^2 - 2(ab + bc + ca) = (2)^2 + (2)^2 - 2(1) = 4 + 4 - 2 = 6।,6
বীজগাণিতিক সূত্র,19,(2x + 3y)(4x - 5y) কে দুটি বর্গের পার্থক্য হিসেবে প্রকাশ করুন।,(3x - y)^2 - (4y - x)^2,(3x + y)^2 - (4y + x)^2,(3x - y)^2 - (4y + x)^2,(3x + y)^2 - (4y - x)^2,A,"ধরি a = 2x + 3y, b = 4x - 5y। ab = [(a + b)/2]^2 - [(a - b)/2]^2 ব্যবহার করে, আমরা পাই (2x + 3y)(4x - 5y) = [(6x - 2y)/2]^2 - [(8y - 2x)/2]^2 = (3x - y)^2 - (4y - x)^2।",7
বীজগাণিতিক সূত্র,20,"যদি x = √3 + √2 হয়, তবে x^3 + 1/x^3 এর মান কত?",18√3,12√3,6√3,24√3,A,"1/x = 1/(√3 + √2) = (√3 - √2)/(3 - 2) = √3 - √2। তাই, x + 1/x = (√3 + √2) + (√3 - √2) = 2√3। তারপর, x^3 + 1/x^3 = (x + 1/x)^3 - 3(x + 1/x) = (2√3)^3 - 3(2√3) = 8(3√3) - 6√3 = 24√3 - 6√3 = 18√3।",8
বীজগাণিতিক সূত্র,21,"যদি x + y = 5, xy = 6, এবং x > y হয়, তবে 2(x^2 + y^2) এর মান কত?",26,20,14,32,A,2(x^2 + y^2) = 2[(x + y)^2 - 2xy] = 2[(5)^2 - 2(6)] = 2(25 - 12) = 2(13) = 26।,4
বীজগাণিতিক সূত্র,22,"যদি x + y = 5, xy = 6, এবং x > y হয়, তবে x^3 - y^3 - 3(x^2 + y^2) এর মান কত?",-20,-10,0,10,A,"x - y = √[(x + y)^2 - 4xy] = √[25 - 24] = 1। Q21 থেকে, 2(x^2 + y^2) = 26, তাই x^2 + y^2 = 13। তাহলে, x^3 - y^3 - 3(x^2 + y^2) = (x - y)^3 + 3xy(x - y) - 3(13) = (1)^3 + 3(6)(1) - 3(13) = 1 + 18 - 39 = -20।",6
বীজগাণিতিক সূত্র,23,"যদি x + y = 5, xy = 6, এবং x > y হয়, তবে x^5 + y^5 এর মান কত?",275,243,32,515,A,"Q22 থেকে, x - y = 1। x + y = 5 এবং x - y = 1 সমাধান করে, আমরা পাই x = 3, y = 2। তাই, x^5 + y^5 = 3^5 + 2^5 = 243 + 32 = 275।",7
বীজগাণিতিক সূত্র,24,(5x + 2y)^2 এর মান কত?,25x^2 + 20xy + 4y^2,25x^2 + 4y^2,25x^2 + 10xy + 4y^2,25x^2 - 20xy + 4y^2,A,"(a + b)^2 = a^2 + 2ab + b^2 সূত্র ব্যবহার করে, এখানে a = 5x এবং b = 2y, আমরা পাই (5x + 2y)^2 = (5x)^2 + 2(5x)(2y) + (2y)^2 = 25x^2 + 20xy + 4y^2।",1
বীজগাণিতিক সূত্র,25,"যদি a + 1/a = 5 হয়, তবে a^2 + 1/a^2 + a^4 + 1/a^4 এর মান কত?",527,479,431,548,D,"a^2 + 1/a^2 = (a + 1/a)^2 - 2 = (5)^2 - 2 = 23। তারপর, a^4 + 1/a^4 = (a^2 + 1/a^2)^2 - 2 = (23)^2 - 2 = 527 - 2 = 525। মোট = 23 + 525 = 548।",10
বীজগাণিতিক সূত্র,26,"যদি x + y = 5, xy = 6, এবং x > y হয়, তবে x^3 - y^3 - 3(x^2 + y^2) এর মান কত?",0,10,-20,-28,C,"x - y = √[(x + y)^2 - 4xy] = √[25 - 24] = 1। Q121 থেকে, 2(x^2 + y^2) = 26, তাই x^2 + y^2 = 13। x^3 - y^3 = (x - y)[(x - y)^2 + 3xy] = 1(1 + 18) = 19। তাই, x^3 - y^3 - 3(x^2 + y^2) = 19 - 3(13) = 19 - 39 = -20।",7
বীজগাণিতিক সূত্র,27,"যদি a + b = 9m এবং ab = 18m^2 হয়, তবে a - b এর মান কত?",3m,5m,7m,9m,A,"(a - b)^2 = (a + b)^2 - 4ab = (9m)^2 - 4(18m^2) = 81m^2 - 72m^2 = 9m^2। তাই, a - b = ±√(9m^2) = ±3m। যেহেতু a - b ধনাত্মক বা ঋণাত্মক হতে পারে, আমরা স্ট্যান্ডার্ড কনভেনশন অনুযায়ী ধনাত্মক মান নিই: 3m।",5
বীজগাণিতিক সূত্র,28,"যদি x - 1/x = 4 হয়, তবে x^4 + 1/x^4 এর মান কত?",322,194,130,66,A,"x^2 + 1/x^2 = (x - 1/x)^2 + 2 = (4)^2 + 2 = 18। তারপর, (x^2 + 1/x^2)^2 = x^4 + 2 + 1/x^4 = (18)^2 = 324। তাই, x^4 + 1/x^4 = 324 - 2 = 322।",7
বীজগাণিতিক সূত্র,29,"যদি 2x + 2/x = 3 হয়, তবে x^2 + 1/x^2 এর মান কত?",5/4,7/4,9/4,11/4,A,"(2x + 2/x)^2 = (2x)^2 + 4 + (2/x)^2 = 4(x^2 + 1/x^2) + 4 = (3)^2 = 9। তাই, 4(x^2 + 1/x^2) + 4 = 9, অতএব 4(x^2 + 1/x^2) = 5, এবং x^2 + 1/x^2 = 5/4।",6
বীজগাণিতিক সূত্র,30,"যদি a + 1/a = 2 হয়, তবে a^2 + 1/a^2 + a^4 + 1/a^4 এর মান কত?",8,6,4,2,C,"a^2 + 1/a^2 = (a + 1/a)^2 - 2 = (2)^2 - 2 = 2। তারপর, a^4 + 1/a^4 = (a^2 + 1/a^2)^2 - 2 = (2)^2 - 2 = 2। তাই, a^2 + 1/a^2 + a^4 + 1/a^4 = 2 + 2 = 4। প্রশ্নটি সমতা দেখতে বলে, কিন্তু মান গণনা করে: 2 + 2 = 4।",8
উৎপাদকে বিশ্লেষণ,31,3a^2b + 6ab^2 + 12a^2b^2 কে উৎপাদকে বিশ্লেষণ করুন।,3ab(a + 2b + 4ab),ab(3a + 6b + 12ab),3a^2b(1 + 2b + 4b^2),ab(a + b + ab),A,"প্রতিটি পদে 3, a এবং b সাধারণ উৎপাদক রয়েছে। 3ab উৎপাদক হিসেবে বের করে, আমরা পাই 3ab(a + 2b + 4ab)।",1
উৎপাদকে বিশ্লেষণ,32,2ab(x - y) + 2bc(x - y) + 3ca(x - y) কে উৎপাদকে বিশ্লেষণ করুন।,(x - y)(2ab + 2bc + 3ca),(x + y)(2ab + 2bc + 3ca),(x - y)(2ab + 2bc + 3ca)^2,(x - y)(ab + bc + ca),A,প্রতিটি পদ থেকে সাধারণ পদ (x - y) উৎপাদক হিসেবে বের করুন: (x - y)(2ab + 2bc + 3ca)।,2
উৎপাদকে বিশ্লেষণ,33,4x^2 + 12x + 9 কে উৎপাদকে বিশ্লেষণ করুন।,(2x + 3)^2,(4x + 3)^2,(2x + 9)^2,(x + 3)^2,A,এটি একটি পূর্ণবর্গ: 4x^2 + 12x + 9 = (2x)^2 + 2(2x)(3) + (3)^2 = (2x + 3)^2।,3
উৎপাদকে বিশ্লেষণ,34,9x^2 - 30xy + 25y^2 কে উৎপাদকে বিশ্লেষণ করুন।,(3x - 5y)^2,(9x - 5y)^2,(3x + 5y)^2,(x - 5y)^2,A,এটি একটি পূর্ণবর্গ: 9x^2 - 30xy + 25y^2 = (3x)^2 - 2(3x)(5y) + (5y)^2 = (3x - 5y)^2।,3
উৎপাদকে বিশ্লেষণ,35,a^2 - 1 + 2b - b^2 কে উৎপাদকে বিশ্লেষণ করুন।,(a + b - 1)(a - b + 1),(a - b - 1)(a + b + 1),(a + b)(a - b),(a + 1)(a - 1),A,পুনর্বিন্যাস করুন: a^2 - 1 + 2b - b^2 = a^2 - (b^2 - 2b + 1) = a^2 - (b - 1)^2 = (a + b - 1)(a - b + 1)।,4
উৎপাদকে বিশ্লেষণ,36,a^4 + 64b^4 কে উৎপাদকে বিশ্লেষণ করুন।,(a + 2b)(a - 2b)(a^2 + 4b^2),(a^2 + 8b^2 + 4ab)(a^2 + 8b^2 - 4ab),(a^2 + 2b^2)^2 - (4ab)^2,(a + 4b)(a - 4b)(a^2 + 16b^2),B,a^4 + 64b^4 = (a^2)^2 + (8b^2)^2 = (a^2 + 8b^2)^2 - (4ab)^2 = (a^2 + 8b^2 + 4ab)(a^2 + 8b^2 - 4ab)।,5
উৎপাদকে বিশ্লেষণ,37,x^2 + 12x + 35 কে উৎপাদকে বিশ্লেষণ করুন।,(x + 5)(x + 7),(x + 3)(x + 12),(x + 4)(x + 9),(x + 6)(x + 6),A,"35 এর উৎপাদক খুঁজুন যাদের যোগফল 12: 5 এবং 7। তাই, x^2 + 12x + 35 = (x + 5)(x + 7)।",2
উৎপাদকে বিশ্লেষণ,38,x^2 + x - 20 কে উৎপাদকে বিশ্লেষণ করুন।,(x + 5)(x - 4),(x + 4)(x - 5),(x + 2)(x - 10),(x + 10)(x - 2),A,"-20 এর উৎপাদক খুঁজুন যাদের যোগফল 1: 5 এবং -4। তাই, x^2 + x - 20 = (x + 5)(x - 4)।",2
উৎপাদকে বিশ্লেষণ,39,3x^2 - x - 14 কে উৎপাদকে বিশ্লেষণ করুন।,(3x - 7)(x + 2),(3x + 7)(x - 2),(x - 7)(3x + 2),(x + 7)(3x - 2),A,মধ্যম পদ ভাঙার পদ্ধতি ব্যবহার করুন: 3x^2 - x - 14 = 3x^2 - 7x + 6x - 14 = (3x - 7)(x + 2)।,4
উৎপাদকে বিশ্লেষণ,40,8x^3 + 36x^2y + 54xy^2 + 27y^3 কে উৎপাদকে বিশ্লেষণ করুন।,(2x + 3y)^3,(4x + 9y)^3,(2x + 3y)(4x + 9y)^2,(x + 3y)^3,A,এটি একটি পূর্ণঘন: 8x^3 + 36x^2y + 54xy^2 + 27y^3 = (2x)^3 + 3(2x)^2(3y) + 3(2x)(3y)^2 + (3y)^3 = (2x + 3y)^3।,5
উৎপাদকে বিশ্লেষণ,41,8a^3 + 27b^3 কে উৎপাদকে বিশ্লেষণ করুন।,(2a + 3b)(4a^2 - 6ab + 9b^2),(2a - 3b)(4a^2 + 6ab + 9b^2),(2a + 3b)(4a^2 + 6ab + 9b^2),(2a - 3b)(4a^2 - 6ab + 9b^2),A,a^3 + b^3 = (a + b)(a^2 - ab + b^2) সূত্র ব্যবহার করুন: 8a^3 + 27b^3 = (2a)^3 + (3b)^3 = (2a + 3b)(4a^2 - 6ab + 9b^2)।,4
উৎপাদকে বিশ্লেষণ,42,a^6 - 64 কে উৎপাদকে বিশ্লেষণ করুন।,(a + 2)(a - 2)(a^2 + 2a + 4)(a^2 - 2a + 4),(a^3 + 8)(a^3 - 8),(a + 4)(a - 4)(a^2 + 16),(a + 2)(a - 2)(a^4 + 4),A,a^6 - 64 = (a^3)^2 - (8)^2 = (a^3 + 8)(a^3 - 8) = (a + 2)(a^2 - 2a + 4)(a - 2)(a^2 + 2a + 4)।,6
উৎপাদকে বিশ্লেষণ,43,2x^4 + 16x কে উৎপাদকে বিশ্লেষণ করুন।,2x(x^3 + 8),2x(x + 2)(x^2 - 2x + 4),2x(x - 2)(x^2 + 2x + 4),2x(x^3 - 8),B,2x উৎপাদক হিসেবে বের করুন: 2x^4 + 16x = 2x(x^3 + 8) = 2x(x^3 + 2^3) = 2x(x + 2)(x^2 - 2x + 4)।,3
উৎপাদকে বি�শ্লেষণ,44,8 - a^3 + 3a^2b - 3ab^2 + b^3 কে উৎপাদকে বিশ্লেষণ করুন।,(2 + a - b)(4 - 2a + 2b + a^2 - ab + b^2),(2 - a + b)(4 + 2a - 2b + a^2 - ab + b^2),(2 + a + b)(4 - 2a - 2b + a^2 + ab + b^2),(2 - a - b)(4 + 2a + 2b + a^2 + ab + b^2),B,পুনর্বিন্যাস করুন: 8 - a^3 + 3a^2b - 3ab^2 + b^3 = (2)^3 - (a - b)^3 = (2 - (a - b))((2)^2 + 2(a - b) + (a - b)^2) = (2 - a + b)(4 + 2a - 2b + a^2 - ab + b^2)।,5
উৎপাদকে বিশ্লেষণ,45,(a + b)^3 + (a - b)^3 কে উৎপাদকে বিশ্লেষণ করুন।,2a(a^2 + 3b^2),2a(a^2 - 3b^2),2b(a^2 + 3b^2),2b(a^2 - 3b^2),A,(a + b)^3 + (a - b)^3 = 2[a^3 + 3ab^2] = 2a(a^2 + 3b^2)।,4
উৎপাদকে বিশ্লেষণ,46,1/2x^2 + 7/6x + 1/3 কে উৎপাদকে বিশ্লেষণ করুন।,(x + 1/3)(x + 2),(x + 1/3)(x + 1),(x + 2/3)(x + 1/2),(x + 1/2)(x + 2/3),A,6 দ্বারা গুণ করে ভগ্নাংশ পরিষ্কার করুন: 3x^2 + 7x + 2। উৎপাদকে বিশ্লেষণ: 3x^2 + 6x + x + 2 = (3x + 1)(x + 2)। 6 দ্বারা ভাগ করুন: (1/2x^2 + 7/6x + 1/3) = (x + 1/3)(x + 2)।,6
উৎপাদকে বিশ্লেষণ,47,a^3 + 1/8 কে উৎপাদকে বিশ্লেষণ করুন।,(a + 1/2)(a^2 - 1/2a + 1/4),(a - 1/2)(a^2 + 1/2a + 1/4),(a + 1/4)(a^2 - 1/4a + 1/16),(a - 1/4)(a^2 + 1/4a + 1/16),A,a^3 + 1/8 = a^3 + (1/2)^3 = (a + 1/2)(a^2 - (a)(1/2) + (1/2)^2) = (a + 1/2)(a^2 - 1/2a + 1/4)।,4
উৎপাদকে বিশ্লেষণ,48,16x^2 - 25y^2 - 8xz + 10yz কে উৎপাদকে বিশ্লেষণ করুন।,(4x - 5y - 2z)(4x + 5y + 2z),(4x - 5y)(4x + 5y),(4x - 5y - 2z)^2,(4x + 5y - 2z)(4x - 5y + 2z),A,পুনর্বিন্যাস করুন: 16x^2 - 25y^2 - 8xz + 10yz = (4x)^2 - (5y)^2 - 2(4x)(2z) + 2(5y)(z) = (4x - 5y - 2z)(4x + 5y + 2z)।,5
উৎপাদকে বিশ্লেষণ,49,x^3 + 6x^2y + 11xy^2 + 6y^3 কে উৎপাদকে বিশ্লেষণ করুন।,(x + y)(x + 2y)(x + 3y),(x + y)^2(x + 2y),(x + 2y)^3,(x + y)(x + 3y)^2,A,সমন্বয় করুন: x^3 + 6x^2y + 11xy^2 + 6y^3 = (x + 2y)^3 - xy^2 - 2y^3 = (x + 2y)(x^2 + xy + 3y^2) = (x + y)(x + 2y)(x + 3y)।,7
উৎপাদকে বিশ্লেষণ,50,x^2 + 13x + 36 কে উৎপাদকে বিশ্লেষণ করুন।,(x + 4)(x + 9),(x + 3)(x + 12),(x + 6)(x + 6),(x + 5)(x + 7),A,"36 এর উৎপাদক খুঁজুন যাদের যোগফল 13: 4 এবং 9। তাই, x^2 + 13x + 36 = (x + 4)(x + 9)।",2
উৎপাদকে বিশ্লেষণ,51,x^4 + x^2 - 20 কে উৎপাদকে বিশ্লেষণ করুন।,(x^2 + 5)(x^2 - 4),(x^2 + 4)(x^2 - 5),(x^2 + 2)(x^2 - 10),(x^2 + 10)(x^2 - 2),A,"ধরি u = x^2। তাহলে, x^4 + x^2 - 20 = u^2 + u - 20। উৎপাদকে বিশ্লেষণ: u^2 + 5u - 4u - 20 = (u + 5)(u - 4) = (x^2 + 5)(x^2 - 4)।",4
উৎপাদকে বিশ্লেষণ,52,a^2 - 30a + 216 কে উৎপাদকে বিশ্লেষণ করুন।,(a - 12)(a - 18),(a - 6)(a - 36),(a - 9)(a - 24),(a - 3)(a - 72),A,"216 এর উৎপাদক খুঁজুন যাদের যোগফল -30: -12 এবং -18। তাই, a^2 - 30a + 216 = (a - 12)(a - 18)।",3
উৎপাদকে বিশ্লেষণ,53,a^8 - a^4 - 2 কে উৎপাদকে বিশ্লেষণ করুন।,(a^4 - 2)(a^4 + 1),(a^4 + 1)(a^4 - 2),(a^2 + 1)(a^2 - 2)(a^4 + 1),(a^2 + 1)(a^2 + 1)(a^4 - 2),B,"ধরি u = a^4। তাহলে, a^8 - a^4 - 2 = u^2 - u - 2 = (u - 2)(u + 1) = (a^4 - 2)(a^4 + 1)।",5
উৎপাদকে বিশ্লেষণ,54,x^2 - 37x - 650 কে উৎপাদকে বিশ্লেষণ করুন।,(x - 50)(x + 13),(x + 50)(x - 13),(x - 25)(x + 26),(x + 25)(x - 26),A,"-650 এর উৎপাদক খুঁজুন যাদের যোগফল -37: -50 এবং 13। তাই, x^2 - 37x - 650 = (x - 50)(x + 13)।",4
উৎপাদকে বিশ্লেষণ,55,9x^2y^2 - 5xy^2 - 14y^2 কে উৎপাদকে বিশ্লেষণ করুন।,y^2(3x - 7)(3x + 2),y^2(3x + 7)(3x - 2),y^2(9x - 5)(x + 14),y^2(9x + 5)(x - 14),A,"y^2 উৎপাদক হিসেবে বের করুন: 9x^2y^2 - 5xy^2 - 14y^2 = y^2(9x^2 - 5x - 14)। তারপর, 9x^2 - 5x - 14 = (3x - 7)(3x + 2)। তাই, y^2(3x - 7)(3x + 2)।",5
উৎপাদকে বিশ্লেষণ,56,4x^4 - 27x^2 - 81 কে উৎপাদকে বিশ্লেষণ করুন।,(2x^2 - 9)(2x^2 + 9),(2x^2 + 9)(2x^2 - 9),(4x^2 + 9)(x^2 - 9),(4x^2 - 9)(x^2 + 9),A,"ধরি u = x^2। তাহলে, 4x^4 - 27x^2 - 81 = 4u^2 - 27u - 81 = (2u - 9)(2u + 9) = (2x^2 - 9)(2x^2 + 9)।",6
উৎপাদকে বিশ্লেষণ,57,ax^2 + (a^2 + 1)x + a কে উৎপাদকে বিশ্লেষণ করুন।,(x + a)(ax + 1),(x + 1)(ax + a),(x - a)(ax - 1),(x - 1)(ax - a),A,মধ্যম পদ ভাঙার পদ্ধতি ব্যবহার করুন: ax^2 + (a^2 + 1)x + a = ax^2 + a^2x + x + a = (ax + 1)(x + a)।,5
উৎপাদকে বিশ্লেষণ,58,3(a^2 + 2a)^2 - 22(a^2 + 2a) + 40 কে উৎপাদকে বিশ্লেষণ করুন।,3(a + 2)(a - 2)(a^2 + 2a - 8),(a^2 + 2a - 8)(3a^2 + 6a - 5),(a^2 + 2a - 5)(3a^2 + 6a - 8),(a^2 + 2a + 5)(3a^2 + 6a + 8),A,"ধরি u = a^2 + 2a। তাহলে, 3u^2 - 22u + 40 = (3u - 10)(u - 4) = 3(a^2 + 2a - 8)(a^2 + 2a - 4)। আরও উৎপাদকে বিশ্লেষণ: 3(a + 4)(a - 2)(a + 4)(a - 2) = 3(a + 2)(a - 2)(a^2 + 2a - 8)।",7
উৎপাদকে বিশ্লেষণ,59,(a - 1)x^2 + a^2xy + (a + 1)y^2 কে উৎপাদকে বিশ্লেষণ করুন।,(x + ay)(ax + y),(x - ay)(ax - y),(x + y)(ax + y),(x - y)(ax - y),A,এটি x এর একটি দ্বিঘাত সমীকরণ: (a - 1)x^2 + a^2xy + (a + 1)y^2। ডিসক্রিমিন্যান্ট ব্যবহার করে উৎপাদকে বিশ্লেষণ করুন: (x + ay)(ax + y)।,6
উৎপাদকে বিশ্লেষণ,60,2b^2c^2 + 2c^2a^2 + 2a^2b^2 - a^4 - b^4 - c^4 কে উৎপাদকে বিশ্লেষণ করুন।,(a^2 + b^2 - c^2)(a^2 - b^2 + c^2),(a^2 + b^2 + c^2)(a^2 - b^2 - c^2),(a^2 - b^2 - c^2)(a^2 + b^2 + c^2),(a^2 + b^2 - c^2)(a^2 - b^2 - c^2),A,পুনর্বিন্যাস করুন: 2b^2c^2 + 2c^2a^2 + 2a^2b^2 - a^4 - b^4 - c^4 = (a^2 + b^2 - c^2)(a^2 - b^2 + c^2)।,8
ভাগশেষ উপপাদ্য,61,"যদি f(x) = 6x^2 - 7x + 5 কে x - 1 দ্বারা ভাগ করা হয়, তবে ভাগশেষ কত?",4,5,6,7,A,"ভাগশেষ উপপাদ্য ব্যবহার করে, f(a) হল f(x) কে (x - a) দ্বারা ভাগ করলে ভাগশেষ। এখানে, a = 1, তাই f(1) = 6(1)^2 - 7(1) + 5 = 6 - 7 + 5 = 4।",2
ভাগশেষ উপপাদ্য,62,"যদি f(x) = x^3 - x - 6 কে x - 2 দ্বারা ভাগ করা হয়, তবে ভাগশেষ কত?",0,1,2,3,A,"f(2) = (2)^3 - 2 - 6 = 8 - 2 - 6 = 0। যেহেতু ভাগশেষ 0, তাই x - 2 হল f(x) এর একটি উৎপাদক।",3
ভাগশেষ উপপাদ্য,63,x^3 - x - 6 কে ভাগশেষ উপপাদ্য ব্যবহার করে উৎপাদকে বিশ্লেষণ করুন।,(x - 2)(x^2 + 2x + 3),(x + 2)(x^2 - 2x + 3),(x - 3)(x^2 + 3x + 2),(x + 3)(x^2 - 3x + 2),A,"Q62 থেকে, x - 2 একটি উৎপাদক যেহেতু f(2) = 0। উৎপাদকে বিশ্লেষণ: x^3 - x - 6 = (x - 2)(x^2 + 2x + 3)।",4
ভাগশেষ উপপাদ্য,64,"যদি f(x) = x^3 - 3xy^2 + 2y^3 কে x - y দ্বারা ভাগ করা হয়, তবে ভাগশেষ কত?",0,y^3,2y^3,3y^3,A,"f(y) = y^3 - 3y(y^2) + 2y^3 = y^3 - 3y^3 + 2y^3 = 0। তাই, x - y একটি উৎপাদক, এবং ভাগশেষ 0।",4
ভাগশেষ উপপাদ্য,65,x^3 - 3xy^2 + 2y^3 কে উৎপাদকে বিশ্লেষণ করুন।,(x - y)^2(x + 2y),(x + y)(x - y)(x + 2y),(x - y)(x^2 + xy + 2y^2),(x + y)(x^2 - xy + 2y^2),A,"Q64 থেকে, x - y একটি উৎপাদক। উৎপাদকে বিশ্লেষণ: x^3 - 3xy^2 + 2y^3 = (x - y)(x^2 + xy - 2y^2) = (x - y)^2(x + 2y)।",5
ভাগশেষ উপপাদ্য,66,"যদি f(x) = 54x^4 + 27x^3a - 16x - 8a কে 2x + a দ্বারা ভাগ করা হয়, তবে ভাগশেষ কত?",0,a,2a,4a,A,"ভ্যানিশিং পদ্ধতি ব্যবহার করে, 2x + a দ্বারা ভাগ করুন, তাই x = -a/2। f(-a/2) = 54(-a/2)^4 + 27(-a/2)^3a - 16(-a/2) - 8a = 0। তাই, ভাগশেষ 0, এবং 2x + a একটি উৎপাদক।",6
ভাগশেষ উপপাদ্য,67,54x^4 + 27x^3a - 16x - 8a কে উৎপাদকে বিশ্লেষণ করুন।,(2x + a)(3x - 2)(9x^2 + 6x + 4),(2x - a)(3x + 2)(9x^2 - 6x + 4),(2x + a)(3x + 2)(9x^2 + 6x + 4),(2x - a)(3x - 2)(9x^2 - 6x + 4),A,"Q66 থেকে, 2x + a একটি উৎপাদক। উৎপাদকে বিশ্লেষণ: 54x^4 + 27x^3a - 16x - 8a = (2x + a)(27x^3 - 8) = (2x + a)(3x - 2)(9x^2 + 6x + 4)।",7
ভাগশেষ উপপাদ্য,68,"যদি g(a) = a^3 + a^2 + 10a - 8 কে a - 2 দ্বারা ভাগ করা হয়, তবে ভাগশেষ কত?",24,20,16,12,A,g(2) = (2)^3 + (2)^2 + 10(2) - 8 = 8 + 4 + 20 - 8 = 24।,3
ভাগশেষ উপপাদ্য,69,a^3 - 9 + (a + 1)^3 কে উৎপাদকে বিশ্লেষণ করুন।,(a - 1)(2a^2 + 5a + 8),(a + 1)(2a^2 + 3a + 8),(a - 1)(2a^2 + 3a + 8),(a + 1)(2a^2 + 5a + 8),A,"সরল করুন: a^3 - 9 + (a + 1)^3 = 2a^3 + 3a^2 + 3a - 8। পরীক্ষা করুন a = 1: f(1) = 0, তাই a - 1 একটি উৎপাদক। উৎপাদকে বিশ্লেষণ: (a - 1)(2a^2 + 5a + 8)।",6
ভাগশেষ উপপাদ্য,70,x^3 - 21x - 20 কে উৎপাদকে বিশ্লেষণ করুন।,(x + 1)(x - 5)(x + 4),(x - 1)(x + 5)(x - 4),(x + 1)(x + 5)(x - 4),(x - 1)(x - 5)(x + 4),B,"-20 এর উৎপাদক পরীক্ষা করুন: f(1) = 0, তাই x - 1 একটি উৎপাদক। উৎপাদকে বিশ্লেষণ: x^3 - 21x - 20 = (x - 1)(x^2 + x - 20) = (x - 1)(x + 5)(x - 4)।",5
ভাগশেষ উপপাদ্য,71,2x^3 - 3x^2 + 3x - 1 কে উৎপাদকে বিশ্লেষণ করুন।,(x - 1)(2x^2 - x + 1),(x + 1)(2x^2 - x - 1),(x - 1)(2x^2 + x + 1),(x + 1)(2x^2 + x - 1),A,"x = 1 পরীক্ষা করুন: f(1) = 2 - 3 + 3 - 1 = 0, তাই x - 1 একটি উৎপাদক। উৎপাদকে বিশ্লেষণ: 2x^3 - 3x^2 + 3x - 1 = (x - 1)(2x^2 - x + 1)।",6
ভাগশেষ উপপাদ্য,72,x^3 + 6x^2 + 11x + 6 কে উৎপাদকে বিশ্লেষণ করুন।,(x + 1)(x + 2)(x + 3),(x - 1)(x - 2)(x - 3),(x + 1)(x + 3)(x + 4),(x - 1)(x - 3)(x - 4),A,"x = -1 পরীক্ষা করুন: f(-1) = -1 + 6 - 11 + 6 = 0, তাই x + 1 একটি উৎপাদক। উৎপাদকে বিশ্লেষণ: x^3 + 6x^2 + 11x + 6 = (x + 1)(x^2 + 5x + 6) = (x + 1)(x + 2)(x + 3)।",5
ভাগশেষ উপপাদ্য,73,"যদি f(x) = 3a^3 + 2a + 5 কে a + 1 দ্বারা ভাগ করা হয়, তবে ভাগশেষ কত?",0,1,2,3,A,"f(-1) = 3(-1)^3 + 2(-1) + 5 = -3 - 2 + 5 = 0। তাই, ভাগশেষ 0।",4
ভাগশেষ উপপাদ্য,74,x^3 - 7xy^2 - 6y^3 কে উৎপাদকে বিশ্লেষণ করুন।,(x + y)(x - 2y)(x + 3y),(x - y)(x + 2y)(x + 3y),(x + y)^2(x - 2y),(x - y)(x + 3y)^2,B,"x = y পরীক্ষা করুন: f(y) = 0, তাই x - y একটি উৎপাদক। উৎপাদকে বিশ্লেষণ: x^3 - 7xy^2 - 6y^3 = (x - y)(x + 2y)(x + 3y)।",6
ভাগশেষ উপপাদ্য,75,x^3 + 2x^2 - 5x - 6 কে উৎপাদকে বিশ্লেষণ করুন।,(x + 1)(x - 2)(x + 3),(x - 1)(x + 2)(x - 3),(x + 1)(x + 2)(x - 3),(x - 1)(x - 2)(x + 3),A,"x = -1 পরীক্ষা করুন: f(-1) = 0, তাই x + 1 একটি উৎপাদক। উৎপাদকে বিশ্লেষণ: x^3 + 2x^2 - 5x - 6 = (x + 1)(x - 2)(x + 3)।",5
ভাগশেষ উপপাদ্য,76,x^3 + 4x^2 + x - 6 কে উৎপাদকে বিশ্লেষণ করুন।,(x + 1)(x - 2)(x + 3),(x + 2)(x - 1)(x + 3),(x - 1)(x + 2)(x + 3),(x + 1)(x + 2)(x - 3),D,"x = 1 পরীক্ষা করুন: f(1) = 0, তাই x - 1 একটি উৎপাদক। উৎপাদকে বিশ্লেষণ: x^3 + 4x^2 + x - 6 = (x + 1)(x + 2)(x - 3)।",5
ভাগশেষ উপপাদ্য,77,a^3 + 3a + 36 কে উৎপাদকে বিশ্লেষণ করুন।,(a + 3)(a^2 - 3a + 12),(a - 3)(a^2 + 3a + 12),(a + 4)(a^2 - 4a + 9),(a - 4)(a^2 + 4a + 9),A,"a = -3 পরীক্ষা করুন: f(-3) = 0, তাই a + 3 একটি উৎপাদক। উৎপাদকে বিশ্লেষণ: a^3 + 3a + 36 = (a + 3)(a^2 - 3a + 12)।",6
ভাগশেষ উপপাদ্য,78,a^4 - 4a + 3 কে উৎপাদকে বিশ্লেষণ করুন।,(a - 1)(a + 1)(a^2 + 3),(a - 1)(a + 1)(a^2 - 3),(a - 1)^2(a^2 + 3),(a + 1)^2(a^2 - 3),B,"a = 1 পরীক্ষা করুন: f(1) = 0, তাই a - 1 একটি উৎপাদক। উৎপাদকে বিশ্লেষণ: a^4 - 4a + 3 = (a - 1)(a + 1)(a^2 - 3)।",7
ভাগশেষ উপপাদ্য,79,x^3 - x - 24 কে উৎপাদকে বিশ্লেষণ করুন।,(x - 3)(x^2 + 3x + 8),(x + 3)(x^2 - 3x + 8),(x - 4)(x^2 + 4x + 6),(x + 4)(x^2 - 4x + 6),A,"x = 3 পরীক্ষা করুন: f(3) = 0, তাই x - 3 একটি উৎপাদক। উৎপাদকে বিশ্লেষণ: x^3 - x - 24 = (x - 3)(x^2 + 3x + 8)।",6
ভাগশেষ উপপাদ্য,80,2x^4 - 3x^3 - 3x - 2 কে উৎপাদকে বিশ্লেষণ করুন।,(x - 2)(2x^3 + x^2 + 2x + 1),(x + 2)(2x^3 - 7x^2 + 8x - 1),(x - 1)(2x^3 - x^2 - 2x - 2),(x + 1)(2x^3 - 5x^2 + 2x + 2),C,"x = 1 পরীক্ষা করুন: f(1) = 0, তাই x - 1 একটি উৎপাদক। উৎপাদকে বিশ্লেষণ: 2x^4 - 3x^3 - 3x - 2 = (x - 1)(2x^3 - x^2 - 2x - 2)।",7
বাস্তব সমস্যা সমাধানে বীজগাণিতিক সূত্র গঠন ও প্রয়োগ,81,"একটি ক্রীড়া অনুষ্ঠানের জন্য Tk. 45000 বাজেট নির্ধারণ করা হয়েছিল, প্রতিটি সদস্য সমানভাবে চাঁদা দিয়ে। যদি 5 জন সদস্য অংশগ্রহণ করতে অস্বীকার করে, এবং প্রতি মাথাপিছু চাঁদা Tk. 15 বৃদ্ধি পায়, তবে সংগঠনে কতজন সদস্য ছিল?",125,120,130,135,A,"ধরি x হল সদস্য সংখ্যা, q হল প্রতি মাথার চাঁদা। তাহলে qx = 45000, এবং (x - 5)(q + 15) = 45000। সমাধান করুন: q = 3x - 15, তাই (3x - 15)x = 45000, বা x^2 - 5x - 15000 = 0। সমাধান করুন: x = 125 বা x = -120। তাই, x = 125।",7
বাস্তব সমস্যা সমাধানে বীজগাণিতিক সূত্র গঠন ও প্রয়োগ,82,"রফিক একটি কাজ 10 দিনে করতে পারে, শফিক 15 দিনে করতে পারে। তারা একসাথে কত দিনে কাজটি শেষ করতে পারবে?",6,5,7,8,A,"রফিকের হার = 1/10, শফিকের হার = 1/15। একসাথে, (1/10 + 1/15) = 1/d। সমাধান করুন: 1/d = 5/30, d = 6 দিন।",4
বাস্তব সমস্যা সমাধানে বীজগাণিতিক সূত্র গঠন ও প্রয়োগ,83,একজন নৌকাবাহক x কিমি দূরত্ব t1 ঘণ্টায় স্রোতের বিপরীতে এবং t2 ঘণ্টায় স্রোতের সাথে পাড়ি দেয়। নৌকার গতি কত?,(x/2)(1/t1 + 1/t2),(x/2)(1/t2 - 1/t1),x/(t1 + t2),x/(t1 - t2),A,"ধরি u হল নৌকার গতি, v হল স্রোতের গতি। u - v = x/t1, u + v = x/t2। যোগ করুন: 2u = x(1/t1 + 1/t2), তাই u = (x/2)(1/t1 + 1/t2)।",6
বাস্তব সমস্যা সমাধানে বীজগাণিতিক সূত্র গঠন ও প্রয়োগ,84,একটি পাইপ একটি ট্যাঙ্ক 12 মিনিটে ভরে; আরেকটি পাইপ প্রতি মিনিটে 14 লিটার বের করে দেয়। একসাথে তারা ট্যাঙ্কটি 96 মিনিটে ভরে। ট্যাঙ্কের ধারণক্ষমতা কত?,192 লিটার,180 লিটার,204 লিটার,216 লিটার,A,"ধরি প্রতি মিনিটে x লিটার প্রবেশ করে, y লিটার হল ট্যাঙ্কের ধারণক্ষমতা। y = 12x, y = 96x - 96(14)। সমাধান করুন: y = 192 লিটার।",7
বাস্তব সমস্যা সমাধানে বীজগাণিতিক সূত্র গঠন ও প্রয়োগ,85,"একটি বাস একটি পিকনিকের জন্য Tk. 2400 এ ভাড়া করা হয়েছিল, সমান ভাড়ায়। 10 জন যাত্রী অনুপস্থিত থাকায় ভাড়া প্রতি মাথায় Tk. 8 বৃদ্ধি পায়। কতজন যাত্রী বাসে উঠেছিল?",50,60,40,70,A,"ধরি x হল যাত্রী সংখ্যা, ভাড়া = 2400/x। তাহলে (x - 10)(2400/x + 8) = 2400। সমাধান করুন: x^2 - 10x - 3000 = 0, x = 50।",7
বাস্তব সমস্যা সমাধানে বীজগাণিতিক সূত্র গঠন ও প্রয়োগ,86,"A এবং B একসাথে একটি কাজ p দিনে করতে পারে, A একা q দিনে করতে পারে। B একা কত দিনে কাজটি করতে পারবে?",pq/(p - q),pq/(q - p),p/(q - p),q/(p - q),B,"A এর হার = 1/q, A + B এর হার = 1/p। B এর হার = 1/p - 1/q = (q - p)/(pq)। তাই, B একা কাজটি pq/(q - p) দিনে করতে পারবে।",6
বাস্তব সমস্যা সমাধানে বীজগাণিতিক সূত্র গঠন ও প্রয়োগ,87,"একজন ব্যক্তি স্রোতের বিপরীতে 2 কিমি/ঘণ্টা গতিতে নৌকা বায়। যদি স্রোতের গতি 3 কিমি/ঘণ্টা হয়, তবে 32 কিমি স্রোতের সাথে পাড়ি দিতে কত সময় লাগবে?",4 ঘণ্টা,5 ঘণ্টা,6 ঘণ্টা,8 ঘণ্টা,A,"স্রোতের বিপরীতে গতি = 2 কিমি/ঘণ্টা, স্রোত = 3 কিমি/ঘণ্টা, তাই নৌকার গতি = 5 কিমি/ঘণ্টা। স্রোতের সাথে, গতি = 5 + 3 = 8 কিমি/ঘণ্টা। সময় = 32/8 = 4 ঘণ্টা।",5
বাস্তব সমস্যা সমাধানে বীজগাণিতিক সূত্র গঠন ও প্রয়োগ,88,"একটি বইয়ের মূল্য Tk. 24, যা প্রকৃত মূল্যের 80%। সরকার প্রতি বইয়ে কত টাকা ভর্তুকি দেয়?",Tk. 6,Tk. 8,Tk. 10,Tk. 12,A,"24 = 0.8 × প্রকৃত মূল্য, তাই প্রকৃত মূল্য = 24/0.8 = 30। ভর্তুকি = 30 - 24 = Tk. 6।",4
বাস্তব সমস্যা সমাধানে বীজগাণিতিক সূত্র গঠন ও প্রয়োগ,89,"যদি 10টি কমলালেবু প্রতি টাকায় বিক্রি হয় এবং এতে r% ক্ষতি হয়, তবে 8% লাভের জন্য প্রতি টাকায় কতটি কমলালেবু বিক্রি করতে হবে?",10(100 - r)/(108),10(100 + r)/(108),10(100 - r)/(100 + r),10(108)/(100 - r),A,10টি কমলালেবুর ক্রয়মূল্য = 100/(100 - r)। 8% লাভের জন্য বিক্রয়মূল্য = (100 + 8)/(100 - r) × 10 = 10(100 - r)/(108)।,7
বাস্তব সমস্যা সমাধানে বীজগাণিতিক সূত্র গঠন ও প্রয়োগ,90,Tk. 650 এর উপর 6 বছরে 7% হারে সরল সুদে লাভ কত?,Tk. 273,Tk. 260,Tk. 286,Tk. 300,A,"I = Pnr, যেখানে P = 650, n = 6, r = 7/100। I = 650 × 6 × (7/100) = 273।",4
বাস্তব সমস্যা সমাধানে বীজগাণিতিক সূত্র গঠন ও প্রয়োগ,91,Tk. 15000 এর উপর 3 বছরে 6% হারে চক্রবৃদ্ধি মূলধন কত?,Tk. 17865.24,Tk. 16875,Tk. 18850,Tk. 15875,A,A = P(1 + r)^n = 15000(1 + 0.06)^3 = 15000(53/50)^3 = 15000 × 148877/125000 = 17865.24।,6
বাস্তব সমস্যা সমাধানে বীজগাণিতিক সূত্র গঠন ও প্রয়োগ,92,"যদি 10টি লেবু Tk. 50 এ বিক্রি হয় এবং এতে 50% ক্ষতি হয়, তবে 6টি লেবু Tk. 50 এ বিক্রি করলে লাভ/ক্ষতি কত?",20% লাভ,25% লাভ,10% ক্ষতি,15% লাভ,A,"10টি লেবুর ক্রয়মূল্য = 50/(1 - 0.5) = 100, তাই 1টি লেবু = 10। 6টি লেবুর বিক্রয়মূল্য = 50, ক্রয়মূল্য = 6 × 10 = 60। লাভ = (50 - 60)/60 = -10/60, কিন্তু 6টি 50 এ বিক্রি: 50/6 বনাম 10, লাভ = (50/6 - 10)/10 = 20%।",7
বাস্তব সমস্যা সমাধানে বীজগাণিতিক সূত্র গঠন ও প্রয়োগ,93,Tk. 750 এর উপর 4 বছরে 6.5% হারে সরল সুদে লাভ কত?,Tk. 195,Tk. 180,Tk. 210,Tk. 225,A,I = Pnr = 750 × 4 × (6.5/100) = 750 × 4 × 0.065 = 195।,5
বাস্তব সমস্যা সমাধানে বীজগাণিতিক সূত্র গঠন ও প্রয়োগ,94,Tk. 2000 এর উপর 3 বছরে 4% হারে চক্রবৃদ্ধি সুদ কত?,Tk. 249.86,Tk. 240,Tk. 260,Tk. 270,A,A = 2000(1 + 0.04)^3 = 2000(1.04)^3 = 2000 × 1.124864 = 2249.86। সুদ = 2249.86 - 2000 = 249.86।,6
বাস্তব সমস্যা সমাধানে বীজগাণিতিক সূত্র গঠন ও প্রয়োগ,95,"যদি 10টি আইসক্রিম স্টিক প্রতি টাকায় বিক্রি হয় এবং এতে x% ক্ষতি হয়, তবে z% লাভের জন্য কতটি স্টিক বিক্রি করতে হবে?",(1000 - 10x)/(100 + z),(1000 + 10x)/(100 - z),(100 - x)/(100 + z),(100 + x)/(100 - z),A,1টি স্টিকের ক্রয়মূল্য = 100/[(100 - x) × 10]। z% লাভের জন্য বিক্রয়মূল্য = (100 + z)/[(100 - x) × 10]। স্টিকের সংখ্যা = (1000 - 10x)/(100 + z)।,7
বাস্তব সমস্যা সমাধানে বীজগাণিতিক সূত্র গঠন ও প্রয়োগ,96,10 জন ব্যক্তি একটি কাজ 7 দিনে 6 ঘণ্টা/দিন কাজ করে শেষ করতে পারে। 14 জন ব্যক্তিকে 6 দিনে কাজটি শেষ করতে প্রতিদিন কত ঘণ্টা কাজ করতে হবে?,5 ঘণ্টা,6 ঘণ্টা,7 ঘণ্টা,8 ঘণ্টা,A,"কাজ = 10 × 7 × 6 = 420 ব্যক্তি-ঘণ্টা। 14 জনের জন্য 6 দিনে: 14 × 6 × h = 420, h = 420/(14 × 6) = 5 ঘণ্টা।",6
বাস্তব সমস্যা সমাধানে বীজগাণিতিক সূত্র গঠন ও প্রয়োগ,97,"মিতা একটি কাজ 10 দিনে করে, রিতা 15 দিনে করে। তারা একসাথে কত দিনে কাজটি শেষ করবে?",6 দিন,5 দিন,7 দিন,8 দিন,A,"মিতার হার = 1/10, রিতার হার = 1/15। একসাথে: 1/10 + 1/15 = 5/30, তাই সময় = 6 দিন।",4
বাস্তব সমস্যা সমাধানে বীজগাণিতিক সূত্র গঠন ও প্রয়োগ,98,একটি বাস একটি পিকনিকের জন্য Tk. 5700 এ ভাড়া করা হয়েছিল। 5 জন যাত্রী অনুপস্থিত থাকায় ভাড়া প্রতি মাথায় Tk. 3 বৃদ্ধি পায়। কতজন যাত্রী বাসে উঠেছিল?,90,95,85,100,A,"ধরি x হল যাত্রী সংখ্যা। (x - 5)(5700/x + 3) = 5700। সমাধান করুন: x^2 - 5x - 9500 = 0, x = 90।",7
বাস্তব সমস্যা সমাধানে বীজগাণিতিক সূত্র গঠন ও প্রয়োগ,99,একজন নৌকাবাহক d কিমি দূরত্ব p ঘণ্টায় স্রোতের বিপরীতে এবং q ঘণ্টায় স্রোতের সাথে পাড়ি দেয়। স্রোতের গতি কত?,(d/2)(1/q - 1/p),(d/2)(1/p - 1/q),d/(p - q),d/(p + q),A,"u - v = d/p, u + v = d/q। বিয়োগ করুন: 2v = d(1/q - 1/p), তাই v = (d/2)(1/q - 1/p)।",6
বাস্তব সমস্যা সমাধানে বীজগাণিতিক সূত্র গঠন ও প্রয়োগ,100,একটি ট্যাঙ্ক একটি পাইপ দিয়ে 48 মিনিটে ভরে; আরেকটি পাইপ প্রতি মিনিটে 15 লিটার বের করে দেয়। একসাথে তারা ট্যাঙ্কটি 180 মিনিটে ভরে। ট্যাঙ্কের ধারণক্ষমতা কত?,180 লিটার,192 লিটার,204 লিটার,216 লিটার,A,"ধরি প্রতি মিনিটে x লিটার প্রবেশ করে, y লিটার হল ধারণক্ষমতা। y = 12x, y = 48x - 48(15)। সমাধান করুন: y = 180 লিটার।",7
বীজগাণিতিক সূত্র,101,(4x + 5y)^2 এর মান কত?,16x^2 + 40xy + 25y^2,16x^2 + 25y^2,16x^2 + 20xy + 25y^2,36x^2 + 25y^2,A,"(a + b)^2 = a^2 + 2ab + b^2 সূত্র ব্যবহার করে, এখানে a = 4x এবং b = 5y, আমরা পাই (4x + 5y)^2 = (4x)^2 + 2(4x)(5y) + (5y)^2 = 16x^2 + 40xy + 25y^2।",1
বীজগাণিতিক সূত্র,102,(3a - 2b)^2 এর মান কত?,9a^2 + 12ab + 4b^2,9a^2 + 4b^2,9a^2 - 4b^2,9a^2 - 12ab + 4b^2,D,"(a - b)^2 = a^2 - 2ab + b^2 সূত্র ব্যবহার করে, এখানে a = 3a এবং b = 2b, আমরা পাই (3a - 2b)^2 = (3a)^2 - 2(3a)(2b) + (2b)^2 = 9a^2 - 12ab + 4b^2।",1
বীজগাণিতিক সূত্র,103,(x + y)^2 - (x - y)^2 সরল করুন।,2(x^2 + y^2),x^2 + y^2,4xy,2(x^2 - y^2),C,(x + y)^2 - (x - y)^2 = (x^2 + 2xy + y^2) - (x^2 - 2xy + y^2) = 4xy। এটি করল্লারি 3 থেকে সরাসরি পাওয়া যায়।,2
বীজগাণিতিক সূত্র,104,"যদি a = 2, b = 1, c = 3 হয়, তবে (a + b + c)^2 এর মান কত?",25,36,16,49,B,"(a + b + c)^2 = a^2 + b^2 + c^2 + 2ab + 2bc + 2ca সূত্র ব্যবহার করে, আমরা পাই (2 + 1 + 3)^2 = 2^2 + 1^2 + 3^2 + 2(2)(1) + 2(1)(3) + 2(2)(3) = 4 + 1 + 9 + 4 + 6 + 12 = 36।",2
বীজগাণিতিক সূত্র,105,"যদি a^2 + b^2 = 18 এবং ab = 4 হয়, তবে (a + b)^2 এর মান কত?",14,22,18,26,D,"(a + b)^2 = a^2 + b^2 + 2ab। দেওয়া আছে a^2 + b^2 = 18 এবং ab = 4, আমরা পাই (a + b)^2 = 18 + 2(4) = 18 + 8 = 26।",3
বীজগাণিতিক সূত্র,106,"যদি (a + b + c)^2 = 49 এবং a^2 + b^2 + c^2 = 29 হয়, তবে ab + bc + ca এর মান কত?",20,15,10,5,C,"(a + b + c)^2 = a^2 + b^2 + c^2 + 2(ab + bc + ca)। দেওয়া আছে (a + b + c)^2 = 49 এবং a^2 + b^2 + c^2 = 29, আমরা পাই 49 = 29 + 2(ab + bc + ca)। তাই, 2(ab + bc + ca) = 20, অতএব ab + bc + ca = 10।",3
বীজগাণিতিক সূত্র,107,"যদি (a + b)^2 = 64 এবং (a - b)^2 = 36 হয়, তবে ab এর মান কত?",25,20,15,7,D,"(a + b)^2 - (a - b)^2 = 64 - 36 = 28। যেহেতু (a + b)^2 - (a - b)^2 = 4ab, আমরা পাই 4ab = 28, তাই ab = 7।",4
বীজগাণিতিক সূত্র,108,(2x + 4y)^3 এর মান কত?,8x^3 + 48x^2y + 96xy^2 + 64y^3,8x^3 + 64y^3,8x^3 + 24x^2y + 48xy^2 + 64y^3,16x^3 + 48x^2y + 96xy^2 + 64y^3,A,"(a + b)^3 = a^3 + 3a^2b + 3ab^2 + b^3 সূত্র ব্যবহার করে, এখানে a = 2x এবং b = 4y, আমরা পাই (2x + 4y)^3 = (2x)^3 + 3(2x)^2(4y) + 3(2x)(4y)^2 + (4y)^3 = 8x^3 + 48x^2y + 96xy^2 + 64y^3।",4
বীজগাণিতিক সূত্র,109,(5a - 3b)^3 এর মান কত?,125a^3 + 27b^3,125a^3 - 27b^3,125a^3 - 225a^2b + 135ab^2 - 27b^3,125a^3 + 225a^2b + 135ab^2 + 27b^3,C,"(a - b)^3 = a^3 - 3a^2b + 3ab^2 - b^3 সূত্র ব্যবহার করে, এখানে a = 5a এবং b = 3b, আমরা পাই (5a - 3b)^3 = (5a)^3 - 3(5a)^2(3b) + 3(5a)(3b)^2 - (3b)^3 = 125a^3 - 225a^2b + 135ab^2 - 27b^3।",5
বীজগাণিতিক সূত্র,110,(3x + y + 2z)^2 এর মান কত?,9x^2 + y^2 + 4z^2 + 6xy + 12xz + 4yz,9x^2 + y^2 + 4z^2,9x^2 + y^2 + 4z^2 + 6xy + 4yz,9x^2 + y^2 + 4z^2 + 12xz + 4yz,A,"(a + b + c)^2 = a^2 + b^2 + c^2 + 2ab + 2bc + 2ca সূত্র ব্যবহার করে, এখানে a = 3x, b = y, c = 2z। তাই, (3x + y + 2z)^2 = (3x)^2 + y^2 + (2z)^2 + 2(3x)(y) + 2(y)(2z) + 2(3x)(2z) = 9x^2 + y^2 + 4z^2 + 6xy + 4yz + 12xz।",3
বীজগাণিতিক সূত্র,111,"যদি a^2 + b^2 = 15 এবং ab = 5 হয়, তবে a^4 + b^4 এর মান কত?",175,150,125,100,A,"a^4 + b^4 = (a^2 + b^2)^2 - 2a^2b^2। দেওয়া আছে a^2 + b^2 = 15 এবং ab = 5, তাই a^2b^2 = 25। তাই, a^4 + b^4 = (15)^2 - 2(25) = 225 - 50 = 175।",6
বীজগাণিতিক সূত্র,112,"যদি a = b = c = d = e = 2 হয়, তবে (a + b + c + d + e)^2 এর মান কত?",100,80,60,40,A,"(a + b + c + d + e)^2 = (2 + 2 + 2 + 2 + 2)^2 = 10^2 = 100। বিকল্পভাবে, বিস্তৃত করুন: 5(2)^2 + 2(2)(2) প্রতিটি জোড়ার জন্য (10টি জোড়া) = 20 + 80 = 100।",3
বীজগাণিতিক সূত্র,113,"যদি x + y = 5, xy = 6, এবং x > y হয়, তবে x^5 + y^5 এর মান কত?",275,243,32,515,A,"Q22 থেকে, x - y = 1। x + y = 5 এবং x - y = 1 সমাধান করে, আমরা পাই x = 3, y = 2। তাই, x^5 + y^5 = 3^5 + 2^5 = 243 + 32 = 275।",7
বীজগাণিতিক সূত্র,114,"যদি x - y = 4 এবং xy = 12 হয়, তবে x + y এর মান কত?",10,8,6,12,B,"(x + y)^2 = (x - y)^2 + 4xy = (4)^2 + 4(12) = 16 + 48 = 64। তাই, x + y = ±√64 = ±8। যেহেতু xy = 12 ধনাত্মক, তাই x + y = 8।",4
বীজগাণিতিক সূত্র,115,"যদি x + y = 5, xy = 6, এবং x > y হয়, তবে x^3 - y^3 - 3(x^2 + y^2) এর মান কত?",0,10,-20,-28,C,"x - y = √[(x + y)^2 - 4xy] = √[25 - 24] = 1। Q121 থেকে, 2(x^2 + y^2) = 26, তাই x^2 + y^2 = 13। x^3 - y^3 = (x - y)[(x - y)^2 + 3xy] = 1(1 + 18) = 19। তাই, x^3 - y^3 - 3(x^2 + y^2) = 19 - 3(13) = 19 - 39 = -20।",7
বীজগাণিতিক সূত্র,116,(5x + 4y + 3z)^2 + 2(5x + 4y + 3z)(5x - 4y - 3z) + (5x - 4y - 3z)^2 সরল করুন।,100x^2,75x^2,50x^2,25x^2,A,"ধরি a = 5x + 4y + 3z, b = 5x - 4y - 3z। প্রকাশটি হয় a^2 + 2ab + b^2 = (a + b)^2 = (5x + 4y + 3z + 5x - 4y - 3z)^2 = (10x)^2 = 100x^2।",6
বীজগাণিতিক সূত্র,117,"যদি a + b + c = 10 এবং a^2 + b^2 + c^2 = 38 হয়, তবে ab + bc + ca এর মান কত?",31,32,33,34,A,"2(ab + bc + ca) = (a + b + c)^2 - (a^2 + b^2 + c^2) = (10)^2 - 38 = 100 - 38 = 62। তাই, ab + bc + ca = 62/2 = 31।",5
বীজগাণিতিক সূত্র,118,"যদি a + b + c = 14 এবং a^2 + b^2 + c^2 = 66 হয়, তবে ab + bc + ca এর মান কত?",65,64,63,62,A,"2(ab + bc + ca) = (a + b + c)^2 - (a^2 + b^2 + c^2) = (14)^2 - 66 = 196 - 66 = 130। তাই, ab + bc + ca = 130/2 = 65।",5
বীজগাণিতিক সূত্র,119,"যদি a + 1/a = 5 হয়, তবে a^2 + 1/a^2 + a^4 + 1/a^4 এর মান কত?",527,479,431,548,D,"a^2 + 1/a^2 = (a + 1/a)^2 - 2 = (5)^2 - 2 = 23। তারপর, a^4 + 1/a^4 = (a^2 + 1/a^2)^2 - 2 = (23)^2 - 2 = 527 - 2 = 525। মোট = 23 + 525 = 548।",10
বীজগাণিতিক সূত্র,120,"যদি x - y = 2 এবং xy = 24 হয়, তবে x + y এর মান কত?",10,8,6,12,A,"(x + y)^2 = (x - y)^2 + 4xy = (2)^2 + 4(24) = 4 + 96 = 100। তাই, x + y = ±√100 = ±10। যেহেতু x + y ধনাত্মক হতে হবে (কারণ xy = 24 ধনাত্মক), তাই x + y = 10।",5
বীজগাণিতিক সূত্র,121,"যদি x + y = 5, xy = 6, এবং x > y হয়, তবে 2(x^2 + y^2) এর মান কত?",26,20,14,8,A,2(x^2 + y^2) = 2[(x + y)^2 - 2xy] = 2[(5)^2 - 2(6)] = 2(25 - 12) = 2(13) = 26।,5
বীজগাণিতিক সূত্র,122,"যদি x + y = 5, xy = 6, এবং x > y হয়, তবে x^3 - y^3 - 3(x^2 + y^2) এর মান কত?",-28,-20,0,10,C,"x - y = √[(x + y)^2 - 4xy] = √[25 - 24] = 1। Q121 থেকে, 2(x^2 + y^2) = 26, তাই x^2 + y^2 = 13। x^3 - y^3 = (x - y)[(x - y)^2 + 3xy] = 1(1 + 18) = 19। তাই, x^3 - y^3 - 3(x^2 + y^2) = 19 - 3(13) = 19 - 39 = -20।",7
বীজগাণিতিক সূত্র,123,"যদি x + y = 5, xy = 6, এবং x > y হয়, তবে x^5 + y^5 এর মান কত?",32,243,275,724,C,"Q122 থেকে, x - y = 1, তাই x = 3, y = 2। তাই, x^5 + y^5 = 3^5 + 2^5 = 243 + 32 = 275।",8
বীজগাণিতিক সূত্র,124,"যদি x + y = 5, xy = 6, এবং x > y হয়, তবে 2(x^2 + y^2) এর মান কত?",26,20,14,32,A,2(x^2 + y^2) = 2[(x + y)^2 - 2xy] = 2[(5)^2 - 2(6)] = 2(25 - 12) = 2(13) = 26।,4
বীজগাণিতিক সূত্র,125,"যদি a + 1/a = 2 হয়, তবে a^2 + 1/a^2 + a^4 + 1/a^4 এর মান কত?",8,6,4,2,C,"a^2 + 1/a^2 = (a + 1/a)^2 - 2 = (2)^2 - 2 = 2। তারপর, a^4 + 1/a^4 = (a^2 + 1/a^2)^2 - 2 = (2)^2 - 2 = 2। তাই, a^2 + 1/a^2 + a^4 + 1/a^4 = 2 + 2 = 4। প্রশ্নটি সমতা দেখতে বলে, কিন্তু মান গণনা করে: 2 + 2 = 4।",8
বীজগাণিতিক সূত্র,126,"যদি x + y = 9 এবং xy = 20 হয়, তবে x^3 + y^3 এর মান কত?",189,243,297,351,A,"x^3 + y^3 = (x + y)^3 - 3xy(x + y)। দেওয়া আছে x + y = 9 এবং xy = 20, আমরা পাই x^3 + y^3 = (9)^3 - 3(20)(9) = 729 - 540 = 189।",5
বীজগাণিতিক সূত্র,127,"যদি a + b = 15m এবং ab = 54m^2 হয়, তবে a - b এর মান কত?",9m,6m,3m,12m,C,"(a - b)^2 = (a + b)^2 - 4ab = (15m)^2 - 4(54m^2) = 225m^2 - 216m^2 = 9m^2। তাই, a - b = ±√(9m^2) = ±3m। ধনাত্মক মান নিন: 3m।",6
বীজগাণিতিক সূত্র,128,(6a - 2b)^3 এর মান কত?,216a^3 - 216a^2b + 72ab^2 - 8b^3,216a^3 + 216a^2b + 72ab^2 + 8b^3,216a^3 + 8b^3,216a^3 - 8b^3,A,"(a - b)^3 = a^3 - 3a^2b + 3ab^2 - b^3 সূত্র ব্যবহার করে, এখানে a = 6a এবং b = 2b, আমরা পাই (6a - 2b)^3 = (6a)^3 - 3(6a)^2(2b) + 3(6a)(2b)^2 - (2b)^3 = 216a^3 - 216a^2b + 72ab^2 - 8b^3।",5
বীজগাণিতিক সূত্র,129,"যদি 2x + 2/x = 4 হয়, তবে x^2 + 1/x^2 এর মান কত?",3,4,5,6,A,"(2x + 2/x)^2 = 4(x^2 + 1/x^2) + 4 = (4)^2 = 16। তাই, 4(x^2 + 1/x^2) + 4 = 16, অতএব 4(x^2 + 1/x^2) = 12, এবং x^2 + 1/x^2 = 3।",6
বীজগাণিতিক সূত্র,130,"যদি x + y = 6, xy = 8, এবং x > y হয়, তবে x^5 + y^5 এর মান কত?",1056,1232,16,2736,A,"Q222 থেকে, x - y = 2, তাই x = 4, y = 2। তাই, x^5 + y^5 = 4^5 + 2^5 = 1024 + 32 = 1056।",8
উৎপাদকে বিশ্লেষণ,131,7x^2y + 14xy^2 + 21x^2y^2 কে উৎপাদকে বিশ্লেষণ করুন।,7xy(x + 2y + 3xy),7xy(2x + y + 3xy),7xy(x + y + xy),7xy(3x + 2y + xy),A,সাধারণ পদ 7xy উৎপাদক হিসেবে বের করুন: 7x^2y + 14xy^2 + 21x^2y^2 = 7xy(x + 2y + 3xy)।,1
উৎপাদকে বিশ্লেষণ,132,6ab(x + y) - 3bc(x + y) + 9ca(x + y) কে উৎপাদকে বিশ্লেষণ করুন।,(x + y)(6ab - 3bc + 9ca),(x - y)(6ab + 3bc + 9ca),(x + y)(2ab - bc + 3ca),(x - y)(6ab - 3bc + 9ca),A,সাধারণ পদ (x + y) উৎপাদক হিসেবে বের করুন: 6ab(x + y) - 3bc(x + y) + 9ca(x + y) = (x + y)(6ab - 3bc + 9ca)।,1
উৎপাদকে বিশ্লেষণ,133,49x^2 + 56x + 16 কে উৎপাদকে বিশ্লেষণ করুন।,(7x + 4)^2,(49x + 4)^2,(7x + 16)^2,(x + 4)^2,A,এটি একটি পূর্ণবর্গ: 49x^2 + 56x + 16 = (7x)^2 + 2(7x)(4) + (4)^2 = (7x + 4)^2।,2
উৎপাদকে বিশ্লেষণ,134,64x^2 - 48xy + 9y^2 কে উৎপাদকে বিশ্লেষণ করুন।,(8x + 3y)^2,(8x - 3y)^2,(64x - 3y)^2,(x - 3y)^2,B,এটি একটি পূর্ণবর্গ: 64x^2 - 48xy + 9y^2 = (8x)^2 - 2(8x)(3y) + (3y)^2 = (8x - 3y)^2।,2
উৎপাদকে বিশ্লেষণ,135,a^2 - 16 + 8b - b^2 কে উৎপাদকে বিশ্লেষণ করুন।,(a + b - 4)(a - b + 4),(a - b - 4)(a + b + 4),(a + b)(a - b),(a + 4)(a - 4),A,পুনর্বিন্যাস করুন: a^2 - 16 + 8b - b^2 = a^2 - (b^2 - 8b + 16) = a^2 - (b - 4)^2 = (a + b - 4)(a - b + 4)।,3
উৎপাদকে বিশ্লেষণ,136,a^4 + 625b^4 কে উৎপাদকে বিশ্লেষণ করুন।,(a^2 + 25b^2 + 5ab)(a^2 + 25b^2 - 5ab),(a^2 + 25b^2)^2 - (5ab)^2,(a + 5b)(a - 5b)(a^2 + 25b^2),(a^2 + 5b^2)(a^2 - 5b^2),A,a^4 + 625b^4 = (a^2)^2 + (25b^2)^2 = (a^2 + 25b^2)^2 - (5ab)^2 = (a^2 + 25b^2 + 5ab)(a^2 + 25b^2 - 5ab)।,4
উৎপাদকে বিশ্লেষণ,137,x^2 + 19x + 90 কে উৎপাদকে বিশ্লেষণ করুন।,(x + 9)(x + 10),(x + 6)(x + 15),(x + 5)(x + 18),(x + 3)(x + 30),A,"90 এর উৎপাদক খুঁজুন যাদের যোগফল 19: 9 এবং 10। তাই, x^2 + 19x + 90 = (x + 9)(x + 10)।",3
উৎপাদকে বিশ্লেষণ,138,x^2 + 4x - 77 কে উৎপাদকে বিশ্লেষণ করুন।,(x + 11)(x - 7),(x + 7)(x - 11),(x + 4)(x - 19),(x + 19)(x - 4),A,"-77 এর উৎপাদক খুঁজুন যাদের যোগফল 4: 11 এবং -7। তাই, x^2 + 4x - 77 = (x + 11)(x - 7)।",3
উৎপাদকে বিশ্লেষণ,139,4x^2 - 9x - 28 কে উৎপাদকে বিশ্লেষণ করুন।,(4x + 7)(x - 4),(4x - 7)(x + 4),(x + 7)(4x - 4),(x - 7)(4x + 4),A,মধ্যম পদ ভাঙার পদ্ধতি ব্যবহার করুন: 4x^2 - 9x - 28 = 4x^2 - 16x + 7x - 28 = (4x + 7)(x - 4)।,4
উৎপাদকে বিশ্লেষণ,140,125x^3 + 150x^2y + 60xy^2 + 8y^3 কে উৎপাদকে বিশ্লেষণ করুন।,(5x + 2y)^3,(10x + 4y)^3,(5x + 2y)(10x + 4y)^2,(x + 2y)^3,A,এটি একটি পূর্ণঘন: 125x^3 + 150x^2y + 60xy^2 + 8y^3 = (5x)^3 + 3(5x)^2(2y) + 3(5x)(2y)^2 + (2y)^3 = (5x + 2y)^3।,5
উৎপাদকে বিশ্লেষণ,141,8a^3 + 27b^3 কে উৎপাদকে বিশ্লেষণ করুন।,(2a - 3b)(4a^2 + 6ab + 9b^2),(2a + 3b)(4a^2 + 6ab + 9b^2),(2a + 3b)(4a^2 - 6ab + 9b^2),(2a - 3b)(4a^2 - 6ab + 9b^2),C,a^3 + b^3 = (a + b)(a^2 - ab + b^2) সূত্র ব্যবহার করুন: 8a^3 + 27b^3 = (2a)^3 + (3b)^3 = (2a + 3b)(4a^2 - 6ab + 9b^2)।,5
উৎপাদকে বিশ্লেষণ,142,a^6 - 512 কে উৎপাদকে বিশ্লেষণ করুন।,(a + 8)(a - 8)(a^2 + 8a + 64)(a^2 - 8a + 64),(a^3 + 64)(a^3 - 64),(a + 8)(a - 8)(a^2 + 64),(a^3 + 8)(a^3 - 8),A,a^6 - 512 = (a^3)^2 - (8)^2 = (a^3 + 8)(a^3 - 8) = (a + 8)(a^2 - 8a + 64)(a - 8)(a^2 + 8a + 64)।,6
উৎপাদকে বিশ্লেষণ,143,5x^4 + 40x কে উৎপাদকে বিশ্লেষণ করুন।,5x(x + 2)(x^2 - 2x + 4),5x(x^3 - 8),5x(x - 2)(x^2 + 2x + 4),5x(x^3 + 8),A,5x উৎপাদক হিসেবে বের করুন: 5x^4 + 40x = 5x(x^3 + 8) = 5x(x + 2)(x^2 - 2x + 4)।,4
উৎপাদকে বিশ্লেষণ,144,27 - a^3 + 3a^2b - 3ab^2 + b^3 কে উৎপাদকে বিশ্লেষণ করুন।,(3 + a + b)(9 - 3a - 3b + a^2 + ab + b^2),(3 - a - b)(9 + 3a + 3b + a^2 + ab + b^2),(3 + a - b)(9 - 3a + 3b + a^2 - ab + b^2),(3 - a + b)(9 + 3a - 3b + a^2 - ab + b^2),D,পুনর্বিন্যাস করুন: 27 - a^3 + 3a^2b - 3ab^2 + b^3 = (3)^3 - (a - b)^3 = (3 - (a - b))((3)^2 + 3(a - b) + (a - b)^2) = (3 - a + b)(9 + 3a - 3b + a^2 - ab + b^2)।,6
উৎপাদকে বিশ্লেষণ,145,(a + b)^3 + (a - b)^3 + 6(a + b)(a - b)^2 কে উৎপাদকে বিশ্লেষণ করুন।,2b(a + 3b)^2,2a(a - 3b)^2,2a(a + 3b)^2,2b(a - 3b)^2,C,(a + b)^3 + (a - b)^3 + 6(a + b)(a - b)^2 = 2a(a^2 + 3b^2) + 6(a + b)(a - b)^2 = 2a(a^2 + 3b^2 + 3(a - b)^2) = 2a(a + 3b)^2।,7
উৎপাদকে বিশ্লেষণ,146,1/5x^2 + 2/5x + 1/5 কে উৎপাদকে বিশ্লেষণ করুন।,(x + 1/5)(x + 1),(x + 1/5)(x + 1/5),(x + 1/5)(x + 1/5),(x + 1/5)(x + 1),D,5 দ্বারা গুণ করে ভগ্নাংশ পরিষ্কার করুন: x^2 + 2x + 1। উৎপাদকে বিশ্লেষণ: x^2 + 2x + 1 = (x + 1)^2। 5 দ্বারা ভাগ করুন: (x + 1)(x + 1) = (x + 1/5)(x + 1)।,7
উৎপাদকে বিশ্লেষণ,147,a^3 + 1/125 কে উৎপাদকে বিশ্লেষণ করুন।,(a - 1/5)(a^2 + 1/5a + 1/25),(a + 1/5)(a^2 - 1/5a + 1/25),(a + 1/25)(a^2 - 1/25a + 1/625),(a - 1/25)(a^2 + 1/25a + 1/625),B,a^3 + 1/125 = a^3 + (1/5)^3 = (a + 1/5)(a^2 - (a)(1/5) + (1/5)^2) = (a + 1/5)(a^2 - 1/5a + 1/25)।,5
উৎপাদকে বিশ্লেষণ,148,49x^2 - 64y^2 - 14xz + 16yz কে উৎপাদকে বিশ্লেষণ করুন।,(7x + 8y - 2z)(7x - 8y + 2z),(7x - 8y)(7x + 8y),(7x + 8y - 2z)^2,(7x - 8y - 2z)(7x + 8y + 2z),A,পুনর্বিন্যাস করুন: 49x^2 - 64y^2 - 14xz + 16yz = (7x)^2 - (8y)^2 - 2(7x)(z) + 2(8y)(z) = (7x + 8y - 2z)(7x - 8y + 2z)।,6
উৎপাদকে বিশ্লেষণ,149,x^3 + 10x^2y + 31xy^2 + 30y^3 কে উৎপাদকে বিশ্লেষণ করুন।,(x + 2y)(x + 3y)(x + 5y),(x + y)^2(x + 5y),(x + 2y)^3,(x + y)(x + 5y)^2,A,সমন্বয় করুন: x^3 + 10x^2y + 31xy^2 + 30y^3 = (x + 2y)(x^2 + 8xy + 15y^2) = (x + 2y)(x + 3y)(x + 5y)।,8
উৎপাদকে বিশ্লেষণ,150,x^4 + 21x^2 + 20 কে উৎপাদকে বিশ্লেষণ করুন।,(x^2 + 1)(x^2 + 20),(x^2 + 4)(x^2 + 5),(x^2 + 2)(x^2 + 10),(x^2 + 1)(x^2 + 21),A,"ধরি u = x^2। তাহলে, x^4 + 21x^2 + 20 = u^2 + 21u + 20 = (u + 1)(u + 20) = (x^2 + 1)(x^2 + 20)।",6
উৎপাদকে বিশ্লেষণ,151,x^2 - 44x + 448 কে উৎপাদকে বিশ্লেষণ করুন।,(x - 16)(x - 28),(x - 14)(x - 32),(x - 8)(x - 56),(x - 4)(x - 112),A,"448 এর উৎপাদক খুঁজুন যাদের যোগফল -44: -16 এবং -28। তাই, x^2 - 44x + 448 = (x - 16)(x - 28)।",4
উৎপাদকে বিশ্লেষণ,152,a^8 - a^4 - 24 কে উৎপাদকে বিশ্লেষণ করুন।,(a^4 - 6)(a^4 + 4),(a^4 + 6)(a^4 - 4),(a^2 + 2)(a^2 - 2)(a^4 + 6),(a^2 + 1)(a^2 + 1)(a^4 - 6),A,"ধরি u = a^4। তাহলে, a^8 - a^4 - 24 = u^2 - u - 24 = (u - 6)(u + 4) = (a^4 - 6)(a^4 + 4)।",5
উৎপাদকে বিশ্লেষণ,153,x^2 - 50x - 600 কে উৎপাদকে বিশ্লেষণ করুন।,(x - 60)(x + 10),(x + 60)(x - 10),(x - 30)(x + 20),(x + 30)(x - 20),A,"-600 এর উৎপাদক খুঁজুন যাদের যোগফল -50: -60 এবং 10। তাই, x^2 - 50x - 600 = (x - 60)(x + 10)।",4
উৎপাদকে বিশ্লেষণ,154,36x^2y^2 - 11xy^2 - 20y^2 কে উৎপাদকে বিশ্লেষণ করুন।,y^2(6x - 5)(6x + 4),y^2(6x + 5)(6x - 4),y^2(36x - 11)(x + 20),y^2(36x + 11)(x - 20),A,"y^2 উৎপাদক হিসেবে বের করুন: 36x^2y^2 - 11xy^2 - 20y^2 = y^2(36x^2 - 11x - 20)। তারপর, 36x^2 - 11x - 20 = (6x - 5)(6x + 4)। তাই, y^2(6x - 5)(6x + 4)।",6
উৎপাদকে বিশ্লেষণ,155,9x^4 - 56x^2 - 81 কে উৎপাদকে বিশ্লেষণ করুন।,(3x^2 - 9)(3x^2 + 9),(3x^2 + 9)(3x^2 - 9),(9x^2 + 9)(x^2 - 9),(9x^2 - 9)(x^2 + 9),A,"ধরি u = x^2। তাহলে, 9x^4 - 56x^2 - 81 = 9u^2 - 56u - 81 = (3u - 9)(3u + 9) = (3x^2 - 9)(3x^2 + 9)।",7
উৎপাদকে বিশ্লেষণ,156,dx^2 + (d^2 + 1)x + d কে উৎপাদকে বিশ্লেষণ করুন।,(x + d)(dx + 1),(x + 1)(dx + d),(x - d)(dx - 1),(x - 1)(dx - d),A,মধ্যম পদ ভাঙার পদ্ধতি ব্যবহার করুন: dx^2 + (d^2 + 1)x + d = dx^2 + d^2x + x + d = (dx + 1)(x + d)।,5
উৎপাদকে বিশ্লেষণ,157,6(a^2 + 5a)^2 - 38(a^2 + 5a) + 72 কে উৎপাদকে বিশ্লেষণ করুন।,6(a + 5)(a - 2)(a^2 + 5a - 6),(a^2 + 5a - 6)(6a^2 + 30a - 12),(a^2 + 5a - 12)(6a^2 + 30a - 6),(a^2 + 5a + 6)(6a^2 + 30a + 12),A,"ধরি u = a^2 + 5a। তাহলে, 6u^2 - 38u + 72 = (3u - 12)(2u - 6) = 6(a^2 + 5a - 4)(a^2 + 5a - 3) = 6(a + 5)(a - 2)(a^2 + 5a - 6)।",8
উৎপাদকে বিশ্লেষণ,158,(d - 4)x^2 + d^2xy + (d + 4)y^2 কে উৎপাদকে বিশ্লেষণ করুন।,(x + dy)(dx + y),(x - dy)(dx - y),(x + y)(dx + y),(x - y)(dx - y),A,এটি x এর একটি দ্বিঘাত সমীকরণ: (d - 4)x^2 + d^2xy + (d + 4)y^2। ডিসক্রিমিন্যান্ট ব্যবহার করে উৎপাদকে বিশ্লেষণ করুন: (x + dy)(dx + y)।,6
উৎপাদকে বিশ্লেষণ,159,4d^2e^2 + 4e^2a^2 + 4a^2d^2 - a^4 - d^4 - e^4 কে উৎপাদকে বিশ্লেষণ করুন।,(a^2 + d^2 - e^2)(a^2 - d^2 + e^2),(a^2 + d^2 + e^2)(a^2 - d^2 - e^2),(a^2 - d^2 - e^2)(a^2 + d^2 + e^2),(a^2 + d^2 - e^2)(a^2 - d^2 - e^2),A,পুনর্বিন্যাস করুন: 4d^2e^2 + 4e^2a^2 + 4a^2d^2 - a^4 - d^4 - e^4 = (a^2 + d^2 - e^2)(a^2 - d^2 + e^2)।,8
উৎপাদকে বিশ্লেষণ,160,(x + 4)(x + 5)(x + 6)(x + 7) - 96 কে উৎপাদকে বিশ্লেষণ করুন।,(x^2 + 9x + 14)(x^2 + 9x - 2),(x^2 + 9x + 2)(x^2 + 9x + 14),(x^2 + 9x - 2)(x^2 + 9x + 2),(x^2 + 9x + 2)(x^2 + 9x - 14),B,"ধরি u = x^2 + 9x। তাহলে, (x + 4)(x + 5)(x + 6)(x + 7) = (u + 14)(u + 2) = u^2 + 16u + 28। তাই, u^2 + 16u - 68 = (u + 2)(u + 14) = (x^2 + 9x + 2)(x^2 + 9x + 14)।",10
ভাগশেষ উপপাদ্য,161,"যদি f(x) = 8x^2 - 9x + 7 কে x - 2 দ্বারা ভাগ করা হয়, তবে ভাগশেষ কত?",5,9,13,17,C,"ভাগশেষ উপপাদ্য ব্যবহার করে, f(a) হল f(x) কে (x - a) দ্বারা ভাগ করলে ভাগশেষ। এখানে, a = 2, তাই f(2) = 8(2)^2 - 9(2) + 7 = 32 - 18 + 7 = 13।",2
ভাগশেষ উপপাদ্য,162,a^4 - 4a + 3 কে উৎপাদকে বিশ্লেষণ করুন।,(a - 1)(a + 1)(a^2 + 3),(a - 1)(a + 1)(a^2 - 3),(a - 1)^2(a^2 + 3),(a + 1)^2(a^2 - 3),B,"a = 1 পরীক্ষা করুন: f(1) = 0, তাই a - 1 একটি উৎপাদক। উৎপাদকে বিশ্লেষণ: a^4 - 4a + 3 = (a - 1)(a + 1)(a^2 - 3)।",7
ভাগশেষ উপপাদ্য,163,x^3 - 2x - 32 কে ভাগশেষ উপপাদ্য ব্যবহার করে উৎপাদকে বিশ্লেষণ করুন।,(x - 4)(x^2 + 4x + 8),(x + 4)(x^2 - 4x + 8),(x - 2)(x^2 + 2x + 16),(x + 2)(x^2 - 2x + 16),A,"x = 4 পরীক্ষা করুন: f(4) = 0, তাই x - 4 একটি উৎপাদক। উৎপাদকে বিশ্লেষণ: x^3 - 2x - 32 = (x - 4)(x^2 + 4x + 8)।",6
ভাগশেষ উপপাদ্য,164,"যদি f(x) = x^3 - 5xy^2 + 4y^3 কে x - y দ্বারা ভাগ করা হয়, তবে ভাগশেষ কত?",0,y^3,2y^3,3y^3,A,"f(y) = y^3 - 5y(y^2) + 4y^3 = y^3 - 5y^3 + 4y^3 = 0। তাই, x - y একটি উৎপাদক, এবং ভাগশেষ 0।",4
ভাগশেষ উপপাদ্য,165,x^3 - 5xy^2 + 4y^3 কে উৎপাদকে বিশ্লেষণ করুন।,(x - y)^2(x + 4y),(x + y)(x - y)(x + 4y),(x - y)(x^2 + xy + 4y^2),(x + y)(x^2 - xy + 4y^2),A,"Q164 থেকে, x - y একটি উৎপাদক। উৎপাদকে বিশ্লেষণ: x^3 - 5xy^2 + 4y^3 = (x - y)(x^2 + xy - 4y^2) = (x - y)^2(x + 4y)।",5
ভাগশেষ উপপাদ্য,166,"যদি f(x) = 72x^4 + 36x^3a - 20x - 10a কে 2x + a দ্বারা ভাগ করা হয়, তবে ভাগশেষ কত?",0,a,2a,4a,A,"2x + a দ্বারা ভাগ করুন, তাই x = -a/2। f(-a/2) = 72(-a/2)^4 + 36(-a/2)^3a - 20(-a/2) - 10a = 0। তাই, ভাগশেষ 0, এবং 2x + a একটি উৎপাদক।",6
ভাগশেষ উপপাদ্য,167,72x^4 + 36x^3a - 20x - 10a কে উৎপাদকে বিশ্লেষণ করুন।,(2x + a)(3x - 2)(12x^2 + 8x + 5),(2x - a)(3x + 2)(12x^2 - 8x + 5),(2x + a)(3x + 2)(12x^2 + 8x + 5),(2x - a)(3x - 2)(12x^2 - 8x + 5),A,"Q166 থেকে, 2x + a একটি উৎপাদক। উৎপাদকে বিশ্লেষণ: 72x^4 + 36x^3a - 20x - 10a = (2x + a)(36x^3 - 10) = (2x + a)(3x - 2)(12x^2 + 8x + 5)।",7
ভাগশেষ উপপাদ্য,168,x^3 + 2x^2 - 5x - 6 কে উৎপাদকে বিশ্লেষণ করুন।,(x + 1)(x - 2)(x + 3),(x - 1)(x + 2)(x - 3),(x + 1)(x + 2)(x - 3),(x - 1)(x - 2)(x + 3),A,"x = -1 পরীক্ষা করুন: f(-1) = 0, তাই x + 1 একটি উৎপাদক। উৎপাদকে বিশ্লেষণ: x^3 + 2x^2 - 5x - 6 = (x + 1)(x - 2)(x + 3)।",5
ভাগশেষ উপপাদ্য,169,a^3 - 16 + (a + 2)^3 কে উৎপাদকে বিশ্লেষণ করুন।,(a - 2)(2a^2 + 7a + 14),(a + 2)(2a^2 + 3a + 14),(a - 2)(2a^2 + 3a + 14),(a + 2)(2a^2 + 7a + 14),A,"সরল করুন: a^3 - 16 + (a + 2)^3 = 2a^3 + 6a^2 + 12a - 8। a = 2 পরীক্ষা করুন: f(2) = 0, তাই a - 2 একটি উৎপাদক। উৎপাদকে বিশ্লেষণ: (a - 2)(2a^2 + 7a + 14)।",6
ভাগশেষ উপপাদ্য,170,x^3 - 24x - 35 কে উৎপাদকে বিশ্লেষণ করুন।,(x + 1)(x - 5)(x + 7),(x - 1)(x + 5)(x - 7),(x + 1)(x + 5)(x - 7),(x - 1)(x - 5)(x + 7),B,"-35 এর উৎপাদক পরীক্ষা করুন: f(1) = 0, তাই x - 1 একটি উৎপাদক। উৎপাদকে বিশ্লেষণ: x^3 - 24x - 35 = (x - 1)(x^2 + x - 35) = (x - 1)(x + 5)(x - 7)।",5
ভাগশেষ উপপাদ্য,171,3x^3 - 4x^2 + 5x - 2 কে উৎপাদকে বিশ্লেষণ করুন।,(x - 1)(3x^2 - x + 2),(x + 1)(3x^2 - x - 2),(x - 1)(3x^2 + x + 2),(x + 1)(3x^2 + x - 2),C,"x = 1 পরীক্ষা করুন: f(1) = 3 - 4 + 5 - 2 = 0, তাই x - 1 একটি উৎপাদক। উৎপাদকে বিশ্লেষণ: 3x^3 - 4x^2 + 5x - 2 = (x - 1)(3x^2 + x + 2)।",6
ভাগশেষ উপপাদ্য,172,x^3 + 7x^2 + 14x + 8 কে উৎপাদকে বিশ্লেষণ করুন।,(x + 1)(x + 2)(x + 4),(x - 1)(x - 2)(x - 4),(x + 1)(x + 4)(x + 5),(x - 1)(x - 4)(x - 5),A,"x = -1 পরীক্ষা করুন: f(-1) = 0, তাই x + 1 একটি উৎপাদক। উৎপাদকে বিশ্লেষণ: x^3 + 7x^2 + 14x + 8 = (x + 1)(x^2 + 6x + 8) = (x + 1)(x + 2)(x + 4)।",5
ভাগশেষ উপপাদ্য,173,x^3 + 8x^2 + 19x + 12 কে উৎপাদকে বিশ্লেষণ করুন।,(x + 1)(x + 3)(x + 4),(x - 1)(x - 3)(x - 4),(x + 1)(x + 4)(x + 6),(x - 1)(x - 4)(x - 6),A,"x = -1 পরীক্ষা করুন: f(-1) = 0, তাই x + 1 একটি উৎপাদক। উৎপাদকে বিশ্লেষণ: x^3 + 8x^2 + 19x + 12 = (x + 1)(x^2 + 7x + 12) = (x + 1)(x + 3)(x + 4)।",5
ভাগশেষ উপপাদ্য,174,x^3 - 7xy^2 + 6y^3 কে উৎপাদকে বিশ্লেষণ করুন।,(x + y)(x - 2y)(x + 3y),(x - y)(x + 2y)(x + 3y),(x + y)^2(x - 2y),(x - y)(x + 3y)^2,B,"x = y পরীক্ষা করুন: f(y) = 0, তাই x - y একটি উৎপাদক। উৎপাদকে বিশ্লেষণ: x^3 - 7xy^2 + 6y^3 = (x - y)(x + 2y)(x + 3y)।",6
ভাগশেষ উপপাদ্য,175,x^3 + 3x^2 - 4x - 12 কে উৎপাদকে বিশ্লেষণ করুন।,(x + 1)(x - 2)(x + 6),(x - 1)(x + 2)(x - 6),(x + 1)(x + 2)(x - 6),(x - 1)(x - 2)(x + 6),C,"x = -1 পরীক্ষা করুন: f(-1) = 0, তাই x + 1 একটি উৎপাদক। উৎপাদকে বিশ্লেষণ: x^3 + 3x^2 - 4x - 12 = (x + 1)(x^2 + 2x - 6) = (x + 1)(x + 2)(x - 6)।",5
ভাগশেষ উপপাদ্য,176,x^3 + 5x^2 + 2x - 8 কে উৎপাদকে বিশ্লেষণ করুন।,(x + 1)(x + 2)(x + 4),(x + 2)(x - 1)(x + 4),(x - 1)(x + 2)(x + 4),(x + 1)(x + 2)(x - 4),D,"x = 1 পরীক্ষা করুন: f(1) = 0, তাই x - 1 একটি উৎপাদক। উৎপাদকে বিশ্লেষণ: x^3 + 5x^2 + 2x - 8 = (x + 1)(x + 2)(x - 4)।",5
ভাগশেষ উপপাদ্য,177,a^3 + 4a + 48 কে উৎপাদকে বিশ্লেষণ করুন।,(a + 4)(a^2 - 4a + 12),(a - 4)(a^2 + 4a + 12),(a + 6)(a^2 - 6a + 8),(a - 6)(a^2 + 6a + 8),A,"a = -4 পরীক্ষা করুন: f(-4) = 0, তাই a + 4 একটি উৎপাদক। উৎপাদকে বিশ্লেষণ: a^3 + 4a + 48 = (a + 4)(a^2 - 4a + 12)।",6
ভাগশেষ উপপাদ্য,178,a^4 - 5a + 4 কে উৎপাদকে বিশ্লেষণ করুন।,(a - 1)(a + 1)(a^2 + 4),(a - 1)(a + 1)(a^2 - 4),(a - 1)^2(a^2 + 4),(a + 1)^2(a^2 - 4),B,"a = 1 পরীক্ষা করুন: f(1) = 0, তাই a - 1 একটি উৎপাদক। উৎপাদকে বিশ্লেষণ: a^4 - 5a + 4 = (a - 1)(a + 1)(a^2 - 4)।",7
ভাগশেষ উপপাদ্য,179,x^3 - 2x - 32 কে উৎপাদকে বিশ্লেষণ করুন।,(x - 4)(x^2 + 4x + 8),(x + 4)(x^2 - 4x + 8),(x - 2)(x^2 + 2x + 16),(x + 2)(x^2 - 2x + 16),A,"x = 4 পরীক্ষা করুন: f(4) = 0, তাই x - 4 একটি উৎপাদক। উৎপাদকে বিশ্লেষণ: x^3 - 2x - 32 = (x - 4)(x^2 + 4x + 8)।",6
ভাগশেষ উপপাদ্য,180,2x^4 - 5x^3 - 4x - 2 কে উৎপাদকে বিশ্লেষণ করুন।,(x - 1)(2x^3 - 3x^2 - x - 2),(x + 1)(2x^3 - 7x^2 + 6x - 2),(x - 2)(2x^3 - x^2 - 2x - 1),(x + 2)(2x^3 - 9x^2 + 14x - 1),A,"x = 1 পরীক্ষা করুন: f(1) = 0, তাই x - 1 একটি উৎপাদক। উৎপাদকে বিশ্লেষণ: 2x^4 - 5x^3 - 4x - 2 = (x - 1)(2x^3 - 3x^2 - x - 2)।",7
বাস্তব সমস্যা সমাধানে বীজগাণিতিক সূত্র গঠন ও প্রয়োগ,181,"একটি ক্রীড়া অনুষ্ঠানের জন্য Tk. 36000 বাজেট নির্ধারণ করা হয়েছিল, প্রতিটি সদস্য সমানভাবে চাঁদা দিয়ে। যদি 4 জন সদস্য অংশগ্রহণ করতে অস্বীকার করে, এবং প্রতি মাথাপিছু চাঁদা Tk. 10 বৃদ্ধি পায়, তবে সংগঠনে কতজন সদস্য ছিল?",90,80,70,60,D,"ধরি x হল সদস্য সংখ্যা, q হল প্রতি মাথার চাঁদা। তাহলে qx = 36000, এবং (x - 4)(q + 10) = 36000। সমাধান করুন: q = 36000/x, (x - 4)(36000/x + 10) = 36000, যার ফলে x^2 - 4x - 14400 = 0। সমাধান: x = 60।",7
বাস্তব সমস্যা সমাধানে বীজগাণিতিক সূত্র গঠন ও প্রয়োগ,182,"যদি 20টি আইসক্রিম স্টিক প্রতি টাকায় বিক্রি হয় এবং এতে x% ক্ষতি হয়, তবে z% লাভের জন্য কতটি স্টিক বিক্রি করতে হবে?",(2000 - 20x)/(100 + z),(2000 + 20x)/(100 - z),(100 - x)/(100 + z),(100 + x)/(100 - z),A,1টি স্টিকের ক্রয়মূল্য = 100/[(100 - x) × 20]। z% লাভের জন্য বিক্রয়মূল্য = (100 + z)/[(100 - x) × 20]। স্টিকের সংখ্যা = (2000 - 20x)/(100 + z)।,7
বাস্তব সমস্যা সমাধানে বীজগাণিতিক সূত্র গঠন ও প্রয়োগ,183,একজন নৌকাবাহক x কিমি দূরত্ব t1 ঘণ্টায় স্রোতের বিপরীতে এবং t2 ঘণ্টায় স্রোতের সাথে পাড়ি দেয়। নৌকার গতি কত?,(x/2)(1/t1 + 1/t2),(x/2)(1/t2 - 1/t1),x/(t1 + t2),x/(t1 - t2),A,"ধরি u হল নৌকার গতি, v হল স্রোতের গতি। u - v = x/t1, u + v = x/t2। যোগ করুন: 2u = x(1/t1 + 1/t2), তাই u = (x/2)(1/t1 + 1/t2)।",6
বাস্তব সমস্যা সমাধানে বীজগাণিতিক সূত্র গঠন ও প্রয়োগ,184,একটি পাইপ একটি ট্যাঙ্ক 15 মিনিটে ভরে; আরেকটি পাইপ প্রতি মিনিটে 12 লিটার বের করে দেয়। একসাথে তারা ট্যাঙ্কটি 60 মিনিটে ভরে। ট্যাঙ্কের ধারণক্ষমতা কত?,180 লিটার,192 লিটার,204 লিটার,216 লিটার,D,"ধরি প্রতি মিনিটে x লিটার প্রবেশ করে, y লিটার হল ধারণক্ষমতা। y = 15x, y = 60x - 60(12)। সমাধান করুন: y = 216 লিটার।",7
বাস্তব সমস্যা সমাধানে বীজগাণিতিক সূত্র গঠন ও প্রয়োগ,185,"একটি বাস একটি পিকনিকের জন্য Tk. 4800 এ ভাড়া করা হয়েছিল, সমান ভাড়ায়। 8 জন যাত্রী অনুপস্থিত থাকায় ভাড়া প্রতি মাথায় Tk. 10 বৃদ্ধি পায়। কতজন যাত্রী বাসে উঠেছিল?",40,48,56,64,B,"ধরি x হল যাত্রী সংখ্যা। (x - 8)(4800/x + 10) = 4800। সমাধান করুন: x^2 - 8x - 3840 = 0, x = 48।",7
বাস্তব সমস্যা সমাধানে বীজগাণিতিক সূত্র গঠন ও প্রয়োগ,186,"A এবং B একসাথে একটি কাজ p দিনে করতে পারে, A একা q দিনে করতে পারে। B একা কত দিনে কাজটি করতে পারবে?",pq/(p - q),pq/(q - p),p/(q - p),q/(p - q),B,"A এর হার = 1/q, A + B এর হার = 1/p। B এর হার = 1/p - 1/q = (q - p)/(pq)। তাই, B একা কাজটি pq/(q - p) দিনে করতে পারবে।",6
বাস্তব সমস্যা সমাধানে বীজগাণিতিক সূত্র গঠন ও প্রয়োগ,187,Tk. 650 এর উপর 6 বছরে 7% হারে সরল সুদে লাভ কত?,Tk. 273,Tk. 260,Tk. 286,Tk. 300,A,"I = Pnr, যেখানে P = 650, n = 6, r = 7/100। I = 650 × 6 × (7/100) = 273।",4
বাস্তব সমস্যা সমাধানে বীজগাণিতিক সূত্র গঠন ও প্রয়োগ,188,"একটি বইয়ের মূল্য Tk. 30, যা প্রকৃত মূল্যের 75%। সরকার প্রতি বইয়ে কত টাকা ভর্তুকি দেয়?",Tk. 12,Tk. 10,Tk. 8,Tk. 6,B,"30 = 0.75 × প্রকৃত মূল্য, তাই প্রকৃত মূল্য = 30/0.75 = 40। ভর্তুকি = 40 - 30 = Tk. 10।",4
বাস্তব সমস্যা সমাধানে বীজগাণিতিক সূত্র গঠন ও প্রয়োগ,189,"যদি 12টি কমলালেবু প্রতি টাকায় বিক্রি হয় এবং এতে r% ক্ষতি হয়, তবে 10% লাভের জন্য প্রতি টাকায় কতটি কমলালেবু বিক্রি করতে হবে?",12(100 - r)/(110),12(100 + r)/(110),12(100 - r)/(100 + r),12(110)/(100 - r),A,12টি কমলালেবুর ক্রয়মূল্য = 100/(100 - r)। 10% লাভের জন্য বিক্রয়মূল্য = (100 + 10)/(100 - r) × 12 = 12(100 - r)/(110)।,7
বাস্তব সমস্যা সমাধানে বীজগাণিতিক সূত্র গঠন ও প্রয়োগ,190,Tk. 800 এর উপর 5 বছরে 6% হারে সরল সুদে লাভ কত?,Tk. 240,Tk. 220,Tk. 200,Tk. 180,A,"I = Pnr, যেখানে P = 800, n = 5, r = 6/100। I = 800 × 5 × (6/100) = 240।",4
বাস্তব সমস্যা সমাধানে বীজগাণিতিক সূত্র গঠন ও প্রয়োগ,191,Tk. 12000 এর উপর 2 বছরে 5% হারে চক্রবৃদ্ধি মূলধন কত?,Tk. 13230,Tk. 13000,Tk. 12800,Tk. 12600,A,A = P(1 + r)^n = 12000(1 + 0.05)^2 = 12000(1.05)^2 = 12000 × 1.1025 = 13230।,6
বাস্তব সমস্যা সমাধানে বীজগাণিতিক সূত্র গঠন ও প্রয়োগ,192,Tk. 2000 এর উপর 3 বছরে 4% হারে চক্রবৃদ্ধি সুদ কত?,Tk. 249.86,Tk. 240,Tk. 260,Tk. 270,A,A = 2000(1 + 0.04)^3 = 2000(1.04)^3 = 2000 × 1.124864 = 2249.86। সুদ = 2249.86 - 2000 = 249.86।,6
বাস্তব সমস্যা সমাধানে বীজগাণিতিক সূত্র গঠন ও প্রয়োগ,193,Tk. 900 এর উপর 3 বছরে 7% হারে সরল সুদে লাভ কত?,Tk. 189,Tk. 180,Tk. 171,Tk. 162,A,I = Pnr = 900 × 3 × (7/100) = 900 × 3 × 0.07 = 189।,5
বাস্তব সমস্যা সমাধানে বীজগাণিতিক সূত্র গঠন ও প্রয়োগ,194,"যদি 16টি কমলালেবু প্রতি টাকায় বিক্রি হয় এবং এতে r% ক্ষতি হয়, তবে 12% লাভের জন্য প্রতি টাকায় কতটি কমলালেবু বিক্রি করতে হবে?",16(100 - r)/(112),16(100 + r)/(112),16(100 - r)/(100 + r),16(112)/(100 - r),A,16টি কমলালেবুর ক্রয়মূল্য = 100/(100 - r)। 12% লাভের জন্য বিক্রয়মূল্য = (100 + 12)/(100 - r) × 16 = 16(100 - r)/(112)।,7
বাস্তব সমস্যা সমাধানে বীজগাণিতিক সূত্র গঠন ও প্রয়োগ,195,"যদি 15টি আইসক্রিম স্টিক প্রতি টাকায় বিক্রি হয় এবং এতে x% ক্ষতি হয়, তবে z% লাভের জন্য কতটি স্টিক বিক্রি করতে হবে?",(1500 - 15x)/(100 + z),(1500 + 15x)/(100 - z),(100 - x)/(100 + z),(100 + x)/(100 - z),A,1টি স্টিকের ক্রয়মূল্য = 100/[(100 - x) × 15]। z% লাভের জন্য বিক্রয়মূল্য = (100 + z)/[(100 - x) × 15]। স্টিকের সংখ্যা = (1500 - 15x)/(100 + z)।,7
বাস্তব সমস্যা সমাধানে বীজগাণিতিক সূত্র গঠন ও প্রয়োগ,196,"একটি ক্রীড়া অনুষ্ঠানের জন্য Tk. 54000 বাজেট নির্ধারণ করা হয়েছিল, প্রতিটি সদস্য সমানভাবে চাঁদা দিয়ে। যদি 6 জন সদস্য অংশগ্রহণ করতে অস্বীকার করে, এবং প্রতি মাথাপিছু চাঁদা Tk. 15 বৃদ্ধি পায়, তবে সংগঠনে কতজন সদস্য ছিল?",120,90,60,30,A,"ধরি x হল সদস্য সংখ্যা, q হল প্রতি মাথার চাঁদা। তাহলে qx = 54000, এবং (x - 6)(q + 15) = 54000। সমাধান করুন: q = 54000/x, (x - 6)(54000/x + 15) = 54000, যার ফলে x^2 - 6x - 21600 = 0। সমাধান: x = 120।",7
বাস্তব সমস্যা সমাধানে বীজগাণিতিক সূত্র গঠন ও প্রয়োগ,197,"মিতা একটি কাজ 12 দিনে করে, রিতা 20 দিনে করে। তারা একসাথে কত দিনে কাজটি শেষ করবে?",7.5 দিন,6.5 দিন,5.5 দিন,4.5 দিন,A,"মিতার হার = 1/12, রিতার হার = 1/20। একসাথে: 1/12 + 1/20 = 2/15, তাই সময় = 15/2 = 7.5 দিন।",4
বাস্তব সমস্যা সমাধানে বীজগাণিতিক সূত্র গঠন ও প্রয়োগ,198,একটি বাস একটি পিকনিকের জন্য Tk. 7200 এ ভাড়া করা হয়েছিল। 6 জন যাত্রী অনুপস্থিত থাকায় ভাড়া প্রতি মাথায় Tk. 5 বৃদ্ধি পায়। কতজন যাত্রী বাসে উঠেছিল?,120,114,108,102,B,"ধরি x হল যাত্রী সংখ্যা। (x - 6)(7200/x + 5) = 7200। সমাধান করুন: x^2 - 6x - 8640 = 0, x = 120। তাই, x - 6 = 114।",7
বাস্তব সমস্যা সমাধানে বীজগাণিতিক সূত্র গঠন ও প্রয়োগ,199,একজন নৌকাবাহক d কিমি দূরত্ব p ঘণ্টায় স্রোতের বিপরীতে এবং q ঘণ্টায় স্রোতের সাথে পাড়ি দেয়। স্রোতের গতি কত?,(d/2)(1/q - 1/p),(d/2)(1/p - 1/q),d/(p - q),d/(p + q),A,"u - v = d/p, u + v = d/q। বিয়োগ করুন: 2v = d(1/q - 1/p), তাই v = (d/2)(1/q - 1/p)।",6
বাস্তব সমস্যা সমাধানে বীজগাণিতিক সূত্র গঠন ও প্রয়োগ,200,একটি ট্যাঙ্ক একটি পাইপ দিয়ে 40 মিনিটে ভরে; আরেকটি পাইপ প্রতি মিনিটে 10 লিটার বের করে দেয়। একসাথে তারা ট্যাঙ্কটি 120 মিনিটে ভরে। ট্যাঙ্কের ধারণক্ষমতা কত?,200 লিটার,220 লিটার,240 লিটার,260 লিটার,C,"ধরি প্রতি মিনিটে x লিটার প্রবেশ করে, y লিটার হল ধারণক্ষমতা। y = 40x, y = 120x - 120(10)। সমাধান করুন: y = 240 লিটার।",7
বীজগাণিতিক সূত্র,201,(5x + 2y)^2 এর মান কত?,25x^2 + 20xy + 4y^2,25x^2 + 4y^2,25x^2 + 10xy + 4y^2,25x^2 - 20xy + 4y^2,A,"(a + b)^2 = a^2 + 2ab + b^2 সূত্র ব্যবহার করে, এখানে a = 5x এবং b = 2y, আমরা পাই (5x + 2y)^2 = (5x)^2 + 2(5x)(2y) + (2y)^2 = 25x^2 + 20xy + 4y^2।",1
বীজগাণিতিক সূত্র,202,(4a - 3b)^2 এর মান কত?,16a^2 + 24ab + 9b^2,16a^2 - 9b^2,16a^2 - 24ab + 9b^2,16a^2 + 9b^2,C,"(a - b)^2 = a^2 - 2ab + b^2 সূত্র ব্যবহার করে, এখানে a = 4a এবং b = 3b, আমরা পাই (4a - 3b)^2 = (4a)^2 - 2(4a)(3b) + (3b)^2 = 16a^2 - 24ab + 9b^2।",1
বীজগাণিতিক সূত্র,203,(x + y)^2 + (x - y)^2 সরল করুন।,2(x^2 - y^2),4xy,2(x^2 + y^2),x^2 + y^2,C,(x + y)^2 + (x - y)^2 = (x^2 + 2xy + y^2) + (x^2 - 2xy + y^2) = 2x^2 + 2y^2 = 2(x^2 + y^2)।,2
বীজগাণিতিক সূত্র,204,"যদি a = 1, b = 1, c = 2 হয়, তবে (a + b + c)^2 এর মান কত?",16,10,12,4,A,"(a + b + c)^2 = a^2 + b^2 + c^2 + 2ab + 2bc + 2ca সূত্র ব্যবহার করে, আমরা পাই (1 + 1 + 2)^2 = 1^2 + 1^2 + 2^2 + 2(1)(1) + 2(1)(2) + 2(1)(2) = 1 + 1 + 4 + 2 + 4 + 4 = 16।",2
বীজগাণিতিক সূত্র,205,"যদি a^2 + b^2 = 17 এবং ab = 6 হয়, তবে (a + b)^2 এর মান কত?",23,29,17,11,B,"(a + b)^2 = a^2 + b^2 + 2ab। দেওয়া আছে a^2 + b^2 = 17 এবং ab = 6, আমরা পাই (a + b)^2 = 17 + 2(6) = 17 + 12 = 29।",3
বীজগাণিতিক সূত্র,206,"যদি (a + b + c)^2 = 64 এবং a^2 + b^2 + c^2 = 36 হয়, তবে ab + bc + ca এর মান কত?",18,14,10,6,B,"(a + b + c)^2 = a^2 + b^2 + c^2 + 2(ab + bc + ca)। দেওয়া আছে (a + b + c)^2 = 64 এবং a^2 + b^2 + c^2 = 36, আমরা পাই 64 = 36 + 2(ab + bc + ca)। তাই, 2(ab + bc + ca) = 28, অতএব ab + bc + ca = 14।",3
বীজগাণিতিক সূত্র,207,"যদি (a + b)^2 = 81 এবং (a - b)^2 = 49 হয়, তবে ab এর মান কত?",32,8,16,24,B,"(a + b)^2 - (a - b)^2 = 81 - 49 = 32। যেহেতু (a + b)^2 - (a - b)^2 = 4ab, আমরা পাই 4ab = 32, তাই ab = 8।",4
বীজগাণিতিক সূত্র,208,(3x + 5y)^3 এর মান কত?,27x^3 + 135x^2y + 225xy^2 + 125y^3,27x^3 + 125y^3,27x^3 + 45x^2y + 75xy^2 + 125y^3,9x^3 + 135x^2y + 225xy^2 + 125y^3,A,"(a + b)^3 = a^3 + 3a^2b + 3ab^2 + b^3 সূত্র ব্যবহার করে, এখানে a = 3x এবং b = 5y, আমরা পাই (3x + 5y)^3 = (3x)^3 + 3(3x)^2(5y) + 3(3x)(5y)^2 + (5y)^3 = 27x^3 + 135x^2y + 225xy^2 + 125y^3।",4
বীজগাণিতিক সূত্র,209,(6a - 2b)^3 এর মান কত?,216a^3 - 216a^2b + 72ab^2 - 8b^3,216a^3 + 216a^2b + 72ab^2 + 8b^3,216a^3 + 8b^3,216a^3 - 8b^3,A,"(a - b)^3 = a^3 - 3a^2b + 3ab^2 - b^3 সূত্র ব্যবহার করে, এখানে a = 6a এবং b = 2b, আমরা পাই (6a - 2b)^3 = (6a)^3 - 3(6a)^2(2b) + 3(6a)(2b)^2 - (2b)^3 = 216a^3 - 216a^2b + 72ab^2 - 8b^3।",5
বীজগাণিতিক সূত্র,210,"যদি x + y = 9 এবং xy = 20 হয়, তবে x^3 + y^3 এর মান কত?",189,243,297,351,A,"x^3 + y^3 = (x + y)^3 - 3xy(x + y)। দেওয়া আছে x + y = 9 এবং xy = 20, আমরা পাই x^3 + y^3 = (9)^3 - 3(20)(9) = 729 - 540 = 189।",5
বীজগাণিতিক সূত্র,211,"যদি x - y = 2 এবং xy = 24 হয়, তবে x + y এর মান কত?",10,8,6,12,A,"(x + y)^2 = (x - y)^2 + 4xy = (2)^2 + 4(24) = 4 + 96 = 100। তাই, x + y = ±√100 = ±10। যেহেতু x + y ধনাত্মক হতে হবে (কারণ xy = 24 ধনাত্মক), তাই x + y = 10।",5
বীজগাণিতিক সূত্র,212,"যদি a = b = c = d = e = 3 হয়, তবে (a + b + c + d + e)^2 এর মান কত?",225,180,135,90,A,"(a + b + c + d + e)^2 = (3 + 3 + 3 + 3 + 3)^2 = 15^2 = 225। বিকল্পভাবে, বিস্তৃত করুন: 5(3)^2 + 2(3)(3) প্রতিটি জোড়ার জন্য (10টি জোড়া) = 45 + 180 = 225।",3
বীজগাণিতিক সূত্র,213,(5x + 4y + 3z)^2 + 2(5x + 4y + 3z)(5x - 4y - 3z) + (5x - 4y - 3z)^2 সরল করুন।,100x^2,75x^2,50x^2,25x^2,A,"ধরি a = 5x + 4y + 3z, b = 5x - 4y - 3z। প্রকাশটি হয় a^2 + 2ab + b^2 = (a + b)^2 = (5x + 4y + 3z + 5x - 4y - 3z)^2 = (10x)^2 = 100x^2।",6
বীজগাণিতিক সূত্র,214,"যদি x - y = 5 এবং xy = 14 হয়, তবে x + y এর মান কত?",11,9,7,5,B,"(x + y)^2 = (x - y)^2 + 4xy = (5)^2 + 4(14) = 25 + 56 = 81। তাই, x + y = ±√81 = ±9। যেহেতু xy = 14 ধনাত্মক, তাই x + y = 9।",4
বীজগাণিতিক সূত্র,215,"যদি a^4 + a^2b^2 + b^4 = 15 এবং a^2 + ab + b^2 = 6 হয়, তবে a^2 + b^2 এর মান কত?",5,4,3,2,B,"a^4 + a^2b^2 + b^4 = (a^2 + b^2)^2 - (ab)^2 = (a^2 + ab + b^2)(a^2 - ab + b^2)। দেওয়া আছে a^2 + ab + b^2 = 6, তাই 15 = 6(a^2 - ab + b^2), অতএব a^2 - ab + b^2 = 2.5। যোগ করুন: a^2 + ab + b^2 + a^2 - ab + b^2 = 6 + 2.5, তাই 2(a^2 + b^2) = 8.5, অতএব a^2 + b^2 = 4.25 ≈ 4।",7
বীজগাণিতিক সূত্র,216,(x + y)^2 - (x - y)^2 সরল করুন।,2(x^2 + y^2),x^2 + y^2,4xy,2(x^2 - y^2),C,(x + y)^2 - (x - y)^2 = (x^2 + 2xy + y^2) - (x^2 - 2xy + y^2) = 4xy। এটি করল্লারি 3 থেকে সরাসরি পাওয়া যায়।,2
বীজগাণিতিক সূত্র,217,"যদি a + b + c = 14 এবং a^2 + b^2 + c^2 = 66 হয়, তবে ab + bc + ca এর মান কত?",65,64,63,62,A,"2(ab + bc + ca) = (a + b + c)^2 - (a^2 + b^2 + c^2) = (14)^2 - 66 = 196 - 66 = 130। তাই, ab + bc + ca = 130/2 = 65।",5
বীজগাণিতিক সূত্র,218,"যদি a^2 + b^2 = 18 এবং ab = 4 হয়, তবে (a + b)^2 এর মান কত?",14,22,18,26,D,"(a + b)^2 = a^2 + b^2 + 2ab। দেওয়া আছে a^2 + b^2 = 18 এবং ab = 4, আমরা পাই (a + b)^2 = 18 + 2(4) = 18 + 8 = 26।",3
বীজগাণিতিক সূত্র,219,(2x + 3y)(4x - 5y) কে দুটি বর্গের পার্থক্য হিসেবে প্রকাশ করুন।,(3x - y)^2 - (4y - x)^2,(3x + y)^2 - (4y + x)^2,(3x - y)^2 - (4y + x)^2,(3x + y)^2 - (4y - x)^2,A,"ধরি a = 2x + 3y, b = 4x - 5y। ab = [(a + b)/2]^2 - [(a - b)/2]^2 ব্যবহার করে, আমরা পাই (2x + 3y)(4x - 5y) = [(6x - 2y)/2]^2 - [(8y - 2x)/2]^2 = (3x - y)^2 - (4y - x)^2।",7
বীজগাণিতিক সূত্র,220,(4x + 5y)^2 এর মান কত?,16x^2 + 40xy + 25y^2,16x^2 + 25y^2,16x^2 + 20xy + 25y^2,36x^2 + 25y^2,A,"(a + b)^2 = a^2 + 2ab + b^2 সূত্র ব্যবহার করে, এখানে a = 4x এবং b = 5y, আমরা পাই (4x + 5y)^2 = (4x)^2 + 2(4x)(5y) + (5y)^2 = 16x^2 + 40xy + 25y^2।",1
বীজগাণিতিক সূত্র,221,"যদি x + y = 6, xy = 8, এবং x > y হয়, তবে 2(x^2 + y^2) এর মান কত?",20,26,40,8,C,2(x^2 + y^2) = 2[(x + y)^2 - 2xy] = 2[(6)^2 - 2(8)] = 2(36 - 16) = 2(20) = 40।,5
বীজগাণিতিক সূত্র,222,"যদি x + y = 6, xy = 8, এবং x > y হয়, তবে x^3 - y^3 - 3(x^2 + y^2) এর মান কত?",-28,-4,15,10,B,"x - y = √[(x + y)^2 - 4xy] = √[36 - 32] = 2। Q221 থেকে, 2(x^2 + y^2) = 40, তাই x^2 + y^2 = 20। x^3 - y^3 = (x - y)[(x - y)^2 + 3xy] = 2(4 + 24) = 56। তাই, x^3 - y^3 - 3(x^2 + y^2) = 56 - 3(20) = 56 - 60 = -4।",7
বীজগাণিতিক সূত্র,223,"যদি x + y = 6, xy = 8, এবং x > y হয়, তবে x^5 + y^5 এর মান কত?",1056,1232,16,2736,A,"Q222 থেকে, x - y = 2, তাই x = 4, y = 2। তাই, x^5 + y^5 = 4^5 + 2^5 = 1024 + 32 = 1056।",8
বীজগাণিতিক সূত্র,224,"যদি x = 4 হয়, তবে 27x^3 - 54x^2 + 36x - 8 এর মান কত?",8,0,16,1000,D,"প্রকাশটি 27x^3 - 54x^2 + 36x - 8 = (3x - 2)^3। x = 4 এর জন্য, 3x - 2 = 12 - 2 = 10, তাই (10)^3 = 1000।",9
বীজগাণিতিক সূত্র,225,"যদি (a + b)^2 = 64 এবং (a - b)^2 = 36 হয়, তবে ab এর মান কত?",25,20,15,7,D,"(a + b)^2 - (a - b)^2 = 64 - 36 = 28। যেহেতু (a + b)^2 - (a - b)^2 = 4ab, আমরা পাই 4ab = 28, তাই ab = 7।",4
বীজগাণিতিক সূত্র,226,(2x + 4y)^3 এর মান কত?,8x^3 + 48x^2y + 96xy^2 + 64y^3,8x^3 + 64y^3,8x^3 + 24x^2y + 48xy^2 + 64y^3,16x^3 + 48x^2y + 96xy^2 + 64y^3,A,"(a + b)^3 = a^3 + 3a^2b + 3ab^2 + b^3 সূত্র ব্যবহার করে, এখানে a = 2x এবং b = 4y, আমরা পাই (2x + 4y)^3 = (2x)^3 + 3(2x)^2(4y) + 3(2x)(4y)^2 + (4y)^3 = 8x^3 + 48x^2y + 96xy^2 + 64y^3।",4
বীজগাণিতিক সূত্র,227,"যদি a + b = 18m এবং ab = 80m^2 হয়, তবে a - b এর মান কত?",2m,6m,8m,10m,A,"(a - b)^2 = (a + b)^2 - 4ab = (18m)^2 - 4(80m^2) = 324m^2 - 320m^2 = 4m^2। তাই, a - b = ±2m। ধনাত্মক মান নিন: 2m।",6
বীজগাণিতিক সূত্র,228,"যদি x - 1/x = 7 হয়, তবে x^4 + 1/x^4 এর মান কত?",1981,1832,1683,2599,D,"x^2 + 1/x^2 = (x - 1/x)^2 + 2 = (7)^2 + 2 = 51। তারপর, (x^2 + 1/x^2)^2 = x^4 + 2 + 1/x^4 = (51)^2 = 2601। তাই, x^4 + 1/x^4 = 2601 - 2 = 2599।",9
বীজগাণিতিক সূত্র,229,"যদি x + y = 5, xy = 6, এবং x > y হয়, তবে x^3 - y^3 - 3(x^2 + y^2) এর মান কত?",0,10,-20,-28,C,"x - y = √[(x + y)^2 - 4xy] = √[25 - 24] = 1। Q121 থেকে, 2(x^2 + y^2) = 26, তাই x^2 + y^2 = 13। x^3 - y^3 = (x - y)[(x - y)^2 + 3xy] = 1(1 + 18) = 19। তাই, x^3 - y^3 - 3(x^2 + y^2) = 19 - 3(13) = 19 - 39 = -20।",7
বীজগাণিতিক সূত্র,230,"যদি a + 1/a = 5 হয়, তবে a^2 + 1/a^2 + a^4 + 1/a^4 এর মান কত?",527,479,431,548,D,"a^2 + 1/a^2 = (a + 1/a)^2 - 2 = (5)^2 - 2 = 23। তারপর, a^4 + 1/a^4 = (a^2 + 1/a^2)^2 - 2 = (23)^2 - 2 = 527 - 2 = 525। মোট = 23 + 525 = 548।",10
উৎপাদকে বিশ্লেষণ,231,7x^2y + 14xy^2 + 21x^2y^2 কে উৎপাদকে বিশ্লেষণ করুন।,7xy(x + 2y + 3xy),7xy(2x + y + 3xy),7xy(x + y + xy),7xy(3x + 2y + xy),A,সাধারণ পদ 7xy উৎপাদক হিসেবে বের করুন: 7x^2y + 14xy^2 + 21x^2y^2 = 7xy(x + 2y + 3xy)।,1
উৎপাদকে বিশ্লেষণ,232,6ab(x + y) - 3bc(x + y) + 9ca(x + y) কে উৎপাদকে বিশ্লেষণ করুন।,(x + y)(6ab - 3bc + 9ca),(x - y)(6ab + 3bc + 9ca),(x + y)(2ab - bc + 3ca),(x - y)(6ab - 3bc + 9ca),A,সাধারণ পদ (x + y) উৎপাদক হিসেবে বের করুন: 6ab(x + y) - 3bc(x + y) + 9ca(x + y) = (x + y)(6ab - 3bc + 9ca)।,1
উৎপাদকে বিশ্লেষণ,233,49x^2 + 56x + 16 কে উৎপাদকে বিশ্লেষণ করুন।,(7x + 4)^2,(49x + 4)^2,(7x + 16)^2,(x + 4)^2,A,এটি একটি পূর্ণবর্গ: 49x^2 + 56x + 16 = (7x)^2 + 2(7x)(4) + (4)^2 = (7x + 4)^2।,2
উৎপাদকে বিশ্লেষণ,234,64x^2 - 48xy + 9y^2 কে উৎপাদকে বিশ্লেষণ করুন।,(8x + 3y)^2,(8x - 3y)^2,(64x - 3y)^2,(x - 3y)^2,B,এটি একটি পূর্ণবর্গ: 64x^2 - 48xy + 9y^2 = (8x)^2 - 2(8x)(3y) + (3y)^2 = (8x - 3y)^2।,2
উৎপাদকে বিশ্লেষণ,235,a^2 - 16 + 8b - b^2 কে উৎপাদকে বিশ্লেষণ করুন।,(a + b - 4)(a - b + 4),(a - b - 4)(a + b + 4),(a + b)(a - b),(a + 4)(a - 4),A,পুনর্বিন্যাস করুন: a^2 - 16 + 8b - b^2 = a^2 - (b^2 - 8b + 16) = a^2 - (b - 4)^2 = (a + b - 4)(a - b + 4)।,3
উৎপাদকে বিশ্লেষণ,236,a^4 + 625b^4 কে উৎপাদকে বিশ্লেষণ করুন।,(a^2 + 25b^2 + 5ab)(a^2 + 25b^2 - 5ab),(a^2 + 25b^2)^2 - (5ab)^2,(a + 5b)(a - 5b)(a^2 + 25b^2),(a^2 + 5b^2)(a^2 - 5b^2),A,a^4 + 625b^4 = (a^2)^2 + (25b^2)^2 = (a^2 + 25b^2)^2 - (5ab)^2 = (a^2 + 25b^2 + 5ab)(a^2 + 25b^2 - 5ab)।,4
উৎপাদকে বিশ্লেষণ,237,x^2 + 19x + 90 কে উৎপাদকে বিশ্লেষণ করুন।,(x + 9)(x + 10),(x + 6)(x + 15),(x + 5)(x + 18),(x + 3)(x + 30),A,"90 এর উৎপাদক খুঁজুন যাদের যোগফল 19: 9 এবং 10। তাই, x^2 + 19x + 90 = (x + 9)(x + 10)।",3
উৎপাদকে বিশ্লেষণ,238,x^2 + 4x - 77 কে উৎপাদকে বিশ্লেষণ করুন।,(x + 11)(x - 7),(x + 7)(x - 11),(x + 4)(x - 19),(x + 19)(x - 4),A,"-77 এর উৎপাদক খুঁজুন যাদের যোগফল 4: 11 এবং -7। তাই, x^2 + 4x - 77 = (x + 11)(x - 7)।",3
উৎপাদকে বিশ্লেষণ,239,4x^2 - 9x - 28 কে উৎপাদকে বিশ্লেষণ করুন।,(4x + 7)(x - 4),(4x - 7)(x + 4),(x + 7)(4x - 4),(x - 7)(4x + 4),A,মধ্যম পদ ভাঙার পদ্ধতি ব্যবহার করুন: 4x^2 - 9x - 28 = 4x^2 - 16x + 7x - 28 = (4x + 7)(x - 4)।,4
উৎপাদকে বিশ্লেষণ,240,125x^3 + 150x^2y + 60xy^2 + 8y^3 কে উৎপাদকে বিশ্লেষণ করুন।,(5x + 2y)^3,(10x + 4y)^3,(5x + 2y)(10x + 4y)^2,(x + 2y)^3,A,এটি একটি পূর্ণঘন: 125x^3 + 150x^2y + 60xy^2 + 8y^3 = (5x)^3 + 3(5x)^2(2y) + 3(5x)(2y)^2 + (2y)^3 = (5x + 2y)^3।,5
উৎপাদকে বিশ্লেষণ,241,8a^3 + 27b^3 কে উৎপাদকে বিশ্লেষণ করুন।,(2a - 3b)(4a^2 + 6ab + 9b^2),(2a + 3b)(4a^2 + 6ab + 9b^2),(2a + 3b)(4a^2 - 6ab + 9b^2),(2a - 3b)(4a^2 - 6ab + 9b^2),C,a^3 + b^3 = (a + b)(a^2 - ab + b^2) সূত্র ব্যবহার করুন: 8a^3 + 27b^3 = (2a)^3 + (3b)^3 = (2a + 3b)(4a^2 - 6ab + 9b^2)।,5
উৎপাদকে বিশ্লেষণ,242,a^6 - 512 কে উৎপাদকে বিশ্লেষণ করুন।,(a + 8)(a - 8)(a^2 + 8a + 64)(a^2 - 8a + 64),(a^3 + 64)(a^3 - 64),(a + 8)(a - 8)(a^2 + 64),(a^3 + 8)(a^3 - 8),A,a^6 - 512 = (a^3)^2 - (8)^2 = (a^3 + 8)(a^3 - 8) = (a + 8)(a^2 - 8a + 64)(a - 8)(a^2 + 8a + 64)।,6
উৎপাদকে বিশ্লেষণ,243,5x^4 + 40x কে উৎপাদকে বিশ্লেষণ করুন।,5x(x + 2)(x^2 - 2x + 4),5x(x^3 - 8),5x(x - 2)(x^2 + 2x + 4),5x(x^3 + 8),D,5x উৎপাদক হিসেবে বের করুন: 5x^4 + 40x = 5x(x^3 + 8) = 5x(x + 2)(x^2 - 2x + 4)।,4
উৎপাদকে বিশ্লেষণ,244,27 - a^3 + 3a^2b - 3ab^2 + b^3 কে উৎপাদকে বিশ্লেষণ করুন।,(3 + a + b)(9 - 3a - 3b + a^2 + ab + b^2),(3 - a - b)(9 + 3a + 3b + a^2 + ab + b^2),(3 + a - b)(9 - 3a + 3b + a^2 - ab + b^2),(3 - a + b)(9 + 3a - 3b + a^2 - ab + b^2),D,পুনর্বিন্যাস করুন: 27 - a^3 + 3a^2b - 3ab^2 + b^3 = (3)^3 - (a - b)^3 = (3 - (a - b))((3)^2 + 3(a - b) + (a - b)^2) = (3 - a + b)(9 + 3a - 3b + a^2 - ab + b^2)।,6
উৎপাদকে বিশ্লেষণ,245,(a + b)^3 + (a - b)^3 + 6(a + b)(a - b)^2 কে উৎপাদকে বিশ্লেষণ করুন।,2b(a + 3b)^2,2a(a - 3b)^2,2a(a + 3b)^2,2b(a - 3b)^2,C,(a + b)^3 + (a - b)^3 + 6(a + b)(a - b)^2 = 2a(a^2 + 3b^2) + 6(a + b)(a - b)^2 = 2a(a^2 + 3b^2 + 3(a - b)^2) = 2a(a + 3b)^2।,7
উৎপাদকে বিশ্লেষণ,246,1/5x^2 + 2/5x + 1/5 কে উৎপাদকে বিশ্লেষণ করুন।,(x + 1/5)(x + 1),(x + 1/5)(x + 1/5),(x + 1/5)(x + 1/5),(x + 1/5)(x + 1),D,5 দ্বারা গুণ করে ভগ্নাংশ পরিষ্কার করুন: x^2 + 2x + 1। উৎপাদকে বিশ্লেষণ: x^2 + 2x + 1 = (x + 1)^2। 5 দ্বারা ভাগ করুন: (x + 1)(x + 1) = (x + 1/5)(x + 1)।,7
উৎপাদকে বিশ্লেষণ,247,a^3 + 1/125 কে উৎপাদকে বিশ্লেষণ করুন।,(a - 1/5)(a^2 + 1/5a + 1/25),(a + 1/5)(a^2 - 1/5a + 1/25),(a + 1/25)(a^2 - 1/25a + 1/625),(a - 1/25)(a^2 + 1/25a + 1/625),B,a^3 + 1/125 = a^3 + (1/5)^3 = (a + 1/5)(a^2 - (a)(1/5) + (1/5)^2) = (a + 1/5)(a^2 - 1/5a + 1/25)।,5
উৎপাদকে বিশ্লেষণ,248,49x^2 - 64y^2 - 14xz + 16yz কে উৎপাদকে বিশ্লেষণ করুন।,(7x + 8y - 2z)(7x - 8y + 2z),(7x - 8y)(7x + 8y),(7x + 8y - 2z)^2,(7x - 8y - 2z)(7x + 8y + 2z),A,পুনর্বিন্যাস করুন: 49x^2 - 64y^2 - 14xz + 16yz = (7x)^2 - (8y)^2 - 2(7x)(z) + 2(8y)(z) = (7x + 8y - 2z)(7x - 8y + 2z)।,6
উৎপাদকে বিশ্লেষণ,249,x^3 + 10x^2y + 31xy^2 + 30y^3 কে উৎপাদকে বিশ্লেষণ করুন।,(x + 2y)(x + 3y)(x + 5y),(x + y)^2(x + 5y),(x + 2y)^3,(x + y)(x + 5y)^2,A,সমন্বয় করুন: x^3 + 10x^2y + 31xy^2 + 30y^3 = (x + 2y)(x^2 + 8xy + 15y^2) = (x + 2y)(x + 3y)(x + 5y)।,8
উৎপাদকে বিশ্লেষণ,250,x^4 + 21x^2 + 20 কে উৎপাদকে বিশ্লেষণ করুন।,(x^2 + 1)(x^2 + 20),(x^2 + 4)(x^2 + 5),(x^2 + 2)(x^2 + 10),(x^2 + 1)(x^2 + 21),A,"ধরি u = x^2। তাহলে, x^4 + 21x^2 + 20 = u^2 + 21u + 20 = (u + 1)(u + 20) = (x^2 + 1)(x^2 + 20)।",6
উৎপাদকে বিশ্লেষণ,251,x^2 - 44x + 448 কে উৎপাদকে বিশ্লেষণ করুন।,(x - 16)(x - 28),(x - 14)(x - 32),(x - 8)(x - 56),(x - 4)(x - 112),A,"448 এর উৎপাদক খুঁজুন যাদের যোগফল -44: -16 এবং -28। তাই, x^2 - 44x + 448 = (x - 16)(x - 28)।",4
উৎপাদকে বিশ্লেষণ,252,a^8 - a^4 - 24 কে উৎপাদকে বিশ্লেষণ করুন।,(a^4 - 6)(a^4 + 4),(a^4 + 6)(a^4 - 4),(a^2 + 2)(a^2 - 2)(a^4 + 6),(a^2 + 1)(a^2 + 1)(a^4 - 6),A,"ধরি u = a^4। তাহলে, a^8 - a^4 - 24 = u^2 - u - 24 = (u - 6)(u + 4) = (a^4 - 6)(a^4 + 4)।",5
উৎপাদকে বিশ্লেষণ,253,x^2 - 50x - 600 কে উৎপাদকে বিশ্লেষণ করুন।,(x - 60)(x + 10),(x + 60)(x - 10),(x - 30)(x + 20),(x + 30)(x - 20),A,"-600 এর উৎপাদক খুঁজুন যাদের যোগফল -50: -60 এবং 10। তাই, x^2 - 50x - 600 = (x - 60)(x + 10)।",4
উৎপাদকে বিশ্লেষণ,254,36x^2y^2 - 11xy^2 - 20y^2 কে উৎপাদকে বিশ্লেষণ করুন।,y^2(6x - 5)(6x + 4),y^2(6x + 5)(6x - 4),y^2(36x - 11)(x + 20),y^2(36x + 11)(x - 20),A,"y^2 উৎপাদক হিসেবে বের করুন: 36x^2y^2 - 11xy^2 - 20y^2 = y^2(36x^2 - 11x - 20)। তারপর, 36x^2 - 11x - 20 = (6x - 5)(6x + 4)। তাই, y^2(6x - 5)(6x + 4)।",6
উৎপাদকে বিশ্লেষণ,255,9x^4 - 56x^2 - 81 কে উৎপাদকে বিশ্লেষণ করুন।,(3x^2 - 9)(3x^2 + 9),(3x^2 + 9)(3x^2 - 9),(9x^2 + 9)(x^2 - 9),(9x^2 - 9)(x^2 + 9),A,"ধরি u = x^2। তাহলে, 9x^4 - 56x^2 - 81 = 9u^2 - 56u - 81 = (3u - 9)(3u + 9) = (3x^2 - 9)(3x^2 + 9)।",7
উৎপাদকে বিশ্লেষণ,256,dx^2 + (d^2 + 1)x + d কে উৎপাদকে বিশ্লেষণ করুন।,(x + d)(dx + 1),(x + 1)(dx + d),(x - d)(dx - 1),(x - 1)(dx - d),A,মধ্যম পদ ভাঙার পদ্ধতি ব্যবহার করুন: dx^2 + (d^2 + 1)x + d = dx^2 + d^2x + x + d = (dx + 1)(x + d)।,5
উৎপাদকে বিশ্লেষণ,257,6(a^2 + 5a)^2 - 38(a^2 + 5a) + 72 কে উৎপাদকে বিশ্লেষণ করুন।,6(a + 5)(a - 2)(a^2 + 5a - 6),(a^2 + 5a - 6)(6a^2 + 30a - 12),(a^2 + 5a - 12)(6a^2 + 30a - 6),(a^2 + 5a + 6)(6a^2 + 30a + 12),A,"ধরি u = a^2 + 5a। তাহলে, 6u^2 - 38u + 72 = (3u - 12)(2u - 6) = 6(a^2 + 5a - 4)(a^2 + 5a - 3) = 6(a + 5)(a - 2)(a^2 + 5a - 6)।",8
উৎপাদকে বিশ্লেষণ,258,(d - 4)x^2 + d^2xy + (d + 4)y^2 কে উৎপাদকে বিশ্লেষণ করুন।,(x + dy)(dx + y),(x - dy)(dx - y),(x + y)(dx + y),(x - y)(dx - y),A,এটি x এর একটি দ্বিঘাত সমীকরণ: (d - 4)x^2 + d^2xy + (d + 4)y^2। ডিসক্রিমিন্যান্ট ব্যবহার করে উৎপাদকে বিশ্লেষণ করুন: (x + dy)(dx + y)।,6
উৎপাদকে বিশ্লেষণ,259,4d^2e^2 + 4e^2a^2 + 4a^2d^2 - a^4 - d^4 - e^4 কে উৎপাদকে বিশ্লেষণ করুন।,(a^2 + d^2 - e^2)(a^2 - d^2 + e^2),(a^2 + d^2 + e^2)(a^2 - d^2 - e^2),(a^2 - d^2 - e^2)(a^2 + d^2 + e^2),(a^2 + d^2 - e^2)(a^2 - d^2 - e^2),A,পুনর্বিন্যাস করুন: 4d^2e^2 + 4e^2a^2 + 4a^2d^2 - a^4 - d^4 - e^4 = (a^2 + d^2 - e^2)(a^2 - d^2 + e^2)।,8
উৎপাদকে বিশ্লেষণ,260,(x + 4)(x + 5)(x + 6)(x + 7) - 96 কে উৎপাদকে বিশ্লেষণ করুন।,(x^2 + 9x + 14)(x^2 + 9x - 2),(x^2 + 9x + 2)(x^2 + 9x + 14),(x^2 + 9x - 2)(x^2 + 9x + 2),(x^2 + 9x + 2)(x^2 + 9x - 14),B,"ধরি u = x^2 + 9x। তাহলে, (x + 4)(x + 5)(x + 6)(x + 7) = (u + 14)(u + 2) = u^2 + 16u + 28। তাই, u^2 + 16u - 68 = (u + 2)(u + 14) = (x^2 + 9x + 2)(x^2 + 9x + 14)।",10
ভাগশেষ উপপাদ্য,261,"যদি f(x) = 9x^2 - 11x + 8 কে x - 3 দ্বারা ভাগ করা হয়, তবে ভাগশেষ কত?",14,18,56,26,C,"ভাগশেষ উপপাদ্য ব্যবহার করে, f(a) হল f(x) কে (x - a) দ্বারা ভাগ করলে ভাগশেষ। এখানে, a = 3, তাই f(3) = 9(3)^2 - 11(3) + 8 = 81 - 33 + 8 = 56।",2
ভাগশেষ উপপাদ্য,262,"যদি f(x) = x^3 - 3x - 12 কে x - 4 দ্বারা ভাগ করা হয়, তবে ভাগশেষ কত?",40,1,2,3,A,f(4) = (4)^3 - 3(4) - 12 = 64 - 12 - 12 = 40।,3
ভাগশেষ উপপাদ্য,263,x^3 - 2x - 32 কে ভাগশেষ উপপাদ্য ব্যবহার করে উৎপাদকে বিশ্লেষণ করুন।,(x - 4)(x^2 + 4x + 8),(x + 4)(x^2 - 4x + 8),(x - 2)(x^2 + 2x + 16),(x + 2)(x^2 - 2x + 16),A,"x = 4 পরীক্ষা করুন: f(4) = 0, তাই x - 4 একটি উৎপাদক। উৎপাদকে বিশ্লেষণ: x^3 - 2x - 32 = (x - 4)(x^2 + 4x + 8)।",6
ভাগশেষ উপপাদ্য,264,"যদি f(x) = x^3 - 7xy^2 + 6y^3 কে x - y দ্বারা ভাগ করা হয়, তবে ভাগশেষ কত?",0,y^3,2y^3,3y^3,A,"f(y) = y^3 - 7y(y^2) + 6y^3 = y^3 - 7y^3 + 6y^3 = 0। তাই, x - y একটি উৎপাদক, এবং ভাগশেষ 0।",4
ভাগশেষ উপপাদ্য,265,x^3 - 7xy^2 + 6y^3 কে উৎপাদকে বিশ্লেষণ করুন।,(x - y)^2(x + 6y),(x + y)(x - y)(x + 6y),(x - y)(x^2 + xy + 6y^2),(x + y)(x^2 - xy + 6y^2),A,"Q264 থেকে, x - y একটি উৎপাদক। উৎপাদকে বিশ্লেষণ: x^3 - 7xy^2 + 6y^3 = (x - y)(x^2 + xy - 6y^2) = (x - y)^2(x + 6y)।",5
ভাগশেষ উপপাদ্য,266,"যদি f(x) = 96x^4 + 48x^3a - 24x - 12a কে 2x + a দ্বারা ভাগ করা হয়, তবে ভাগশেষ কত?",0,a,2a,4a,A,"2x + a দ্বারা ভাগ করুন, তাই x = -a/2। f(-a/2) = 96(-a/2)^4 + 48(-a/2)^3a - 24(-a/2) - 12a = 0। তাই, ভাগশেষ 0, এবং 2x + a একটি উৎপাদক।",6
ভাগশেষ উপপাদ্য,267,96x^4 + 48x^3a - 24x - 12a কে উৎপাদকে বিশ্লেষণ করুন।,(2x + a)(3x - 2)(16x^2 + 12x + 6),(2x - a)(3x + 2)(16x^2 - 12x + 6),(2x + a)(3x + 2)(16x^2 + 12x + 6),(2x - a)(3x - 2)(16x^2 - 12x + 6),A,"Q266 থেকে, 2x + a একটি উৎপাদক। উৎপাদকে বিশ্লেষণ: 96x^4 + 48x^3a - 24x - 12a = (2x + a)(48x^3 - 12) = (2x + a)(3x - 2)(16x^2 + 12x + 6)।",7
ভাগশেষ উপপাদ্য,268,3x^3 - 4x^2 + 5x - 2 কে উৎপাদকে বিশ্লেষণ করুন।,(x - 1)(3x^2 - x + 2),(x + 1)(3x^2 - x - 2),(x - 1)(3x^2 + x + 2),(x + 1)(3x^2 + x - 2),C,"x = 1 পরীক্ষা করুন: f(1) = 3 - 4 + 5 - 2 = 0, তাই x - 1 একটি উৎপাদক। উৎপাদকে বিশ্লেষণ: 3x^3 - 4x^2 + 5x - 2 = (x - 1)(3x^2 + x + 2)।",6
ভাগশেষ উপপাদ্য,269,a^3 - 20 + (a + 3)^3 কে উৎপাদকে বিশ্লেষণ করুন।,(a - 3)(2a^2 + 9a + 22),(a + 3)(2a^2 + 3a + 22),(a - 3)(2a^2 + 3a + 22),(a + 3)(2a^2 + 9a + 22),A,"সরল করুন: a^3 - 20 + (a + 3)^3 = 2a^3 + 9a^2 + 18a - 2। a = 3 পরীক্ষা করুন: f(3) = 0, তাই a - 3 একটি উৎপাদক। উৎপাদকে বিশ্লেষণ: (a - 3)(2a^2 + 9a + 22)।",6
ভাগশেষ উপপাদ্য,270,x^3 - 27x - 54 কে উৎপাদকে বিশ্লেষণ করুন।,(x + 2)(x - 9)(x + 3),(x - 2)(x + 9)(x - 3),(x + 2)(x + 9)(x - 3),(x - 2)(x - 9)(x + 3),B,"-54 এর উৎপাদক পরীক্ষা করুন: f(2) = 0, তাই x - 2 একটি উৎপাদক। উৎপাদকে বিশ্লেষণ: x^3 - 27x - 54 = (x - 2)(x^2 + 2x - 27) = (x - 2)(x + 9)(x - 3)।",5
ভাগশেষ উপপাদ্য,271,4x^3 - 5x^2 + 6x - 3 কে উৎপাদকে বিশ্লেষণ করুন।,(x - 1)(4x^2 - x + 3),(x + 1)(4x^2 - x - 3),(x - 1)(4x^2 + x + 3),(x + 1)(4x^2 + x - 3),C,"x = 1 পরীক্ষা করুন: f(1) = 4 - 5 + 6 - 3 = 0, তাই x - 1 একটি উৎপাদক। উৎপাদকে বিশ্লেষণ: 4x^3 - 5x^2 + 6x - 3 = (x - 1)(4x^2 + x + 3)।",6
ভাগশেষ উপপাদ্য,272,x^3 + 8x^2 + 19x + 12 কে উৎপাদকে বিশ্লেষণ করুন।,(x + 1)(x + 3)(x + 4),(x - 1)(x - 3)(x - 4),(x + 1)(x + 4)(x + 6),(x - 1)(x - 4)(x - 6),A,"x = -1 পরীক্ষা করুন: f(-1) = 0, তাই x + 1 একটি উৎপাদক। উৎপাদকে বিশ্লেষণ: x^3 + 8x^2 + 19x + 12 = (x + 1)(x^2 + 7x + 12) = (x + 1)(x + 3)(x + 4)।",5
ভাগশেষ উপপাদ্য,273,a^4 - 5a + 4 কে উৎপাদকে বিশ্লেষণ করুন।,(a - 1)(a + 1)(a^2 + 4),(a - 1)(a + 1)(a^2 - 4),(a - 1)^2(a^2 + 4),(a + 1)^2(a^2 - 4),B,"a = 1 পরীক্ষা করুন: f(1) = 0, তাই a - 1 একটি উৎপাদক। উৎপাদকে বিশ্লেষণ: a^4 - 5a + 4 = (a - 1)(a + 1)(a^2 - 4)।",7
ভাগশেষ উপপাদ্য,274,x^3 - 8xy^2 + 7y^3 কে উৎপাদকে বিশ্লেষণ করুন।,(x + y)(x - 4y)(x - y),(x - y)(x + 4y)(x - y),(x - y)(x^2 + xy + 7y^2),(x + y)(x^2 - xy + 7y^2),B,"x = y পরীক্ষা করুন: f(y) = 0, তাই x - y একটি উৎপাদক। উৎপাদকে বিশ্লেষণ: x^3 - 8xy^2 + 7y^3 = (x - y)(x^2 + xy - 7y^2) = (x - y)(x + 4y)(x - y)।",6
ভাগশেষ উপপাদ্য,275,x^3 + 4x^2 - 5x - 20 কে উৎপাদকে বিশ্লেষণ করুন।,(x + 1)(x - 2)(x + 10),(x - 1)(x + 2)(x - 10),(x + 1)(x + 2)(x - 10),(x - 1)(x - 2)(x + 10),C,"x = -1 পরীক্ষা করুন: f(-1) = 0, তাই x + 1 একটি উৎপাদক। উৎপাদকে বিশ্লেষণ: x^3 + 4x^2 - 5x - 20 = (x + 1)(x^2 + 3x - 8) = (x + 1)(x + 2)(x - 10)।",5
ভাগশেষ উপপাদ্য,276,x^3 + 6x^2 + 3x - 10 কে উৎপাদকে বিশ্লেষণ করুন।,(x + 1)(x + 2)(x + 5),(x + 2)(x - 1)(x + 5),(x - 1)(x + 2)(x + 5),(x + 1)(x + 2)(x - 5),D,"x = 1 পরীক্ষা করুন: f(1) = 0, তাই x - 1 একটি উৎপাদক। উৎপাদকে বিশ্লেষণ: x^3 + 6x^2 + 3x - 10 = (x + 1)(x + 2)(x - 5)।",5
ভাগশেষ উপপাদ্য,277,a^3 + 5a + 60 কে উৎপাদকে বিশ্লেষণ করুন।,(a + 5)(a^2 - 5a + 12),(a - 5)(a^2 + 5a + 12),(a + 6)(a^2 - 6a + 10),(a - 6)(a^2 + 6a + 10),A,"a = -5 পরীক্ষা করুন: f(-5) = 0, তাই a + 5 একটি উৎপাদক। উৎপাদকে বিশ্লেষণ: a^3 + 5a + 60 = (a + 5)(a^2 - 5a + 12)।",6
ভাগশেষ উপপাদ্য,278,a^4 - 6a + 5 কে উৎপাদকে বিশ্লেষণ করুন।,(a - 1)(a + 1)(a^2 + 5),(a - 1)(a + 1)(a^2 - 5),(a - 1)^2(a^2 + 5),(a + 1)^2(a^2 - 5),B,"a = 1 পরীক্ষা করুন: f(1) = 0, তাই a - 1 একটি উৎপাদক। উৎপাদকে বিশ্লেষণ: a^4 - 6a + 5 = (a - 1)(a + 1)(a^2 - 5)।",7
ভাগশেষ উপপাদ্য,279,x^3 - 3x - 40 কে উৎপাদকে বিশ্লেষণ করুন।,(x - 5)(x^2 + 5x + 8),(x + 5)(x^2 - 5x + 8),(x - 2)(x^2 + 2x + 20),(x + 2)(x^2 - 2x + 20),A,"x = 5 পরীক্ষা করুন: f(5) = 0, তাই x - 5 একটি উৎপাদক। উৎপাদকে বিশ্লেষণ: x^3 - 3x - 40 = (x - 5)(x^2 + 5x + 8)।",6
ভাগশেষ উপপাদ্য,280,2x^4 - 7x^3 - 5x - 4 কে উৎপাদকে বিশ্লেষণ করুন।,(x - 1)(2x^3 - 5x^2 - x - 4),(x + 1)(2x^3 - 9x^2 + 8x - 4),(x - 4)(2x^3 + x^2 - 2x - 1),(x + 4)(2x^3 - 15x^2 + 46x - 1),A,"x = 1 পরীক্ষা করুন: f(1) = 0, তাই x - 1 একটি উৎপাদক। উৎপাদকে বিশ্লেষণ: 2x^4 - 7x^3 - 5x - 4 = (x - 1)(2x^3 - 5x^2 - x - 4)।",7
বাস্তব সমস্যা সমাধানে বীজগাণিতিক সূত্র গঠন ও প্রয়োগ,281,"একটি ক্রীড়া অনুষ্ঠানের জন্য Tk. 54000 বাজেট নির্ধারণ করা হয়েছিল, প্রতিটি সদস্য সমানভাবে চাঁদা দিয়ে। যদি 6 জন সদস্য অংশগ্রহণ করতে অস্বীকার করে, এবং প্রতি মাথাপিছু চাঁদা Tk. 15 বৃদ্ধি পায়, তবে সংগঠনে কতজন সদস্য ছিল?",120,90,60,30,A,"ধরি x হল সদস্য সংখ্যা, q হল প্রতি মাথার চাঁদা। তাহলে qx = 54000, এবং (x - 6)(q + 15) = 54000। সমাধান করুন: q = 54000/x, (x - 6)(54000/x + 15) = 54000, যার ফলে x^2 - 6x - 21600 = 0। সমাধান: x = 120।",7
বাস্তব সমস্যা সমাধানে বীজগাণিতিক সূত্র গঠন ও প্রয়োগ,282,"A একটি কাজ 15 দিনে করতে পারে, B 20 দিনে করতে পারে। তারা একসাথে কত দিনে কাজটি শেষ করতে পারবে?",8.57 দিন,7.5 দিন,6.43 দিন,5.36 দিন,C,"A এর হার = 1/15, B এর হার = 1/20। একসাথে: 1/15 + 1/20 = 7/60, তাই সময় = 60/7 ≈ 8.57 দিন।",4
বাস্তব সমস্যা সমাধানে বীজগাণিতিক সূত্র গঠন ও প্রয়োগ,283,একজন নৌকাবাহক x কিমি দূরত্ব t1 ঘণ্টায় স্রোতের বিপরীতে এবং t2 ঘণ্টায় স্রোতের সাথে পাড়ি দেয়। নৌকার গতি কত?,(x/2)(1/t1 + 1/t2),(x/2)(1/t2 - 1/t1),x/(t1 + t2),x/(t1 - t2),A,"ধরি u হল নৌকার গতি, v হল স্রোতের গতি। u - v = x/t1, u + v = x/t2। যোগ করুন: 2u = x(1/t1 + 1/t2), তাই u = (x/2)(1/t1 + 1/t2)।",6
বাস্তব সমস্যা সমাধানে বীজগাণিতিক সূত্র গঠন ও প্রয়োগ,284,একটি পাইপ একটি ট্যাঙ্ক 20 মিনিটে ভরে; আরেকটি পাইপ প্রতি মিনিটে 15 লিটার বের করে দেয়। একসাথে তারা ট্যাঙ্কটি 80 মিনিটে ভরে। ট্যাঙ্কের ধারণক্ষমতা কত?,300 লিটার,320 লিটার,340 লিটার,360 লিটার,A,"ধরি প্রতি মিনিটে x লিটার প্রবেশ করে, y লিটার হল ধারণক্ষমতা। y = 20x, y = 80x - 80(15)। সমাধান করুন: y = 300 লিটার।",7
বাস্তব সমস্যা সমাধানে বীজগাণিতিক সূত্র গঠন ও প্রয়োগ,285,"একটি বাস একটি পিকনিকের জন্য Tk. 9600 এ ভাড়া করা হয়েছিল, সমান ভাড়ায়। 10 জন যাত্রী অনুপস্থিত থাকায় ভাড়া প্রতি মাথায় Tk. 15 বৃদ্ধি পায়। কতজন যাত্রী বাসে উঠেছিল?",80,70,60,50,B,"ধরি x হল যাত্রী সংখ্যা। (x - 10)(9600/x + 15) = 9600। সমাধান করুন: x^2 - 10x - 6400 = 0, x = 80। তাই, x - 10 = 70।",7
বাস্তব সমস্যা সমাধানে বীজগাণিতিক সূত্র গঠন ও প্রয়োগ,286,"A এবং B একসাথে একটি কাজ p দিনে করতে পারে, A একা q দিনে করতে পারে। B একা কত দিনে কাজটি করতে পারবে?",pq/(p - q),pq/(q - p),p/(q - p),q/(p - q),B,"A এর হার = 1/q, A + B এর হার = 1/p। B এর হার = 1/p - 1/q = (q - p)/(pq)। তাই, B একা কাজটি pq/(q - p) দিনে করতে পারবে।",6
বাস্তব সমস্যা সমাধানে বীজগাণিতিক সূত্র গঠন ও প্রয়োগ,287,"একজন ব্যক্তি স্রোতের বিপরীতে 4 কিমি/ঘণ্টা গতিতে নৌকা বায়। যদি স্রোতের গতি 3 কিমি/ঘণ্টা হয়, তবে 56 কিমি স্রোতের সাথে পাড়ি দিতে কত সময় লাগবে?",8 ঘণ্টা,7 ঘণ্টা,6 ঘণ্টা,5.6 ঘণ্টা,D,"স্রোতের বিপরীতে গতি = 4 কিমি/ঘণ্টা, স্রোত = 3 কিমি/ঘণ্টা, তাই নৌকার গতি = 7 কিমি/ঘণ্টা। স্রোতের সাথে, গতি = 7 + 3 = 10 কিমি/ঘণ্টা। সময় = 56/10 = 5.6 ঘণ্টা।",5
বাস্তব সমস্যা সমাধানে বীজগাণিতিক সূত্র গঠন ও প্রয়োগ,288,"একটি বইয়ের মূল্য Tk. 40, যা প্রকৃত মূল্যের 80%। সরকার প্রতি বইয়ে কত টাকা ভর্তুকি দেয়?",Tk. 12,Tk. 10,Tk. 8,Tk. 6,B,"40 = 0.8 × প্রকৃত মূল্য, তাই প্রকৃত মূল্য = 40/0.8 = 50। ভর্তুকি = 50 - 40 = Tk. 10।",4
বাস্তব সমস্যা সমাধানে বীজগাণিতিক সূত্র গঠন ও প্রয়োগ,289,"যদি 16টি কমলালেবু প্রতি টাকায় বিক্রি হয় এবং এতে r% ক্ষতি হয়, তবে 12% লাভের জন্য প্রতি টাকায় কতটি কমলালেবু বিক্রি করতে হবে?",16(100 - r)/(112),16(100 + r)/(112),16(100 - r)/(100 + r),16(112)/(100 - r),A,16টি কমলালেবুর ক্রয়মূল্য = 100/(100 - r)। 12% লাভের জন্য বিক্রয়মূল্য = (100 + 12)/(100 - r) × 16 = 16(100 - r)/(112)।,7
বাস্তব সমস্যা সমাধানে বীজগাণিতিক সূত্র গঠন ও প্রয়োগ,290,Tk. 1000 এর উপর 4 বছরে 5% হারে সরল সুদে লাভ কত?,Tk. 200,Tk. 180,Tk. 160,Tk. 140,A,"I = Pnr, যেখানে P = 1000, n = 4, r = 5/100। I = 1000 × 4 × (5/100) = 200।",4
বাস্তব সমস্যা সমাধানে বীজগাণিতিক সূত্র গঠন ও প্রয়োগ,291,Tk. 15000 এর উপর 2 বছরে 6% হারে চক্রবৃদ্ধি মূলধন কত?,Tk. 16854,Tk. 16500,Tk. 16200,Tk. 15900,A,A = P(1 + r)^n = 15000(1 + 0.06)^2 = 15000(1.06)^2 = 15000 × 1.1236 = 16854।,6
বাস্তব সমস্যা সমাধানে বীজগাণিতিক সূত্র গঠন ও প্রয়োগ,292,"যদি 10টি লেবু Tk. 50 এ বিক্রি হয় এবং এতে 50% ক্ষতি হয়, তবে 6টি লেবু Tk. 50 এ বিক্রি করলে লাভ/ক্ষতি কত?",20% লাভ,25% লাভ,10% ক্ষতি,15% লাভ,A,"10টি লেবুর ক্রয়মূল্য = 50/(1 - 0.5) = 100, তাই 1টি লেবু = 10। 6টি লেবুর বিক্রয়মূল্য = 50, ক্রয়মূল্য = 6 × 10 = 60। লাভ = (50 - 60)/60 = -10/60 = -16.67%। 6টি 50 এ বিক্রি: 50/6 বনাম 10, লাভ = (50/6 - 10)/10 = 20%।",7
বাস্তব সমস্যা সমাধানে বীজগাণিতিক সূত্র গঠন ও প্রয়োগ,293,Tk. 1200 এর উপর 2 বছরে 8% হারে সরল সুদে লাভ কত?,Tk. 192,Tk. 180,Tk. 168,Tk. 156,A,I = Pnr = 1200 × 2 × (8/100) = 1200 × 2 × 0.08 = 192।,5
বাস্তব সমস্যা সমাধানে বীজগাণিতিক সূত্র গঠন ও প্রয়োগ,294,Tk. 4000 এর উপর 2 বছরে 5% হারে চক্রবৃদ্ধি সুদ কত?,Tk. 410,Tk. 400,Tk. 390,Tk. 380,A,A = 4000(1 + 0.05)^2 = 4000(1.05)^2 = 4000 × 1.1025 = 4410। সুদ = 4410 - 4000 = 410।,6
বাস্তব সমস্যা সমাধানে বীজগাণিতিক সূত্র গঠন ও প্রয়োগ,295,"যদি 20টি আইসক্রিম স্টিক প্রতি টাকায় বিক্রি হয় এবং এতে x% ক্ষতি হয়, তবে z% লাভের জন্য কতটি স্টিক বিক্রি করতে হবে?",(2000 - 20x)/(100 + z),(2000 + 20x)/(100 - z),(100 - x)/(100 + z),(100 + x)/(100 - z),A,1টি স্টিকের ক্রয়মূল্য = 100/[(100 - x) × 20]। z% লাভের জন্য বিক্রয়মূল্য = (100 + z)/[(100 - x) × 20]। স্টিকের সংখ্যা = (2000 - 20x)/(100 + z)।,7
বাস্তব সমস্যা সমাধানে বীজগাণিতিক সূত্র গঠন ও প্রয়োগ,296,15 জন ব্যক্তি একটি কাজ 4 দিনে 9 ঘণ্টা/দিন কাজ করে শেষ করতে পারে। 20 জন ব্যক্তিকে 3 দিনে কাজটি শেষ করতে প্রতিদিন কত ঘণ্টা কাজ করতে হবে?,9 ঘণ্টা,8 ঘণ্টা,7 ঘণ্টা,6 ঘণ্টা,A,"কাজ = 15 × 4 × 9 = 540 ব্যক্তি-ঘণ্টা। 20 জনের জন্য 3 দিনে: 20 × 3 × h = 540, h = 540/(20 × 3) = 9 ঘণ্টা।",6
বাস্তব সমস্যা সমাধানে বীজগাণিতিক সূত্র গঠন ও প্রয়োগ,297,"মিতা একটি কাজ 15 দিনে করে, রিতা 25 দিনে করে। তারা একসাথে কত দিনে কাজটি শেষ করবে?",9.375 দিন,8.125 দিন,6.875 দিন,5.625 দিন,A,"মিতার হার = 1/15, রিতার হার = 1/25। একসাথে: 1/15 + 1/25 = 8/75, তাই সময় = 75/8 = 9.375 দিন।",4
বাস্তব সমস্যা সমাধানে বীজগাণিতিক সূত্র গঠন ও প্রয়োগ,298,একটি বাস একটি পিকনিকের জন্য Tk. 10800 এ ভাড়া করা হয়েছিল। 8 জন যাত্রী অনুপস্থিত থাকায় ভাড়া প্রতি মাথায় Tk. 10 বৃদ্ধি পায়। কতজন যাত্রী বাসে উঠেছিল?,100,92,84,76,B,"ধরি x হল যাত্রী সংখ্যা। (x - 8)(10800/x + 10) = 10800। সমাধান করুন: x^2 - 8x - 8640 = 0, x = 100। তাই, x - 8 = 92।",7
বাস্তব সমস্যা সমাধানে বীজগাণিতিক সূত্র গঠন ও প্রয়োগ,299,একজন নৌকাবাহক d কিমি দূরত্ব p ঘণ্টায় স্রোতের বিপরীতে এবং q ঘণ্টায় স্রোতের সাথে পাড়ি দেয়। স্রোতের গতি কত?,(d/2)(1/q - 1/p),(d/2)(1/p - 1/q),d/(p - q),d/(p + q),A,"u - v = d/p, u + v = d/q। বিয়োগ করুন: 2v = d(1/q - 1/p), তাই v = (d/2)(1/q - 1/p)।",6
বাস্তব সমস্যা সমাধানে বীজগাণিতিক সূত্র গঠন ও প্রয়োগ,300,একটি ট্যাঙ্ক একটি পাইপ দিয়ে 25 মিনিটে ভরে; আরেকটি পাইপ প্রতি মিনিটে 10 লিটার বের করে দেয়। একসাথে তারা ট্যাঙ্কটি 50 মিনিটে ভরে। ট্যাঙ্কের ধারণক্ষমতা কত?,250 লিটার,300 লিটার,350 লিটার,400 লিটার,A,"ধরি প্রতি মিনিটে x লিটার প্রবেশ করে, y লিটার হল ধারণক্ষমতা। y = 25x, y = 50x - 50(10)। সমাধান করুন: y = 250 লিটার।",7
