Subtopic,Question Number,Question,Option A,Option B,Option C,Option D,Correct Answer,Explanation,Difficulty 
বহুপদী ধারণা,1,কোনটি একটি বহুপদী রাশি?,2x³,7 - 3a²,x³ + x⁻²,√(n - 4),A,বহুপদীতে শুধুমাত্র অঋণাত্মক পূর্ণসংখ্যা ঘাত থাকে; x⁻² এবং √(n - 4) বহুপদী নয়।,1
বহুপদী ধারণা,2,বহুপদী P(x) = 3x² + 5x + 2 এর ডিগ্রি কত?,0,1,2,3,C,সর্বোচ্চ ঘাতের পদ হল 3x²; তাই ডিগ্রি 2।,1
বহুপদী ধারণা,3,বহুপদী P(x) = 4x³ - 2x + 5 এর ধ্রুবক পদ কোনটি?,4x³,-2x,5,0,C,ধ্রুবক পদ হল x-এর ঘাত 0 বিশিষ্ট পদ; এখানে 5।,1
বহুপদী ধারণা,4,বহুপদী P(x) = 2x⁴ - x² + 3 এর প্রধান সহগ কত?,2,-1,3,0,A,প্রধান সহগ হল সর্বোচ্চ ডিগ্রির পদের সহগ; এখানে 2।,1
বহুপদী ধারণা,5,P(x) = x³ + 2x² - x + 1 হলে P(1) এর মান কত?,3,2,1,0,A,P(1) = 1³ + 2(1)² - 1 + 1 = 3।,1
বহুপদী ধারণা,6,কোনটি দুই চলকের বহুপদী?,x² + 2xy + y²,x + √y,1/x + y,x/y + 2,A,বহুপদীতে অঋণাত্মক পূর্ণসংখ্যা ঘাত থাকে; শুধু a বহুপদী।,2
বহুপদী ধারণা,7,P(x) = 2x³ - 3x + 1 হলে P(-1) এর মান কত?,-4,2,0,1,B,P(-1) = 2(-1)³ - 3(-1) + 1 = 2।,2
বহুপদী ধারণা,8,বহুপদী 5x²y - 3xy² + 2 এর ডিগ্রি কত?,1,2,3,4,C,পদ 5x²y এর ডিগ্রি 2+1=3; এটিই সর্বোচ্চ।,2
বহুপদী ধারণা,9,"বহুপদী P(x, y) = x² + 2xy + y² এর ডিগ্রি কত?",1,2,3,4,B,প্রতিটি পদের ডিগ্রি 2 (x²; 2xy; y²); তাই ডিগ্রি 2।,2
বহুপদী ধারণা,10,P(x) = x⁴ - 2x² + 1 এর প্রধান পদ কোনটি?,x⁴,-2x²,1,0,A,প্রধান পদ হল সর্বোচ্চ ডিগ্রির পদ; এখানে x⁴।,2
বহুপদী ধারণা,11,বহুপদী P(x) = 3x⁵ - 2x³ + x - 1 এর ডিগ্রি কত?,3,4,5,6,C,সর্বোচ্চ ঘাতের পদ 3x⁵; তাই ডিগ্রি 5।,3
বহুপদী ধারণা,12,"P(x, y, z) = x³ + y³ + z³ - 3xyz এর ডিগ্রি কত?",2,3,4,5,B,প্রতিটি পদের ডিগ্রি 3; তাই বহুপদীর ডিগ্রি 3।,3
বহুপদী ধারণা,13,P(x) = 2x³ + x² - 5x + 2 হলে P(2) এর মান কত?,8,12,16,20,B,P(2) = 2(2³) + 2² - 5(2) + 2 = 12।,3
বহুপদী ধারণা,14,কোনটি তিন চলকের বহুপদী?,x² + y²,x + y + z,x³ + y²z + xyz,√x + y + z,C,শুধু c-তে অঋণাত্মক পূর্ণসংখ্যা ঘাত আছে।,3
বহুপদী ধারণা,15,বহুপদী 4x²y + 2xy²z - 3 এর ধ্রুবক পদ কত?,-3,0,2,4,A,ধ্রুবক পদ হল চলকবিহীন পদ; এখানে -3।,3
বহুপদী ধারণা,16,P(x) = x⁴ - 3x³ + 2x - 1 হলে P(-2) এর মান কত?,35,49,53,57,A,P(-2) = (-2)⁴ - 3(-2)³ + 2(-2) - 1 = 35।,4
বহুপদী ধারণা,17,বহুপদী 2x³y² + xy + 3 এর ডিগ্রি কত?,2,3,4,5,D,পদ 2x³y² এর ডিগ্রি 3+2=5; এটিই সর্বোচ্চ।,4
বহুপদী ধারণা,18,"P(x, y) = 3x²y - 2xy² + 5x এর প্রধান সহগ কত?",3,-2,5,0,A,প্রধান পদ 3x²y এর সহগ 3।,4
বহুপদী ধারণা,19,কোনটি বহুপদী নয়?,x² + 3x + 1,2x³ - x,1/x + 2,xy + y²,C,1/x-এ ঋণাত্মক ঘাত আছে; তাই বহুপদী নয়।,4
বহুপদী ধারণা,20,P(x) = 2x⁵ - x³ + 4x - 3 এর প্রধান পদ কোনটি?,2x⁵,-x³,4x,-3,A,প্রধান পদ হল সর্বোচ্চ ডিগ্রির পদ; এখানে 2x⁵।,4
বহুপদী ধারণা,21,"বহুপদী P(x, y, z) = x²yz + xy²z + xyz² এর ডিগ্রি কত?",3,4,5,6,B,প্রতিটি পদের ডিগ্রি 2+1+1=4; তাই ডিগ্রি 4।,5
বহুপদী ধারণা,22,P(x) = 3x⁴ - 2x² + 5 হলে P(1/2) এর মান কত?,45/16,47/16,49/16,51/16,C,P(1/2) = 3(1/16) - 2(1/4) + 5 = 49/16।,5
বহুপদী ধারণা,23,বহুপদী 5x²y³ + 2xy + 1 এর ধ্রুবক পদ কত?,0,1,2,5,B,ধ্রুবক পদ হল চলকবিহীন পদ; এখানে 1।,5
বহুপদী ধারণা,24,"P(x, y) = x³y + 2x²y² - xy এর প্রধান পদ কোনটি?",x³y,2x²y²,-xy,0,B,ডিগ্রি 2+2=4 সর্বোচ্চ; তাই প্রধান পদ 2x²y²।,5
বহুপদী ধারণা,25,কোনটি এক চলকের বহুপদী?,x² + y²,2x³ - 5x + 1,xy + yz,√x + 2,B,শুধু b-তে একটি চলক (x) আছে।,5
বহুপদীর ক্রিয়াকলাপ,26,(x² + 1)(x + 2) এর গুণফল কী?,x³ + 2x² + x + 2,x³ + x + 2,x² + 2x + 1,x³ + 2x + 1,A,গুণফল = x²(x + 2) + 1(x + 2) = x³ + 2x² + x + 2।,1
বহুপদীর ক্রিয়াকলাপ,27,বহুপদী x² - 3x + 2 কে x - 1 দ্বারা ভাগ করলে ভাগশেষ কত?,0,1,2,3,A,অবশিষ্ট উপপাদ্য: P(1) = 1² - 3(1) + 2 = 0।,1
বহুপদীর ক্রিয়াকলাপ,28,(2x + 1)(x - 3) এর গুণফলের ডিগ্রি কত?,1,2,3,4,B,ডিগ্রি = 1 + 1 = 2 (উভয় বহুপদীর ডিগ্রির যোগফল)।,1
বহুপদীর ক্রিয়াকলাপ,29,x³ - 2x + 1 কে x + 1 দ্বারা ভাগ করলে ভাগশেষ কত?,-4,-2,0,2,D,P(-1) = (-1)³ - 2(-1) + 1 = 2।,1
বহুপদীর ক্রিয়াকলাপ,30,(x² - 1) ÷ (x - 1) এর ভাগফল কী?,x - 1,x + 1,x² + 1,x + 2,B,ভাগ করলে: x² - 1 = (x - 1)(x + 1); ভাগফল x + 1।,1
বহুপদীর ক্রিয়াকলাপ,31,(x² + 3)(x - 2) এর প্রধান সহগ কত?,1,-2,3,0,A,গুণফল = x³ - 2x² + 3x - 6; প্রধান সহগ 1।,2
বহুপদীর ক্রিয়াকলাপ,32,P(x) = x³ - x + 2 কে x - 2 দ্বারা ভাগ করলে ভাগশেষ কত?,0,2,4,8,D,P(2) = 2³ - 2 + 2 = 8 |,2
বহুপদীর ক্রিয়াকলাপ,33,(2x² + 1)(x + 1) এর গুণফল কী?,2x³ + 2x² + x + 1,2x³ + x + 1,x³ + 2x² + 1,2x² + x + 1,A,গুণফল = 2x²(x + 1) + 1(x + 1) = 2x³ + 2x² + x + 1।,2
বহুপদীর ক্রিয়াকলাপ,34,x² + 2x + 1 কে x + 1 দ্বারা ভাগ করলে ভাগফলের ডিগ্রি কত?,0,1,2,3,B,ডিগ্রি = 2 - 1 = 1 (ডিভিডেন্ড - ডিভাইসর)।,2
বহুপদীর ক্রিয়াকলাপ,35,x - 1 যদি x³ - x² + ax - 2 এর উৎপাদক হয়; তবে a এর মান কত?,0,1,2,3,C,P(1) = 1 - 1 + a - 2 = 0; তাই a = 2।,2
বহুপদীর ক্রিয়াকলাপ,36,(x² - x + 1)(x + 2) এর প্রধান পদ কোনটি?,x³,2x³,x²,-x³,A,গুণফল = x³ + x² + x + 2; প্রধান পদ x³।,3
বহুপদীর ক্রিয়াকলাপ,37,P(x) = 2x³ - 3x² + x - 1 কে x + 1 দ্বারা ভাগ করলে ভাগশেষ কত?,-8,-6,-7,-2,C,P(-1) = 2(-1)³ - 3(-1)² + (-1) - 1 = -7।,3
বহুপদীর ক্রিয়াকলাপ,38,(x² + 2x + 1) ÷ (x + 1) এর ভাগফল কী?,x + 1,x - 1,x² + 1,x + 2,A,x² + 2x + 1 = (x + 1)²; ভাগফল x + 1।,3
বহুপদীর ক্রিয়াকলাপ,39,x + 2 যদি x³ + ax² + x - 6 এর উৎপাদক হয়; তবে a এর মান কত?,1,2,3,4,D,P(-2) = -8 + 4a - 2 - 6 = 0; তাই a = 4।,3
বহুপদীর ক্রিয়াকলাপ,40,(2x - 1)(x² + 1) এর প্রধান সহগ কত?,1,2,-1,-2,B,গুণফল = 2x³ - x² + 2x - 1; প্রধান সহগ 2।,3
বহুপদীর ক্রিয়াকলাপ,41,x³ - 6x² + 11x - 6 এর উৎপাদক কোনটি?,x - 1,x + 1,x - 2,x + 2,A,P(1) = 1 - 6 + 11 - 6 = 0; তাই x - 1 উৎপাদক।,4
বহুপদীর ক্রিয়াকলাপ,42,(3x² + 2)(x - 1) এর গুণফলের ডিগ্রি কত?,2,3,4,5,B,ডিগ্রি = 2 + 1 = 3।,4
বহুপদীর ক্রিয়াকলাপ,43,P(x) = x⁴ - 2x³ + x - 1 কে x - 1 দ্বারা ভাগ করলে ভাগশেষ কত?,1,2,-1,-2,C,P(1) = 1 - 2 + 1 - 1 = -1।,4
বহুপদীর ক্রিয়াকলাপ,44,x² + 3x + 2 কে x + 2 দ্বারা ভাগ করলে ভাগফল কী?,x + 1,x - 1,x + 2,x - 2,A,x² + 3x + 2 = (x + 2)(x + 1); ভাগফল x + 1।,4
বহুপদীর ক্রিয়াকলাপ,45,x - 3 যদি x³ - ax² + 6x - 18 এর উৎপাদক হয়; তবে a এর মান কত?,3,4,5,6,A,P(3) = 27 - 9a + 18 - 18 = 0; তাই a = 3।,4
বহুপদীর ক্রিয়াকলাপ,46,(x² - 2x + 1)(x + 3) এর প্রধান পদ কোনটি?,x³,3x³,x²,-x³,A,গুণফল = x³ + x² - 5x + 3; প্রধান পদ x³।,5
বহুপদীর ক্রিয়াকলাপ,47,P(x) = 2x⁴ - 3x² + x - 1 কে 2x - 1 দ্বারা ভাগ করলে ভাগশেষ কত?,1/2,3/4, - 9/8,7/4,C,P(1/2) = 2(1/16) - 3(1/4) + 1/2 - 1 = -9/8।,5
বহুপদীর ক্রিয়াকলাপ,48,x³ + 2x² - x - 2 এর উৎপাদক নয় কোনটি?,x - 1,x + 1,x - 2,x + 2,C, x-2 বাদে বাকিগুলো উৎপাদক।,5
বহুপদীর ক্রিয়াকলাপ,49,(x² + x + 1)(2x - 1) এর প্রধান সহগ কত?,1,-2,3,2,D,গুণফল = 2x³ + x² + x - 1; প্রধান সহগ 2।,5
বহুপদীর ক্রিয়াকলাপ,50,x² - 5x + 6 কে x - 3 দ্বারা ভাগ করলে ভাগফল কী?,x - 2,x + 2,x - 1,x + 1,A,x² - 5x + 6 = (x - 3)(x - 2); ভাগফল x - 2।,5
"সমমাত্রিক বহুপদী, প্রতিসম ও চক্রক্রমিক রাশি",51,কোনটি প্রতিসম রাশি?,a + b + c,x² - y² + z²,2a² - 5bc,x/y + y/z,A,a; b; c পরস্পর বিনিময়ে অপরিবর্তিত থাকে।,1
"সমমাত্রিক বহুপদী, প্রতিসম ও চক্রক্রমিক রাশি",52,কোনটি সমজাতীয় রাশি?,x² + 2xy + y²,x + y + z,x² + y,xy + z,A,প্রতিটি পদের ডিগ্রি 2; তাই সমজাতীয়।,1
"সমমাত্রিক বহুপদী, প্রতিসম ও চক্রক্রমিক রাশি",53,x² + y² + z² + xy + yz + zx কি ধরনের রাশি?,প্রতিসম,চক্রীয়,উভয়ই,কোনটিই নয়,C,x; y; z বিনিময়ে অপরিবর্তিত; তাই প্রতিসম ও চক্রীয়।,1
"সমমাত্রিক বহুপদী, প্রতিসম ও চক্রক্রমিক রাশি",54,কোনটি চক্রীয় রাশি?,x² + y²,x + y + z,x²y + y²z + z²x,xy + yz,C,x→y; y→z; z→x হলে অপরিবর্তিত থাকে।,1
"সমমাত্রিক বহুপদী, প্রতিসম ও চক্রক্রমিক রাশি",55,x² + 2xy + 3y² কি সমজাতীয় রাশি?,হ্যাঁ,না,শুধু প্রতিসম,শুধু চক্রীয়,A,প্রতিটি পদের ডিগ্রি 2; তাই সমজাতীয়।,1
"সমমাত্রিক বহুপদী, প্রতিসম ও চক্রক্রমিক রাশি",56,x²(y - z) + y²(z - x) + z²(x - y) কি চক্রীয়?,হ্যাঁ,না,শুধু প্রতিসম,শুধু সমজাতীয়,A,x→y; y→z; z→x হলে রাশি অপরিবর্তিত থাকে।,2
"সমমাত্রিক বহুপদী, প্রতিসম ও চক্রক্রমিক রাশি",57,কোনটি প্রতিসম নয়?,ab + bc + ca,x² + y² + xy,x² + y² + z²,2x² + 3xy + y²,D,x ও y বিনিময়ে রাশি পরিবর্তিত হয়।,2
"সমমাত্রিক বহুপদী, প্রতিসম ও চক্রক্রমিক রাশি",58,a³ + b³ + c³ - 3abc এর ডিগ্রি কত?,2,3,4,5,B,প্রতিটি পদের ডিগ্রি 3; তাই রাশির ডিগ্রি 3।,2
"সমমাত্রিক বহুপদী, প্রতিসম ও চক্রক্রমিক রাশি",59,কোনটি সমজাতীয় ও প্রতিসম?,x² + y²,x + y + z,x² + 2xy + y²,xy + yz + zx,D,প্রতিটি পদের ডিগ্রি 2 এবং x; y; z বিনিময়ে অপরিবর্তিত।,2
"সমমাত্রিক বহুপদী, প্রতিসম ও চক্রক্রমিক রাশি",60,x²y + y²z + z²x এর ডিগ্রি কত?,2,3,4,5,B,প্রতিটি পদের ডিগ্রি 3 (যেমন x²y: 2+1=3)।,2
"সমমাত্রিক বহুপদী, প্রতিসম ও চক্রক্রমিক রাশি",61,a(b - c) + b(c - a) + c(a - b) কি চক্রীয়?,হ্যাঁ,না,শুধু প্রতিসম,শুধু সমজাতীয়,A,a→b; b→c; c→a হলে রাশি অপরিবর্তিত থাকে।,3
"সমমাত্রিক বহুপদী, প্রতিসম ও চক্রক্রমিক রাশি",62,কোনটি চক্রীয় নয়?,x² + y² + z² + xy + yz + zx,x²y + y²z + z²x,x² - y² + z²,ab + bc + ca,C,x→y; y→z; z→x হলে রাশি পরিবর্তিত হয়।,3
"সমমাত্রিক বহুপদী, প্রতিসম ও চক্রক্রমিক রাশি",63,x³ + y³ + z³ - 3xyz কি প্রতিসম?,হ্যাঁ,না,শুধু চক্রীয়,শুধু সমজাতীয়,A,x; y; z বিনিময়ে রাশি অপরিবর্তিত; তাই প্রতিসম।,3
"সমমাত্রিক বহুপদী, প্রতিসম ও চক্রক্রমিক রাশি",64,কোনটি সমজাতীয় রাশি?,x + y + z,x² + y²,xy + yz + zx,x² + xy + y,C,প্রতিটি পদের ডিগ্রি 2; তাই সমজাতীয়।,3
"সমমাত্রিক বহুপদী, প্রতিসম ও চক্রক্রমিক রাশি",65,a²(b - c) + b²(c - a) + c²(a - b) এর ডিগ্রি কত?,2,3,4,5,B,প্রতিটি পদের ডিগ্রি 3 (যেমন a²(b - c): 2+1=3)।,3
"সমমাত্রিক বহুপদী, প্রতিসম ও চক্রক্রমিক রাশি",66,(a - b)³ + (b - c)³ + (c - a)³ এর উৎপাদক কী?,3(a - b)(b - c)(c - a),a + b + c,a² + b² + c²,abc,A,A + B + C = 0; তাই A³ + B³ + C³ = 3ABC।,4
"সমমাত্রিক বহুপদী, প্রতিসম ও চক্রক্রমিক রাশি",67,a³ + b³ + c³ - 3abc এর উৎপাদক কোনটি?,(a + b + c)(a² + b² + c² - ab - bc - ca),a + b + c,a² + b² + c²,abc,A,সূত্র: a³ + b³ + c³ - 3abc = (a + b + c)(a² + b² + c² - ab - bc - ca)।,4
"সমমাত্রিক বহুপদী, প্রতিসম ও চক্রক্রমিক রাশি",68,কোনটি চক্রীয় কিন্তু প্রতিসম নয়?,x²(y - z) + y²(z - x) + z²(x - y),x + y + z,xy + yz + zx,x² + y² + z²,A,চক্রীয় কিন্তু x; y বিনিময়ে পরিবর্তিত হয়।,4
"সমমাত্রিক বহুপদী, প্রতিসম ও চক্রক্রমিক রাশি",69,a(b² - c²) + b(c² - a²) + c(a² - b²) এর উৎপাদক কী?,(a - b)(b - c)(c - a),(a + b)(b + c)(c + a),a + b + c,abc,A,রাশিটি চক্রীয়; উৎপাদক (a - b)(b - c)(c - a)।,4
"সমমাত্রিক বহুপদী, প্রতিসম ও চক্রক্রমিক রাশি",70,(b + c)(c + a)(a + b) + abc এর উৎপাদক কী?,(a + b + c)(ab + bc + ca),a + b + c,ab + bc + ca,abc,A,a = -(b + c) হলে রাশি 0; তাই উৎপাদক।,4
"সমমাত্রিক বহুপদী, প্রতিসম ও চক্রক্রমিক রাশি",71,a³(b - c) + b³(c - a) + c³(a - b) এর উৎপাদক কী?,(a - b)(b - c)(c - a)(a + b + c),a + b + c,a² + b² + c²,abc,A,a = b হলে রাশি 0; চক্রীয় ও সমজাতীয়।,5
"সমমাত্রিক বহুপদী, প্রতিসম ও চক্রক্রমিক রাশি",72,কোনটি সমজাতীয় ও চক্রীয়?,x² + y² + z²,xy + yz + zx,x²y + y²z + z²x,x + y + z,C,প্রতিটি পদের ডিগ্রি 3 এবং চক্রীয়।,5
"সমমাত্রিক বহুপদী, প্রতিসম ও চক্রক্রমিক রাশি",73,a²(b - c)³ + b²(c - a)³ + c²(a - b)³ এর উৎপাদক কী?,(a - b)(b - c)(c - a),a + b + c,  -(a-b)(b-c)(c-a)(ab+bc+ca),abc,C,a = b হলে রাশি 0; চক্রীয় ও সমজাতীয়।,5
"সমমাত্রিক বহুপদী, প্রতিসম ও চক্রক্রমিক রাশি",74,কোনটি প্রতিসম ও চক্রীয়?,x² + y² + z²,xy + yz + zx,x²y + y²z + z²x,x² - y² + z²,B,x; y; z বিনিময়ে অপরিবর্তিত; প্রতিসম ও চক্রীয়।,5
"সমমাত্রিক বহুপদী, প্রতিসম ও চক্রক্রমিক রাশি",75,b²c²(b² - c²) + c²a²(c² - a²) + a²b²(a² - b²) এর উৎপাদক কী?,(a - b)(b - c)(c - a),a + b + c,(a² - b²)(b² - c²)(c² - a²),abc,C,রাশিটি চক্রীয়; উৎপাদক (a² - b²)(b² - c²)(c² - a²)।,5
মূলদ ভগ্নাংশ ও আংশিক ভগ্নাংশ,76,কোনটি ভগ্নাংশ?,x/(x - 1),x² + 1,x + 1/x,√x + 1,A,ভগ্নাংশে লব ও হর বহুপদী; শুধু a ভগ্নাংশ।,1
মূলদ ভগ্নাংশ ও আংশিক ভগ্নাংশ,77,নিচের কোনটি সঠিক ভগ্নাংশ?,x/(x² + 1),x²/(x + 1),x³/(x - 1),x² + 1,A,লবের ডিগ্রি (1) হরের (2) থেকে কম।,1
মূলদ ভগ্নাংশ ও আংশিক ভগ্নাংশ,78,1/(x - 1)(x - 2) = A/(x - 1) + B/(x - 2) হলে A = ?,1,2,-1,-2,C,x = 1 হলে 1 = A(1 - 2); তাই A = -1।,1
মূলদ ভগ্নাংশ ও আংশিক ভগ্নাংশ,79,x/(x - 1)(x - 2) এর আংশিক ভগ্নাংশ কী?,1/(x - 1) + 1/(x - 2),-1/(x - 1) + 2/(x - 2),2/(x - 1) - 1/(x - 2),1/(x - 1) - 1/(x - 2),B,A = -1; B = 2; সমাধানে A/(x - 1) + B/(x - 2)।,1
মূলদ ভগ্নাংশ ও আংশিক ভগ্নাংশ,80,a/(a - b)(a - c) + b/(b - c)(b - a) + c/(c - a)(c - b) = ?,0,1,2,3,A,সাধারণ হরে নিয়ে লব 0 হয়।,1
মূলদ ভগ্নাংশ ও আংশিক ভগ্নাংশ,81,2x/(x - 1)(x - 2) এর আংশিক ভগ্নাংশ কী?,1/(x - 1) + 1/(x - 2),  -2/(x - 1) + 4/(x - 2),1/(x - 1) - 1/(x - 2),2/(x - 1) + 2/(x - 2),B,A = -2; B = 4; সমাধানে A/(x - 1) + B/(x - 2)।,2
মূলদ ভগ্নাংশ ও আংশিক ভগ্নাংশ,82,x²/(x - 1)(x - 2) = 1 + A/(x - 1) + B/(x - 2) হলে A = ?,1,-1,2,-2,B,x = 1 হলে A = -1; সমাধানে A/(x - 1) + B/(x - 2)।,2
মূলদ ভগ্নাংশ ও আংশিক ভগ্নাংশ,83,1/(x - 1)(x - 2)(x - 3) এর আংশিক ভগ্নাংশে A = ?,1/2,-1/2,1/3,-1/3,A,x = 1 হলে 1 = A(1 - 2)(1 - 3); তাই A = 1/2।,2
মূলদ ভগ্নাংশ ও আংশিক ভগ্নাংশ,84,a²/(a - b)(a - c) + b²/(b - c)(b - a) + c²/(c - a)(c - b) = ?,0,1,2,3,B,সাধারণ হরে নিয়ে লব a² + b² + c² - ab - bc - ca হয়।,2
মূলদ ভগ্নাংশ ও আংশিক ভগ্নাংশ,85,3x/(x - 1)(x - 2) এর আংশিক ভগ্নাংশ কী?,3/(x - 1) - 3/(x - 2),2/(x - 1) + 1/(x - 2),  -3/(x - 1) + 6/(x - 2),3/(x - 1) + 3/(x - 2),C,A = -3; B = 6; সমাধানে A/(x - 1) + B/(x - 2)।,2
মূলদ ভগ্নাংশ ও আংশিক ভগ্নাংশ,86,x/(x - 1)²(x - 2) = A/(x - 1) + B/(x - 1)² + C/(x - 2) হলে B = ?,1,-1,2,-2,B,x = 1 হলে B = -1; সমাধানে B/(x - 1)²।,3
মূলদ ভগ্নাংশ ও আংশিক ভগ্নাংশ,87,2/(x - 1)(x² + 1) = A/(x - 1) + (Bx + C)/(x² + 1) হলে A = ?,1/2,2/3,1,2,C,x = 1 হলে 2 = A(1² + 1); তাই A = 1।,3
মূলদ ভগ্নাংশ ও আংশিক ভগ্নাংশ,88,(x + 1)/(x - 1)(x - 2) এর আংশিক ভগ্নাংশ কী?,2/(x - 1) - 1/(x - 2),1/(x - 1) + 1/(x - 2),2/(x - 1) + 1/(x - 2),  -2/(x - 1) + 3/(x - 2),D,A = -2; B = 3; সমাধানে A/(x - 1) + B/(x - 2)।,3
মূলদ ভগ্নাংশ ও আংশিক ভগ্নাংশ,89,1/(x - 1)(x² + 1) এর আংশিক ভগ্নাংশে A = ?,1/2,-1/2,1/3,-1/3,A,x = 1 হলে 1 = A(1² + 1); তাই A = 1/2।,3
মূলদ ভগ্নাংশ ও আংশিক ভগ্নাংশ,90,(x² - 1)/(x - 2)(x - 3) = 1 + A/(x - 2) + B/(x - 3) হলে A = ?,1,-1,2,-3,D,x = 2 হলে A = -3; সমাধানে A/(x - 2) + B/(x - 3)।,3
মূলদ ভগ্নাংশ ও আংশিক ভগ্নাংশ,91,x/(x - 1)²(x - 2) এর আংশিক ভগ্নাংশে C = ?,1,2,-1,-2,B,x = 2 হলে 2 = C(2 - 1)²; তাই C = 2।,4
মূলদ ভগ্নাংশ ও আংশিক ভগ্নাংশ,92,2x/(x + 1)(x² + 1) = A/(x + 1) + (Bx + C)/(x² + 1) হলে A = ?,1,-1,2,-2,A,x = -1 হলে -2 = A((-1)² + 1); তাই A = 1।,4
মূলদ ভগ্নাংশ ও আংশিক ভগ্নাংশ,93,(x² + 1)/(x - 1)(x - 2) এর আংশিক ভগ্নাংশ কী?,1 + 2/(x - 1) - 1/(x - 2),1 + 1/(x - 1) + 1/(x - 2),1 - 1/(x - 1) + 2/(x - 2),1 - 2/(x - 1) + 1/(x - 2),A,লব ÷ হর = 1; A = 2; B = -1।,4
মূলদ ভগ্নাংশ ও আংশিক ভগ্নাংশ,94,1/(x - 1)(x² + 4) = A/(x - 1) + (Bx + C)/(x² + 4) হলে B = ?,1/4,-1/4,1/2,  -1/5,D,x² সহগ: A + B = 0; A = 1/4; তাই B = -1/5।,4
মূলদ ভগ্নাংশ ও আংশিক ভগ্নাংশ,95,(x + 2)/(x - 1)(x² + 1) এর আংশিক ভগ্নাংশে A = ?,1/2,-1/2,3/2,-3/2,C,x = 1 হলে 3 = A(1² + 1); তাই A = 3/2।,4
মূলদ ভগ্নাংশ ও আংশিক ভগ্নাংশ,96,1/(x² + 1)² এর আংশিক ভগ্নাংশে A = ?,1/2,-1/2,0,1,C,A/(x² + 1) + (Bx + C)/(x² + 1)²; x² সহগ: A = 0।,5
মূলদ ভগ্নাংশ ও আংশিক ভগ্নাংশ,97,(x² + x + 1)/(x - 1)(x - 2)(x - 3) এর আংশিক ভগ্নাংশে A = ?,1/2,-1/2,3/2,-3/2,C,x = 1 হলে 3 = A(1 - 2)(1 - 3); তাই A = 3/2।,5
মূলদ ভগ্নাংশ ও আংশিক ভগ্নাংশ,98,2/(x - 1)²(x - 2) = A/(x - 1) + B/(x - 1)² + C/(x - 2) হলে B = ?,1,-1,2,-2,D,x = 1 হলে 2 = B(1 - 2); তাই B = -2।,5
মূলদ ভগ্নাংশ ও আংশিক ভগ্নাংশ,99,(x² - 2)/(x - 1)(x² + 1) এর আংশিক ভগ্নাংশে A = ?,2025-01-02 00:00:00,  -1/2,2,-2,B,x = 1 হলে -1 = A(1² + 1); তাই A = -1/2।,5
মূলদ ভগ্নাংশ ও আংশিক ভগ্নাংশ,100,1/(x - 1)(x² + 1)² = A/(x - 1) + (Bx + C)/(x² + 1) + (Dx + E)/(x² + 1)² হলে A = ?,1/2,-1/2,  1/4,-1/3,C,x = 1 হলে 1 = A(1² + 1)²; তাই A = 1/4।,5
বহুপদী ধারণা,101,কোনটি বহুপদী রাশি?,3x⁴ + 2,x⁻¹ + 5,x/√y,2x + 1/y,A,বহুপদীতে শুধু অঋণাত্মক পূর্ণসংখ্যা ঘাত থাকে; x⁻¹ এবং √y বহুপদী নয়।,1
বহুপদী ধারণা,102,বহুপদী P(x) = 5x³ - 4x + 1 এর ডিগ্রি কত?,1,2,3,4,C,সর্বোচ্চ ঘাতের পদ 5x³; তাই ডিগ্রি 3।,1
বহুপদী ধারণা,103,বহুপদী 2x² + 3x + 7 এর ধ্রুবক পদ কোনটি?,2x²,3x,7,0,C,ধ্রুবক পদ হল x-এর ঘাত 0 বিশিষ্ট পদ; এখানে 7।,1
বহুপদী ধারণা,104,বহুপদী P(x) = 4x⁵ - x³ + 2 এর প্রধান সহগ কত?,4,-1,2,0,A,প্রধান সহগ হল সর্বোচ্চ ডিগ্রির পদের সহগ; এখানে 4।,1
বহুপদী ধারণা,105,P(x) = x² - 3x + 2 হলে P(1) এর মান কত?,0,1,2,3,A,P(1) = 1² - 3(1) + 2 = 0।,1
বহুপদী ধারণা,106,কোনটি দুই চলকের বহুপদী?,x² + xy + y²,x³ + 1/x,√x + y,2x/y + 1,A,বহুপদীতে অঋণাত্মক পূর্ণসংখ্যা ঘাত থাকে; শুধু a বহুপদী।,2
বহুপদী ধারণা,107,P(x) = 3x³ + 2x - 5 হলে P(-1) এর মান কত?,-10,-8,-6,-4,A,P(-1) = 3(-1)³ + 2(-1) - 5 = -10।,2
বহুপদী ধারণা,108,বহুপদী 3x²y³ + xy² + 4 এর ডিগ্রি কত?,2,3,4,5,D,পদ 3x²y³ এর ডিগ্রি 2+3=5; এটিই সর্বোচ্চ।,2
বহুপদী ধারণা,109,"বহুপদী P(x, y) = x³ + 2xy² + y³ এর ডিগ্রি কত?",2,3,4,5,B,প্রতিটি পদের ডিগ্রি 3 (x³; 2xy²; y³); তাই ডিগ্রি 3।,2
বহুপদী ধারণা,110,P(x) = 5x⁴ - 2x² + 3 এর প্রধান পদ কোনটি?,5x⁴,-2x²,3,0,A,প্রধান পদ হল সর্বোচ্চ ডিগ্রির পদ; এখানে 5x⁴।,2
বহুপদী ধারণা,111,বহুপদী P(x) = 2x⁶ - 3x² + 4x - 1 এর ডিগ্রি কত?,2,3,4,6,D,সর্বোচ্চ ঘাতের পদ 2x⁶; তাই ডিগ্রি 6।,3
বহুপদী ধারণা,112,"P(x, y, z) = x² + y² + z² + 2xyz এর ডিগ্রি কত?",2,3,4,5,B,পদ 2xyz এর ডিগ্রি 1+1+1=3; এটিই সর্বোচ্চ।,3
বহুপদী ধারণা,113,P(x) = x³ - 2x² + x - 1 হলে P(2) এর মান কত?,1,3,5,7,A,P(2) = 2³ - 2(2²) + 2 - 1 = 1।,3
বহুপদী ধারণা,114,কোনটি তিন চলকের বহুপদী?,x² + y²,x + y,x²yz + xy + z,√x + y + z,C,শুধু c-তে অঋণাত্মক পূর্ণসংখ্যা ঘাত আছে।,3
বহুপদী ধারণা,115,বহুপদী 2x³y + xy²z - 5 এর ধ্রুবক পদ কত?,-5,0,1,2,A,ধ্রুবক পদ হল চলকবিহীন পদ; এখানে -5।,3
বহুপদী ধারণা,116,P(x) = x⁵ - 2x³ + x - 2 হলে P(-1) এর মান কত?,0,-2,-4,-6,B,P(-1) = (-1)⁵ - 2(-1)³ + (-1) - 2 = -2।,4
বহুপদী ধারণা,117,বহুপদী 4x²y²z + 2xy + 3 এর ডিগ্রি কত?,3,4,5,6,C,পদ 4x²y²z এর ডিগ্রি 2+2+1=5; এটিই সর্বোচ্চ।,4
বহুপদী ধারণা,118,"P(x, y) = 2x²y - xy² + 3x এর প্রধান সহগ কত?",2,-1,3,0,A,প্রধান পদ 2x²y এর সহগ 2।,4
বহুপদী ধারণা,119,কোনটি বহুপদী নয়?,x³ + 2x + 1,xy + y²,1/x² + x,2x² - 3x,C,1/x²-এ ঋণাত্মক ঘাত আছে; তাই বহুপদী নয়।,4
বহুপদী ধারণা,120,P(x) = 3x⁶ - 2x⁴ + x - 1 এর প্রধান পদ কোনটি?,3x⁶,-2x⁴,x,-1,A,প্রধান পদ হল সর্বোচ্চ ডিগ্রির পদ; এখানে 3x⁶।,4
বহুপদী ধারণা,121,"বহুপদী P(x, y, z) = x²y + xy²z + yz² এর ডিগ্রি কত?",3,4,5,6,B,পদ xy²z এর ডিগ্রি 1+2+1=4; এটিই সর্বোচ্চ।,5
বহুপদী ধারণা,122,P(x) = 2x⁴ - 3x² + 4 হলে P(1/2) এর মান কত?,27/8,9/8,11/8,13/8,A,P(1/2) = 2(1/16) - 3(1/4) + 4 = 27/8।,5
বহুপদী ধারণা,123,বহুপদী 3x²y² + xy³ + 2 এর ধ্রুবক পদ কত?,0,1,2,3,C,ধ্রুবক পদ হল চলকবিহীন পদ; এখানে 2।,5
বহুপদী ধারণা,124,"P(x, y) = x²y² + 3xy + x এর প্রধান পদ কোনটি?",x²y²,3xy,x,0,A,ডিগ্রি 2+2=4 সর্বোচ্চ; তাই প্রধান পদ x²y²।,5
বহুপদী ধারণা,125,কোনটি এক চলকের বহুপদী?,x² + y²,3x³ - 2x + 1,xy + y²,x/√y + 1,B,শুধু b-তে একটি চলক (x) আছে।,5
বহুপদীর ক্রিয়াকলাপ,126,(x² + 2)(x + 1) এর গুণফল কী?,x³ + x² + 2x + 2,x³ + 2x + 2,x² + x + 2,x³ + x + 1,A,গুণফল = x²(x + 1) + 2(x + 1) = x³ + x² + 2x + 2।,1
বহুপদীর ক্রিয়াকলাপ,127,বহুপদী x² - 5x + 6 কে x - 2 দ্বারা ভাগ করলে ভাগশেষ কত?,0,1,2,3,A,অবশিষ্ট উপপাদ্য: P(2) = 2² - 5(2) + 6 = 0।,1
বহুপদীর ক্রিয়াকলাপ,128,(3x + 2)(x - 1) এর গুণফলের ডিগ্রি কত?,1,2,3,4,B,ডিগ্রি = 1 + 1 = 2 (উভয় বহুপদীর ডিগ্রির যোগফল)।,1
বহুপদীর ক্রিয়াকলাপ,129,x³ - 3x + 2 কে x + 1 দ্বারা ভাগ করলে ভাগশেষ কত?,-6,-4,4,0,C,P(-1) = (-1)³ - 3(-1) + 2 = 4।,1
বহুপদীর ক্রিয়াকলাপ,130,(x² - 4) ÷ (x - 2) এর ভাগফল কী?,x - 2,x + 2,x² + 2,x + 1,B,ভাগ করলে: x² - 4 = (x - 2)(x + 2); ভাগফল x + 2।,1
বহুপদীর ক্রিয়াকলাপ,131,(x² + 1)(x - 3) এর প্রধান সহগ কত?,1,-3,2,0,A,গুণফল = x³ - 3x² + x - 3; প্রধান সহগ 1।,2
বহুপদীর ক্রিয়াকলাপ,132,P(x) = x³ - 2x + 3 কে x - 3 দ্বারা ভাগ করলে ভাগশেষ কত?,0,24,12,18,B,P(3) = 3³ - 2(3) + 3 = 24,2
বহুপদীর ক্রিয়াকলাপ,133,(2x² - 1)(x + 2) এর গুণফল কী?,2x³ + 4x² - x - 2,2x³ - x - 2,x³ + 2x² - 1,2x² + x - 1,A,গুণফল = 2x²(x + 2) - 1(x + 2) = 2x³ + 4x² - x - 2।,2
বহুপদীর ক্রিয়াকলাপ,134,x² + 4x + 4 কে x + 2 দ্বারা ভাগ করলে ভাগফলের ডিগ্রি কত?,0,1,2,3,B,ডিগ্রি = 2 - 1 = 1 (ডিভিডেন্ড - ডিভাইসর)।,2
বহুপদীর ক্রিয়াকলাপ,135,x - 2 যদি x³ - x² + ax - 4 এর উৎপাদক হয়; তবে a এর মান কত?,1,0,2,3,B,P(2) = 8 - 4 + 2a - 4 = 0; তাই a = 0।,2
বহুপদীর ক্রিয়াকলাপ,136,(x² + x + 1)(x - 1) এর প্রধান পদ কোনটি?,x³,-x³,x²,2x³,A,গুণফল = x³ - 1; প্রধান পদ x³।,3
বহুপদীর ক্রিয়াকলাপ,137,P(x) = 3x³ - 2x² + x - 2 কে x + 2 দ্বারা ভাগ করলে ভাগশেষ কত?,-36,-10,-8,-6,A,P(-2) = 3(-2)³ - 2(-2)² + (-2) - 2 = -36।,3
বহুপদীর ক্রিয়াকলাপ,138,(x² - 3x + 2) ÷ (x - 1) এর ভাগফল কী?,x - 2,x + 2,x - 1,x + 1,A,x² - 3x + 2 = (x - 1)(x - 2); ভাগফল x - 2।,3
বহুপদীর ক্রিয়াকলাপ,139,x + 1 যদি x³ + ax² - x - 3 এর উৎপাদক হয়; তবে a এর মান কত?,1,2,3,4,C,P(-1) = -1 + a - (-1) - 3 = 0; তাই a = 3।,3
বহুপদীর ক্রিয়াকলাপ,140,(3x - 2)(x² + 1) এর প্রধান সহগ কত?,1,2,3,-2,C,গুণফল = 3x³ - 2x² + 3x - 2; প্রধান সহগ 3।,3
বহুপদীর ক্রিয়াকলাপ,141,x³ - 7x² + 14x - 8 এর উৎপাদক নয় কোনটি?,x - 1,x + 1,x - 2,x - 4,B,"x - 1 , উৎপাদক নয়|",4
বহুপদীর ক্রিয়াকলাপ,142,(2x² + 3)(x - 2) এর গুণফলের ডিগ্রি কত?,2,3,4,5,B,ডিগ্রি = 2 + 1 = 3।,4
বহুপদীর ক্রিয়াকলাপ,143,P(x) = x⁴ - 3x³ + 2x - 2 কে x - 2 দ্বারা ভাগ করলে ভাগশেষ কত?,0,2,4,-6,D,P(2) = 16 - 24 + 4 - 2 = -6।,4
বহুপদীর ক্রিয়াকলাপ,144,x² + 5x + 6 কে x + 3 দ্বারা ভাগ করলে ভাগফল কী?,x + 2,x - 2,x + 1,x - 1,A,x² + 5x + 6 = (x + 3)(x + 2); ভাগফল x + 2।,4
বহুপদীর ক্রিয়াকলাপ,145,x - 4 যদি x³ - ax² + 8x - 32 এর উৎপাদক হয়; তবে a এর মান কত?,7,5,6,4,D,P(4) = 64 - 16a + 32 - 32 = 0; তাই a = 4।,4
বহুপদীর ক্রিয়াকলাপ,146,(x² - x + 2)(x + 1) এর প্রধান পদ কোনটি?,x³,2x³,x²,-x³,A,গুণফল = x³ - x² + x + 2; প্রধান পদ x³।,5
বহুপদীর ক্রিয়াকলাপ,147,P(x) = 2x⁴ - x² + 3x - 2 কে 2x - 1 দ্বারা ভাগ করলে ভাগশেষ কত?,1/4,3/4,-0.625,7/4,D,P(1/2) = 2(1/16) - (1/4) + 3(1/2) - 2 = -5/8।,5
বহুপদীর ক্রিয়াকলাপ,148,x³ + 3x² - x - 3 এর উৎপাদক কোনটি?,x - 1,x + 1,x - 3,x + 3,D,P(3) = -27 + 27 + 3 - 3 = 0; তাই x + 3 উৎপাদক।,5
বহুপদীর ক্রিয়াকলাপ,149,(x² + x + 2)(2x - 1) এর প্রধান সহগ কত?,1,2,3,4,B,গুণফল = 2x³ + x² + 3x - 2; প্রধান সহগ 2।,5
বহুপদীর ক্রিয়াকলাপ,150,x² - 7x + 12 কে x - 4 দ্বারা ভাগ করলে ভাগফল কী?,x - 3,x + 3,x - 2,x + 2,A,x² - 7x + 12 = (x - 4)(x - 3); ভাগফল x - 3।,5
"সমমাত্রিক বহুপদী, প্রতিসম ও চক্রক্রমিক রাশি",151,কোনটি প্রতিসম রাশি?,x + y + z,x² + y² - z²,2x² - 3yz,xy/z + yz/x,A,x; y; z পরস্পর বিনিময়ে অপরিবর্তিত থাকে।,1
"সমমাত্রিক বহুপদী, প্রতিসম ও চক্রক্রমিক রাশি",152,কোনটি সমমাত্রিক রাশি?,x² + 3xy + y²,x + y + z,x² + y,xy + z,A,প্রতিটি পদের ডিগ্রি 2; তাই সমমাত্রিক।,1
"সমমাত্রিক বহুপদী, প্রতিসম ও চক্রক্রমিক রাশি",153,x² + y² + z² + 2xy + 2yz + 2zx কি ধরনের রাশি?,প্রতিসম,চক্রীয়,উভয়ই,কোনটিই নয়,C,x; y; z বিনিময়ে অপরিবর্তিত; তাই প্রতিসম ও চক্রীয়।,1
"সমমাত্রিক বহুপদী, প্রতিসম ও চক্রক্রমিক রাশি",154,কোনটি চক্রীয় রাশি নয়?,x² + y²,xy + yz + zx,x²z + y²x + z²y,x + y + z,A,শুধুমাত্র ২টি চলক রয়েছে|,1
"সমমাত্রিক বহুপদী, প্রতিসম ও চক্রক্রমিক রাশি",155,x² + 3xy + 2y² কি সমমাত্রিক রাশি?,হ্যাঁ,না,শুধু প্রতিসম,শুধু চক্রীয়,A,প্রতিটি পদের ডিগ্রি 2; তাই সমমাত্রিক।,1
"সমমাত্রিক বহুপদী, প্রতিসম ও চক্রক্রমিক রাশি",156,x²(y - z) + y²(z - x) + z²(x - y) কি চক্রীয়?,হ্যাঁ,না,শুধু প্রতিসম,শুধু সমমাত্রিক,A,x→y; y→z; z→x হলে রাশি অপরিবর্তিত থাকে।,2
"সমমাত্রিক বহুপদী, প্রতিসম ও চক্রক্রমিক রাশি",157,কোনটি প্রতিসম নয়?,xy + yz + zx,x² + y² + z²,x² + 2xy + y²,x² - y² + z²,D,x; y বিনিময়ে রাশি পরিবর্তিত হয়।,2
"সমমাত্রিক বহুপদী, প্রতিসম ও চক্রক্রমিক রাশি",158,x³ + y³ + z³ - 3xyz এর ডিগ্রি কত?,2,3,4,5,B,প্রতিটি পদের ডিগ্রি 3; তাই রাশির ডিগ্রি 3।,2
"সমমাত্রিক বহুপদী, প্রতিসম ও চক্রক্রমিক রাশি",159,কোনটি সমমাত্রিক ও প্রতিসম?,x² + y²,x + y + z,xy + yz + zx,x² + xy + y²,C,প্রতিটি পদের ডিগ্রি 2 এবং x; y; z বিনিময়ে অপরিবর্তিত।,2
"সমমাত্রিক বহুপদী, প্রতিসম ও চক্রক্রমিক রাশি",160,x²z + y²x + z²y এর ডিগ্রি কত?,2,3,4,5,B,প্রতিটি পদের ডিগ্রি 3 (যেমন x²z: 2+1=3)।,2
"সমমাত্রিক বহুপদী, প্রতিসম ও চক্রক্রমিক রাশি",161,x(y - z) + y(z - x) + z(x - y) কি চক্রীয়?,হ্যাঁ,না,শুধু প্রতিসম,শুধু সমমাত্রিক,A,x→y; y→z; z→x হলে রাশি অপরিবর্তিত থাকে।,3
"সমমাত্রিক বহুপদী, প্রতিসম ও চক্রক্রমিক রাশি",162,কোনটি চক্রীয় নয়?,xy + yz + zx,x²z + y²x + z²y,x² + y² - z²,x² + y² + z²,C,x→y; y→z; z→x হলে রাশি পরিবর্তিত হয়।,3
"সমমাত্রিক বহুপদী, প্রতিসম ও চক্রক্রমিক রাশি",163,x³ + y³ + z³ - 3xyz কি প্রতিসম?,হ্যাঁ,না,শুধু চক্রীয়,শুধু সমমাত্রিক,A,x; y; z বিনিময়ে রাশি অপরিবর্তিত; তাই প্রতিসম।,3
"সমমাত্রিক বহুপদী, প্রতিসম ও চক্রক্রমিক রাশি",164,কোনটি সমমাত্রিক রাশি নয়?,x + y + z,x² + y²,xy + yz + zx,x² + xy + y,D,প্রতিটি পদের মাত্রা সমান নয়; তাই সমমাত্রিক নয়।,3
"সমমাত্রিক বহুপদী, প্রতিসম ও চক্রক্রমিক রাশি",165,x²(y - z)³ + y²(z - x)³ + z²(x - y)³ এর ডিগ্রি কত?,4,5,6,7,B,প্রতিটি পদের ডিগ্রি 2+3=5।,3
"সমমাত্রিক বহুপদী, প্রতিসম ও চক্রক্রমিক রাশি",166,(x - y)³ + (y - z)³ + (z - x)³ এর উৎপাদক কী?,3(x - y)(y - z)(z - x),x + y + z,x² + y² + z²,xyz,A,A + B + C = 0; তাই A³ + B³ + C³ = 3ABC।,4
"সমমাত্রিক বহুপদী, প্রতিসম ও চক্রক্রমিক রাশি",167,x³ + y³ + z³ - 3xyz এর উৎপাদক কোনটি?,(x + y + z)(x² + y² + z² - xy - yz - zx),x + y + z,x² + y² + z²,xyz,A,সূত্র: x³ + y³ + z³ - 3xyz = (x + y + z)(x² + y² + z² - xy - yz - zx)।,4
"সমমাত্রিক বহুপদী, প্রতিসম ও চক্রক্রমিক রাশি",168,কোনটি চক্রীয় কিন্তু প্রতিসম নয়?,x²(y - z) + y²(z - x) + z²(x - y),x + y + z,xy + yz + zx,x² + y² + z²,A,চক্রীয় কিন্তু x; y বিনিময়ে পরিবর্তিত হয়।,4
"সমমাত্রিক বহুপদী, প্রতিসম ও চক্রক্রমিক রাশি",169,x(y² - z²) + y(z² - x²) + z(x² - y²) এর উৎপাদক কী?, -(x - y)(y - z)(z - x),(x + y)(y + z)(z + x),x + y + z,xyz,A,রাশিটি চক্রীয়; উৎপাদক -(x - y)(y - z)(z - x)।,4
"সমমাত্রিক বহুপদী, প্রতিসম ও চক্রক্রমিক রাশি",170,(y + z)(z + x)(x + y) + xyz এর উৎপাদক কী?,(x + y + z)(xy + yz + zx),x + y + z,xy + yz + zx,xyz,A,x = -(y + z) হলে রাশি 0; তাই উৎপাদক।,4
"সমমাত্রিক বহুপদী, প্রতিসম ও চক্রক্রমিক রাশি",171,x³(y - z) + y³(z - x) + z³(x - y) এর উৎপাদক কী?,(x - y)(y - z)(z - x)(x + y + z),x + y + z,x² + y² + z²,xyz,A,x = y হলে রাশি 0; চক্রীয় ও সমমাত্রিক।,5
"সমমাত্রিক বহুপদী, প্রতিসম ও চক্রক্রমিক রাশি",172,কোনটি সমমাত্রিক ও চক্রীয়?,x² + y² + z²,xy + yz + zx,x²z + y²x + z²y,x + y + z,C,প্রতিটি পদের ডিগ্রি 3 এবং চক্রীয়।,5
"সমমাত্রিক বহুপদী, প্রতিসম ও চক্রক্রমিক রাশি",173,x²(y - z)² + y²(z - x)² + z²(x - y)² এর উৎপাদক কী?,(x - y)(y - z)(z - x),x + y + z,(x - y)(y - z)(z - x)(x + y + z),xyz,C,x = y হলে রাশি 0; চক্রীয় ও সমমাত্রিক।,5
"সমমাত্রিক বহুপদী, প্রতিসম ও চক্রক্রমিক রাশি",174,কোনটি প্রতিসম ও চক্রীয়?,x² + y² + z²,xy + yz + zx,x²z + y²x + z²y,x² - y² + z²,B,x; y; z বিনিময়ে অপরিবর্তিত; প্রতিসম ও চক্রীয়।,5
"সমমাত্রিক বহুপদী, প্রতিসম ও চক্রক্রমিক রাশি",175,x²y²(y - z) + y²z²(z - x) + z²x²(x - y) এর উৎপাদক কী?,(x - y)(y - z)(z - x),x + y + z,  -(x-y)(y-z)(z-x)(xy+yz+zx),xyz,C,রাশিটি চক্রীয়; উৎপাদক (x² - y²)(y² - z²)(z² - x²)।,5
মূলদ ও আংশিক ভগ্নাংশ,176,কোনটি মূলদ রাশি?,x/(x + 1),x² + 2,x + 1/x,√x + 2,A,মূলদে লব ও হর বহুপদী; শুধু a মূলদ।,1
মূলদ ও আংশিক ভগ্নাংশ,177,নিচের কোনটি সঠিক মূলদ?,x/(x² + 2),x²/(x + 2),x³/(x - 2),x² + 2,A,লবের ডিগ্রি (1) হরের (2) থেকে কম।,1
মূলদ ও আংশিক ভগ্নাংশ,178,1/(x - 2)(x - 3) = A/(x - 2) + B/(x - 3) হলে A = ?,1,-1,2,-2,B,x = 2 হলে 1 = A(2 - 3); তাই A = -1।,1
মূলদ ও আংশিক ভগ্নাংশ,179,x/(x - 2)(x - 3) এর আংশিক ভগ্নাংশ কী?,1/(x - 2) + 1/(x - 3), -2/(x - 2) + 3/(x - 3),2/(x - 2) - 1/(x - 3),1/(x - 2) - 1/(x - 3),B,A = -2; B = 3; সমাধানে A/(x - 2) + B/(x - 3)।,1
মূলদ ও আংশিক ভগ্নাংশ,180,x/(x - y)(x - z) + y/(y - z)(y - x) + z/(z - x)(z - y) = ?,0,1,2,3,A,সাধারণ হরে নিয়ে লব 0 হয়।,1
মূলদ ও আংশিক ভগ্নাংশ,181,3x/(x - 2)(x - 3) এর আংশিক ভগ্নাংশ কী?,3/(x - 2) - 3/(x - 3),2/(x - 2) + 1/(x - 3),1/(x - 2) + 2/(x - 3), - 6/(x - 2) + 9/(x - 3),D,A = -6; B = 9; সমাধানে A/(x - 2) + B/(x - 3)।,2
মূলদ ও আংশিক ভগ্নাংশ,182,x²/(x - 2)(x - 3) = 1 + A/(x - 2) + B/(x - 3) হলে A = ?,1,-1,2,-4,D,x = 2 হলে A = -4; সমাধানে A/(x - 2) + B/(x - 3)।,2
মূলদ ও আংশিক ভগ্নাংশ,183,1/(x - 2)(x - 3)(x - 4) এর আংশিক ভগ্নাংশে A = ?,1/2,-1/2,1/3,-1/3,A,x = 2 হলে 1 = A(2 - 3)(2 - 4); তাই A = 1/2।,2
মূলদ ও আংশিক ভগ্নাংশ,184,x²/(x - y)(x - z) + y²/(y - z)(y - x) + z²/(z - x)(z - y) = ?,0,1,2,3,B,সাধারণ হরে নিয়ে লব x² + y² + z² - xy - yz - zx হয়।,2
মূলদ ও আংশিক ভগ্নাংশ,185,1/(x - 2)(x - 3) এর আংশিক ভগ্নাংশ কী?,2/(x - 2) - 2/(x - 3), - 1/(x - 2) + 1/(x - 3),2/(x - 2) + 2/(x - 3),1/(x - 2) - 1/(x - 3),B,B = 1; A = -1; সমাধানে A/(x - 2) + B/(x - 3)।,2
মূলদ ও আংশিক ভগ্নাংশ,186,x/(x - 2)²(x - 3) = A/(x - 2) + B/(x - 2)² + C/(x - 3) হলে B = ?,1,-1,2,-2,D,x = 2 হলে B = -2; সমাধানে B/(x - 2)²।,3
মূলদ ও আংশিক ভগ্নাংশ,187,3/(x - 2)(x² + 2) = A/(x - 2) + (Bx + C)/(x² + 2) হলে A = ?,1/2,3/4,1,3/2,A,x = 2 হলে 3 = A(2² + 2); তাই A = 1/2।,3
মূলদ ও আংশিক ভগ্নাংশ,188,(x + 2)/(x - 2)(x - 3) এর আংশিক ভগ্নাংশ কী?,3/(x - 2) - 1/(x - 3),1/(x - 2) + 1/(x - 3),  -4/(x-2) + 5/(x-3),1/(x - 2) - 2/(x - 3),C,A = -4; B = 5; সমাধানে A/(x - 2) + B/(x - 3)।,3
মূলদ ও আংশিক ভগ্নাংশ,189,1/(x - 2)(x² + 2) এর আংশিক ভগ্নাংশে A = ?,1/2,-1/2,2025-01-06 00:00:00,-1/3,C,x = 2 হলে 1 = A(2² + 2); তাই A = 1/6।,3
মূলদ ও আংশিক ভগ্নাংশ,190,(x² - 4)/(x - 3)(x - 4) = 1 + A/(x - 3) + B/(x - 4) হলে A = ?,1,-1,2,-5,D,x = 3 হলে A = -5; সমাধানে A/(x - 3) + B/(x - 4)।,3
মূলদ ও আংশিক ভগ্নাংশ,191,x/(x - 2)²(x - 3) এর আংশিক ভগ্নাংশে C = ?,1,2,-1,3,D,x = 3 হলে 3 = C(3 - 2)²; তাই C = 3 |,4
মূলদ ও আংশিক ভগ্নাংশ,192,2x/(x + 2)(x² + 2) = A/(x + 2) + (Bx + C)/(x² + 2) হলে A = ?,3,  -3/2,2,  -2/3,D,x = -2 হলে -4 = A((-2)² + 2); তাই A = -2/3।,4
মূলদ ও আংশিক ভগ্নাংশ,193,(x² + 2)/(x - 2)(x - 3) এর আংশিক ভগ্নাংশ কী?,1 - 6/(x-2) + 11/(x-3),1 + 1/(x - 2) + 1/(x - 3),1 - 1/(x - 2) + 2/(x - 3),1 - 2/(x - 2) + 1/(x - 3),A,লব ÷ হর = 1; A = -6; B = 11।,4
মূলদ ও আংশিক ভগ্নাংশ,194,1/(x - 2)(x² + 4) = A/(x - 2) + (Bx + C)/(x² + 4) হলে B = ?,1/4,  -1/8,1/2,-1/2,B,x² সহগ: A + B = 0; A = 1/4; তাই B = -1/8।,4
মূলদ ও আংশিক ভগ্নাংশ,195,(x + 3)/(x - 2)(x² + 1) এর আংশিক ভগ্নাংশে A = ?,1,-1,2,3,A,x = 2 হলে 5 = A(2² + 1); তাই A = 1।,4
মূলদ ও আংশিক ভগ্নাংশ,196,1/(x² + 2)² এর আংশিক ভগ্নাংশে A = ?,1/2,-1/2,0,1,C,A/(x² + 2) + (Bx + C)/(x² + 2)²; x² সহগ: A = 0।,5
মূলদ ও আংশিক ভগ্নাংশ,197,(x² + x + 2)/(x - 2)(x - 3)(x - 4) এর আংশিক ভগ্নাংশে A = ?,1/2,3,4,-3/2,C,x = 2 হলে 8 = A(2 - 3)(2 - 4); তাই A = 4।,5
মূলদ ও আংশিক ভগ্নাংশ,198,3/(x - 2)²(x - 3) = A/(x - 2) + B/(x - 2)² + C/(x - 3) হলে B = ?,-3,-1,2,-2,A,x = 2 হলে 3 = B(2 - 3); তাই B = -3।,5
মূলদ ও আংশিক ভগ্নাংশ,199,(x² - 3)/(x - 2)(x² + 1) এর আংশিক ভগ্নাংশে A = ?,  2/5,  -1/5,  1/5,-2,C,x = 2 হলে  1 = A(2² + 1); তাই A = 1/5।,5
মূলদ ও আংশিক ভগ্নাংশ,200,1/(x - 2)(x² + 2)² = A/(x - 2) + (Bx + C)/(x² + 2) + (Dx + E)/(x² + 2)² হলে A = ?,  1/36,  -1/36,  1/6, -1/6,A,x = 2 হলে 1 = A(2² + 2)²; তাই A = 1/36।,5
বহুপদী ধারণা,201,P(x) = 2x⁵ - 3x³ + x² - 4 হলে P(-1/2) এর মান কত?,-5/4,-7/4,-3.4375,-11/4,C,P(-1/2) = 2(-1/32) - 3(-1/8) + (1/4) - 4 = -55/16।,6
বহুপদী ধারণা,202,বহুপদী 3x³y² + 2xy³z + 4x²z এর ডিগ্রি কত?,4,5,6,7,B,পদ 2xy³z এর ডিগ্রি 1+3+1=5; এটিই সর্বোচ্চ।,6
বহুপদী ধারণা,203,"P(x, y, z) = x²yz + xy²z + xyz² এর প্রধান সহগ কত?",1,2,3,0,A,প্রধান পদ x²yz; xy²z; xyz² এর সহগ 1।,6
বহুপদী ধারণা,204,বহুপদী P(x) = 4x⁶ - 2x⁴ + 3x - 5 এর প্রধান পদ কোনটি?,4x⁶,-2x⁴,3x,-5,A,প্রধান পদ হল সর্বোচ্চ ডিগ্রির পদ; এখানে 4x⁶।,6
বহুপদী ধারণা,205,P(x) = x⁴ - 2x³ + x² - x + 1 হলে P(1/2) এর মান কত?,5/16,7/16,9/16,11/16,C,P(1/2) = (1/16) - 2(1/8) + (1/4) - (1/2) + 1 = 9/16।,6
বহুপদী ধারণা,206,বহুপদী 2x³y²z + 3xy³z² + 4xyz এর ডিগ্রি কত?,5,6,7,8,B,পদ 3xy³z² এর ডিগ্রি 1+3+2=6; এটিই সর্বোচ্চ।,7
বহুপদী ধারণা,207,P(x) = 3x⁵ - 4x³ + 2x - 1 হলে P(-3/2) এর মান কত?,-245/8,-15.4375, - 425/32,-251/8,C,P(-3/2) = 3(-243/32) - 4(-27/8) + 2(-3/2) - 1 = -425/32।,7
বহুপদী ধারণা,208,বহুপদী 5x²y³z + 2xy²z² + 3 এর প্রধান পদ কোনটি?,5x²y³z,2xy²z²,3,0,A,ডিগ্রি 2+3+1=6 সর্বোচ্চ; তাই প্রধান পদ 5x²y³z।,7
বহুপদী ধারণা,209,"P(x, y, z) = x³y + xy³z + y²z² এর ডিগ্রি কত?",4,5,6,7,B,পদ xy³z এর ডিগ্রি 1+3+1=5; এটিই সর্বোচ্চ।,7
বহুপদী ধারণা,210,কোনটি তিন চলকের বহুপদী নয়?,x²yz + xy + z,x³ + y³ + z³,x² + y² + z²,1/x + y + z,D,1/x-এ ঋণাত্মক ঘাত আছে; তাই বহুপদী নয়।,7
বহুপদী ধারণা,211,P(x) = 2x⁷ - 3x⁴ + x² - 2 হলে P(1/3) এর মান কত?,127/2187, -4210/2187,131/2187,133/2187,B,P(1/3) = 2(1/2187) - 3(1/81) + (1/9) - 2 = 129/2187।,8
বহুপদী ধারণা,212,বহুপদী 4x³y²z² + 2x²yz³ + xy এর প্রধান সহগ কত?,4,2,1,0,A,প্রধান পদ 4x³y²z² এর সহগ 4।,8
বহুপদী ধারণা,213,"P(x, y, z) = x²y²z + xy³z + xyz³ এর ডিগ্রি কত?",5,6,7,8,A,প্রতিটি পদের ডিগ্রি 2+2+1=5; তাই ডিগ্রি 5।,8
বহুপদী ধারণা,214,P(x) = 5x⁶ - 2x⁴ + 3x² - 1 হলে P(-2/3) এর মান কত?,-1097/729,-1099/729,275/729,1103/729,C,P(-2/3) = 5(-64/729) - 2(16/81) + 3(4/9) - 1 = 275/729।,8
বহুপদী ধারণা,215,বহুপদী 3x⁴y² + 2x²y³z + 5xy এর ধ্রুবক পদ কত?,0,1,2,5,A,কোনো চলকবিহীন পদ নেই; তাই ধ্রুবক পদ 0।,8
বহুপদী ধারণা,216,P(x) = x⁸ - 3x⁴ + 2x² - 1 হলে P(1/2) এর মান কত?,127/256,129/256,131/256,133/256,B,P(1/2) = (1/256) - 3(1/16) + 2(1/4) - 1 = 129/256।,9
বহুপদী ধারণা,217,বহুপদী 2x³y³z² + 3xy²z³ + 4xyz এর ডিগ্রি কত?,6,7,8,9,C,পদ 2x³y³z² এর ডিগ্রি 3+3+2=8; এটিই সর্বোচ্চ।,9
বহুপদী ধারণা,218,"P(x, y, z) = x⁴yz + xy⁴z + xyz⁴ এর প্রধান সহগ কত?",1,2,3,4,A,প্রধান পদ x⁴yz; xy⁴z; xyz⁴ এর সহগ 1।,9
বহুপদী ধারণা,219,P(x) = 4x⁷ - 5x³ + 2x - 3 হলে P(-1/3) এর মান কত?,-109/2187,-111/2187,-113/2187,-115/2187,C,P(-1/3) = 4(-1/2187) - 5(-1/27) + 2(-1/3) - 3 = -113/2187।,9
বহুপদী ধারণা,220,বহুপদী 5x³y³z² + 2x²y²z³ + 3xyz² এর প্রধান পদ কোনটি?,5x³y³z²,2x²y²z³,3xyz²,0,A,ডিগ্রি 3+3+2=8 সর্বোচ্চ; তাই প্রধান পদ 5x³y³z²।,9
বহুপদী ধারণা,221,P(x) = 3x⁹ - 2x⁵ + x³ - 1 হলে P(2/3) এর মান কত?,1397/19683,1399/19683,1401/19683,1403/19683,C,P(2/3) = 3(512/19683) - 2(32/243) + (8/27) - 1 = 1401/19683।,10
বহুপদী ধারণা,222,বহুপদী 4x⁴y³z² + 3x²y⁴z + 2xy³z³ এর ডিগ্রি কত?,7,8,9,10,C,পদ 2xy³z³ এর ডিগ্রি 1+3+3=7; এটিই সর্বোচ্চ।,10
বহুপদী ধারণা,223,"P(x, y, z) = x⁵y² + xy⁵z + y²z⁵ এর প্রধান সহগ কত?",1,2,3,4,A,প্রধান পদ x⁵y²; xy⁵z; y²z⁵ এর সহগ 1।,10
বহুপদী ধারণা,224,P(x) = 5x⁸ - 3x⁴ + 2x² - 1 হলে P(-1/2) এর মান কত?,-255/256,-257/256,-259/256,-261/256,C,P(-1/2) = 5(1/256) - 3(1/16) + 2(1/4) - 1 = -259/256।,10
বহুপদী ধারণা,225,বহুপদী 3x⁴y³z² + 2x²y⁴z³ + xy²z⁴ এর প্রধান পদ কোনটি?,3x⁴y³z²,2x²y⁴z³,xy²z⁴,0,C,ডিগ্রি 1+2+4=7 সর্বোচ্চ; তাই প্রধান পদ xy²z⁴।,10
বহুপদীর ক্রিয়াকলাপ,226,(x² - 2x + 3)(x² + 1) এর প্রধান সহগ কত?,1,2,3,4,A,গুণফল = x⁴ - 2x³ + 4x² - 2x + 3; প্রধান সহগ 1।,6
বহুপদীর ক্রিয়াকলাপ,227,P(x) = 2x⁴ - 3x³ + x - 2 কে 3x - 2 দ্বারা ভাগ করলে ভাগশেষ কত?,14/81,16/81,18/81,20/81,B,P(2/3) = 2(16/81) - 3(8/27) + (2/3) - 2 = 16/81।,6
বহুপদীর ক্রিয়াকলাপ,228,x + 2 যদি 2x³ + ax² - x - 10 এর উৎপাদক হয়; তবে a এর মান কত?,3,4,5,6,C,P(-2) = 2(-8) + 4a - (-2) - 10 = 0; তাই a = 5।,6
বহুপদীর ক্রিয়াকলাপ,229,(2x² + x + 1)(x² - x + 2) এর প্রধান পদ কোনটি?,2x⁴,x⁴,3x⁴,-x⁴,A,গুণফল = 2x⁴ + x³ + 2x² - x + 2; প্রধান পদ 2x⁴।,6
বহুপদীর ক্রিয়াকলাপ,230,x³ - 8x² + 19x - 12 এর উৎপাদক কোনটি?,x - 1,x - 2,x - 3,x - 4,C,P(3) = 27 - 72 + 57 - 12 = 0; তাই x - 3 উৎপাদক।,6
বহুপদীর ক্রিয়াকলাপ,231,(x² - 3x + 4)(2x² + 1) এর প্রধান সহগ কত?,1,2,3,4,B,গুণফল = 2x⁴ - 6x³ + 9x² - 3x + 4; প্রধান সহগ 2।,7
বহুপদীর ক্রিয়াকলাপ,232,P(x) = 3x⁴ - 2x³ + x² - 1 কে 2x - 3 দ্বারা ভাগ করলে ভাগশেষ কত?,47/16,49/16,51/16,53/16,B,P(3/2) = 3(81/16) - 2(27/8) + (9/4) - 1 = 49/16।,7
বহুপদীর ক্রিয়াকলাপ,233,x - 3 যদি x⁴ - ax³ + 6x² - 3x - 27 এর উৎপাদক হয়; তবে a এর মান কত?,5,6,7,8,C,P(3) = 81 - 27a + 54 - 9 - 27 = 0; তাই a = 7।,7
বহুপদীর ক্রিয়াকলাপ,234,(3x² - x + 2)(x² + 2x + 1) এর গুণফলের ডিগ্রি কত?,3,4,5,6,B,ডিগ্রি = 2 + 2 = 4।,7
বহুপদীর ক্রিয়াকলাপ,235,x² + 2x + 3 কে x + 1 দ্বারা ভাগ করলে ভাগশেষ কী?,x + 1,x + 2,2,3,D,ডিভিডেন্ডের ডিগ্রি 2; ডিভাইসর 1; ভাগশেষ ধ্রুবক = P(-1) = 3।,7
বহুপদীর ক্রিয়াকলাপ,236,(2x² - x + 3)(x² + x - 1) এর প্রধান পদ কোনটি?,2x⁴,x⁴,3x⁴,-x⁴,A,গুণফল = 2x⁴ + x³ + 4x² - 4x - 3; প্রধান পদ 2x⁴।,8
বহুপদীর ক্রিয়াকলাপ,237,P(x) = 4x⁵ - 3x³ + 2x - 1 কে 3x - 2 দ্বারা ভাগ করলে ভাগশেষ কত?,127/243,129/243,131/243,133/243,B,P(2/3) = 4(32/243) - 3(8/27) + 2(2/3) - 1 = 129/243।,8
বহুপদীর ক্রিয়াকলাপ,238,x + 1 যদি 3x³ + ax² - 2x - 4 এর উৎপাদক হয়; তবে a এর মান কত?,2,3,4,5,C,P(-1) = 3(-1) + a - 2(-1) - 4 = 0; তাই a = 4।,8
বহুপদীর ক্রিয়াকলাপ,239,x³ - 10x² + 31x - 30 এর উৎপাদক কোনটি?,x - 2,x - 3,x - 4,x - 5,B,P(3) = 27 - 90 + 93 - 30 = 0; তাই x - 3 উৎপাদক।,8
বহুপদীর ক্রিয়াকলাপ,240,(3x² + 2x + 1)(x² - x + 2) এর প্রধান সহগ কত?,1,2,3,4,C,গুণফল = 3x⁴ + x³ + 4x² - x + 2; প্রধান সহগ 3।,8
বহুপদীর ক্রিয়াকলাপ,241,(x² - 2x + 4)(2x² + x - 1) এর প্রধান পদ কোনটি?,2x⁴,x⁴,3x⁴,-x⁴,A,গুণফল = 2x⁴ - 3x³ + 9x² - 6x - 4; প্রধান পদ 2x⁴।,9
বহুপদীর ক্রিয়াকলাপ,242,P(x) = 5x⁵ - 4x³ + 2x - 3 কে 2x - 1 দ্বারা ভাগ করলে ভাগশেষ কত?,127/32,129/32,131/32,133/32,B,P(1/2) = 5(1/32) - 4(1/8) + 2(1/2) - 3 = 129/32।,9
বহুপদীর ক্রিয়াকলাপ,243,x - 2 যদি x⁴ - ax³ + 5x² - 4x - 4 এর উৎপাদক হয়; তবে a এর মান কত?,4,5,6,7,C,P(2) = 16 - 8a + 20 - 8 - 4 = 0; তাই a = 6।,9
বহুপদীর ক্রিয়াকলাপ,244,x³ - 12x² + 47x - 60 এর উৎপাদক কোনটি?,x - 3,x - 4,x - 5,x - 6,C,P(5) = 125 - 300 + 235 - 60 = 0; তাই x - 5 উৎপাদক।,9
বহুপদীর ক্রিয়াকলাপ,245,(4x² + x - 1)(x² - 2x + 3) এর প্রধান সহগ কত?,2,3,4,5,C,গুণফল = 4x⁴ - 7x³ + 9x² - 7x - 3; প্রধান সহগ 4।,9
বহুপদীর ক্রিয়াকলাপ,246,(2x² - 3x + 4)(3x² + x - 2) এর প্রধান পদ কোনটি?,6x⁴,3x⁴,2x⁴,-x⁴,A,গুণফল = 6x⁴ - 7x³ + 7x² - 14x - 8; প্রধান পদ 6x⁴।,10
বহুপদীর ক্রিয়াকলাপ,247,P(x) = 3x⁶ - 2x⁴ + x² - 1 কে 3x - 2 দ্বারা ভাগ করলে ভাগশেষ কত?,127/729,129/729,131/729,133/729,B,P(2/3) = 3(64/729) - 2(16/81) + (4/9) - 1 = 129/729।,10
বহুপদীর ক্রিয়াকলাপ,248,x + 3 যদি 2x⁴ + ax³ - 3x² + 2x - 15 এর উৎপাদক হয়; তবে a এর মান কত?,4,5,6,7,C,P(-3) = 2(81) + (-27)a - 27 + (-6) - 15 = 0; তাই a = 6।,10
বহুপদীর ক্রিয়াকলাপ,249,x³ - 15x² + 74x - 120 এর উৎপাদক কোনটি?,x - 4,x - 5,x - 6,x - 7,C,P(6) = 216 - 540 + 444 - 120 = 0; তাই x - 6 উৎপাদক।,10
বহুপদীর ক্রিয়াকলাপ,250,(5x² + 2x - 1)(x² - x + 2) এর প্রধান সহগ কত?,3,4,5,6,C,গুণফল = 5x⁴ - 3x³ + 8x² - 7x - 2; প্রধান সহগ 5।,10
"সমমাত্রিক বহুপদী, প্রতিসম ও চক্রক্রমিক রাশি",251,x²(y - z)² + y²(z - x)² + z²(x - y)² এর উৎপাদক কী?,(x - y)(y - z)(z - x),x + y + z,(x - y)(y - z)(z - x)(x + y + z),xyz,C,x = y হলে রাশি 0; চক্রীয় ও সমমাত্রিক।,6
"সমমাত্রিক বহুপদী, প্রতিসম ও চক্রক্রমিক রাশি",252,x³(y - z) + y³(z - x) + z³(x - y) এর ডিগ্রি কত?,3,4,5,6,B,প্রতিটি পদের ডিগ্রি 3+1=4; তাই ডিগ্রি 4।,6
"সমমাত্রিক বহুপদী, প্রতিসম ও চক্রক্রমিক রাশি",253,(x + y)(y + z)(z + x) + xyz এর উৎপাদক কী?,(x + y + z)(xy + yz + zx),x + y + z,xy + yz + zx,xyz,A,x = -(y + z) হলে রাশি 0; তাই উৎপাদক।,6
"সমমাত্রিক বহুপদী, প্রতিসম ও চক্রক্রমিক রাশি",254,কোনটি সমমাত্রিক ও চক্রীয় নয়?,x²y + y²z + z²x,xy + yz + zx,x²(y - z) + y²(z - x) + z²(x - y),x² + y² + z²,B,প্রতিসম ও চক্রীয়; অন্যগুলো শুধু চক্রীয়।,6
"সমমাত্রিক বহুপদী, প্রতিসম ও চক্রক্রমিক রাশি",255,x(y² - z²) + y(z² - x²) + z(x² - y²) এর উৎপাদক কী?,(x - y)(y - z)(z - x),(x + y)(y + z)(z + x),x + y + z,xyz,A,রাশিটি চক্রীয়; উৎপাদক (x - y)(y - z)(z - x)।,6
"সমমাত্রিক বহুপদী, প্রতিসম ও চক্রক্রমিক রাশি",256,x²y(y - z) + y²z(z - x) + z²x(x - y) এর উৎপাদক কী?,(x - y)(y - z)(z - x),x + y + z,(x² - y²)(y² - z²)(z² - x²),xyz,C,রাশিটি চক্রীয়; উৎপাদক (x² - y²)(y² - z²)(z² - x²)।,7
"সমমাত্রিক বহুপদী, প্রতিসম ও চক্রক্রমিক রাশি",257,x³(y² - z²) + y³(z² - x²) + z³(x² - y²) এর ডিগ্রি কত?,4,5,6,7,B,প্রতিটি পদের ডিগ্রি 3+2=5; তাই ডিগ্রি 5।,7
"সমমাত্রিক বহুপদী, প্রতিসম ও চক্রক্রমিক রাশি",258,(x - y)³ + (y - z)³ + (z - x)³ এর মান কত?,3(x - y)(y - z)(z - x),x + y + z,x² + y² + z²,xyz,A,A + B + C = 0; তাই A³ + B³ + C³ = 3ABC।,7
"সমমাত্রিক বহুপদী, প্রতিসম ও চক্রক্রমিক রাশি",259,x²(y - z)³ + y²(z - x)³ + z²(x - y)³ এর উৎপাদক কী?,(x - y)(y - z)(z - x),x + y + z,(x - y)(y - z)(z - x)(x + y + z),xyz,C,x = y হলে রাশি 0; চক্রীয় ও সমমাত্রিক।,7
"সমমাত্রিক বহুপদী, প্রতিসম ও চক্রক্রমিক রাশি",260,কোনটি চক্রীয় কিন্তু প্রতিসম নয়?,x²(y - z) + y²(z - x) + z²(x - y),xy + yz + zx,x² + y² + z²,x + y + z,A,চক্রীয় কিন্তু x; y বিনিময়ে পরিবর্তিত হয়।,7
"সমমাত্রিক বহুপদী, প্রতিসম ও চক্রক্রমিক রাশি",261,x³y(y - z) + y³z(z - x) + z³x(x - y) এর উৎপাদক কী?,(x - y)(y - z)(z - x)(x + y + z),x + y + z,(x² - y²)(y² - z²)(z² - x²),xyz,C,রাশিটি চক্রীয়; উৎপাদক (x² - y²)(y² - z²)(z² - x²)।,8
"সমমাত্রিক বহুপদী, প্রতিসম ও চক্রক্রমিক রাশি",262,x⁴(y - z) + y⁴(z - x) + z⁴(x - y) এর ডিগ্রি কত?,4,5,6,7,B,প্রতিটি পদের ডিগ্রি 4+1=5; তাই ডিগ্রি 5।,8
"সমমাত্রিক বহুপদী, প্রতিসম ও চক্রক্রমিক রাশি",263,(x + y + z)(xy + yz + zx) - xyz এর উৎপাদক কী?,(x + y)(y + z)(z + x),x + y + z,xy + yz + zx,xyz,A,রাশিটি (x + y)(y + z)(z + x) হিসেবে প্রকাশযোগ্য।,8
"সমমাত্রিক বহুপদী, প্রতিসম ও চক্রক্রমিক রাশি",264,x²y²(y - z) + y²z²(z - x) + z²x²(x - y) এর উৎপাদক কী?,(x - y)(y - z)(z - x),x + y + z,(x² - y²)(y² - z²)(z² - x²),xyz,C,রাশিটি চক্রীয়; উৎপাদক (x² - y²)(y² - z²)(z² - x²)।,8
"সমমাত্রিক বহুপদী, প্রতিসম ও চক্রক্রমিক রাশি",265,কোনটি সমমাত্রিক ও চক্রীয়?,x²y + y²z + z²x,x² + y² + z²,xy + yz + zx,x + y + z,A,প্রতিটি পদের ডিগ্রি 3 এবং চক্রীয়।,8
"সমমাত্রিক বহুপদী, প্রতিসম ও চক্রক্রমিক রাশি",266,x³y²(y - z) + y³z²(z - x) + z³x²(x - y) এর উৎপাদক কী?,(x - y)(y - z)(z - x)(x + y + z),x + y + z,(x² - y²)(y² - z²)(z² - x²),xyz,C,রাশিটি চক্রীয়; উৎপাদক (x² - y²)(y² - z²)(z² - x²)।,9
"সমমাত্রিক বহুপদী, প্রতিসম ও চক্রক্রমিক রাশি",267,x⁴(y² - z²) + y⁴(z² - x²) + z⁴(x² - y²) এর ডিগ্রি কত?,5,6,7,8,B,প্রতিটি পদের ডিগ্রি 4+2=6; তাই ডিগ্রি 6।,9
"সমমাত্রিক বহুপদী, প্রতিসম ও চক্রক্রমিক রাশি",268,(x - y)⁴ + (y - z)⁴ + (z - x)⁴ এর উৎপাদক কী?,2(x - y)(y - z)(z - x)(x + y + z),x + y + z,(x - y)(y - z)(z - x),xyz,A,x = y হলে 0; চক্রীয় ও সমমাত্রিক।,9
"সমমাত্রিক বহুপদী, প্রতিসম ও চক্রক্রমিক রাশি",269,x²y³(y - z) + y²z³(z - x) + z²x³(x - y) এর উৎপাদক কী?,(x - y)(y - z)(z - x),x + y + z,(x² - y²)(y² - z²)(z² - x²),xyz,C,রাশিটি চক্রীয়; উৎপাদক (x² - y²)(y² - z²)(z² - x²)।,9
"সমমাত্রিক বহুপদী, প্রতিসম ও চক্রক্রমিক রাশি",270,কোনটি চক্রীয় কিন্তু প্রতিসম নয়?,x³(y - z) + y³(z - x) + z³(x - y),xy + yz + zx,x² + y² + z²,x + y + z,A,চক্রীয় কিন্তু x; y বিনিময়ে পরিবর্তিত হয়।,9
"সমমাত্রিক বহুপদী, প্রতিসম ও চক্রক্রমিক রাশি",271,x⁴y(y - z) + y⁴z(z - x) + z⁴x(x - y) এর উৎপাদক কী?,(x - y)(y - z)(z - x)(x + y + z),x + y + z,(x² - y²)(y² - z²)(z² - x²),xyz,C,রাশিটি চক্রীয়; উৎপাদক (x² - y²)(y² - z²)(z² - x²)।,10
"সমমাত্রিক বহুপদী, প্রতিসম ও চক্রক্রমিক রাশি",272,x⁵(y - z) + y⁵(z - x) + z⁵(x - y) এর ডিগ্রি কত?,5,6,7,8,B,প্রতিটি পদের ডিগ্রি 5+1=6; তাই ডিগ্রি 6।,10
"সমমাত্রিক বহুপদী, প্রতিসম ও চক্রক্রমিক রাশি",273,(x + y + z)(x² + y² + z² - xy - yz - zx) এর উৎপাদক কী?,x³ + y³ + z³ - 3xyz,x + y + z,xy + yz + zx,xyz,A,সূত্র: x³ + y³ + z³ - 3xyz = (x + y + z)(x² + y² + z² - xy - yz - zx)।,10
"সমমাত্রিক বহুপদী, প্রতিসম ও চক্রক্রমিক রাশি",274,x³y²(y - z) + y³z²(z - x) + z³x²(x - y) এর উৎপাদক কী?,(x - y)(y - z)(z - x)(x + y + z),x + y + z,(x² - y²)(y² - z²)(z² - x²),xyz,C,রাশিটি চক্রীয়; উৎপাদক (x² - y²)(y² - z²)(z² - x²)।,10
"সমমাত্রিক বহুপদী, প্রতিসম ও চক্রক্রমিক রাশি",275,কোনটি সমমাত্রিক ও চক্রীয়?,x³y + y³z + z³x,x² + y² + z²,xy + yz + zx,x + y + z,A,প্রতিটি পদের ডিগ্রি 4 এবং চক্রীয়।,10
মূলদ ও আংশিক ভগ্নাংশ,276,(x² + 2x + 3)/(x - 2)(x - 3) এর আংশিক ভগ্নাংশ কী?,1 + 4/(x - 2) - 1/(x - 3),1 + 1/(x - 2) + 1/(x - 3),1 - 1/(x - 2) + 2/(x - 3),1 - 2/(x - 2) + 1/(x - 3),A,লব ÷ হর = 1; A = 4; B = -1।,6
মূলদ ও আংশিক ভগ্নাংশ,277,2x/(x - 2)²(x - 3) = A/(x - 2) + B/(x - 2)² + C/(x - 3) হলে B = ?,1,-1,2,-2,B,x = 2 হলে 4 = B(2 - 3); তাই B = -1।,6
মূলদ ও আংশিক ভগ্নাংশ,278,1/(x - 2)(x² + 3) = A/(x - 2) + (Bx + C)/(x² + 3) হলে A = ?,1/3,-1/3,1/2,-1/2,A,x = 2 হলে 1 = A(2² + 3); তাই A = 1/3।,6
মূলদ ও আংশিক ভগ্নাংশ,279,(x² - 3)/(x - 3)(x - 4) = 1 + A/(x - 3) + B/(x - 4) হলে A = ?,1,-1,2,-2,D,x = 3 হলে A = -2; সমাধানে A/(x - 3) + B/(x - 4)।,6
মূলদ ও আংশিক ভগ্নাংশ,280,(x + 4)/(x - 2)(x² + 2) এর আংশিক ভগ্নাংশে A = ?,3/2,-3/2,2,-2,A,x = 2 হলে 6 = A(2² + 2); তাই A = 3/2।,6
মূলদ ও আংশিক ভগ্নাংশ,281,(x² + x + 2)/(x - 2)(x - 3)(x - 4) এর আংশিক ভগ্নাংশে A = ?,1/2,-1/2,3/2,-3/2,A,x = 2 হলে 10 = A(2 - 3)(2 - 4); তাই A = 1/2।,7
মূলদ ও আংশিক ভগ্নাংশ,282,3/(x - 2)²(x - 3) = A/(x - 2) + B/(x - 2)² + C/(x - 3) হলে C = ?,3,-3,2,-2,A,x = 3 হলে 3 = C(3 - 2)²; তাই C = 3।,7
মূলদ ও আংশিক ভগ্নাংশ,283,1/(x - 2)(x² + 4)² = A/(x - 2) + (Bx + C)/(x² + 4) + (Dx + E)/(x² + 4)² হলে A = ?,1/4,-1/4,1/8,-1/8,A,x = 2 হলে 1 = A(2² + 4)²; তাই A = 1/4।,7
মূলদ ও আংশিক ভগ্নাংশ,284,(x² - 2)/(x - 3)(x² + 2) এর আংশিক ভগ্নাংশে A = ?,1,-1,2,-2,B,x = 3 হলে -1 = A(3² + 2); তাই A = -1।,7
মূলদ ও আংশিক ভগ্নাংশ,285,2x/(x - 2)(x² + 3) = A/(x - 2) + (Bx + C)/(x² + 3) হলে B = ?,1/3,-1/3,1/2,-1/2,B,x² সহগ: A + B = 0; A = 1/3; তাই B = -1/3।,7
মূলদ ও আংশিক ভগ্নাংশ,286,(x² + 3x + 4)/(x - 2)(x - 3)(x - 4) এর আংশিক ভগ্নাংশে A = ?,1/2,-1/2,3/2,-3/2,C,x = 2 হলে 18 = A(2 - 3)(2 - 4); তাই A = 3/2।,8
মূলদ ও আংশিক ভগ্নাংশ,287,4/(x - 2)²(x - 3) = A/(x - 2) + B/(x - 2)² + C/(x - 3) হলে B = ?,1,-1,2,-2,B,x = 2 হলে 4 = B(2 - 3); তাই B = -1।,8
মূলদ ও আংশিক ভগ্নাংশ,288,1/(x - 3)(x² + 5)² = A/(x - 3) + (Bx + C)/(x² + 5) + (Dx + E)/(x² + 5)² হলে A = ?,1/5,-1/5,1/10,-1/10,A,x = 3 হলে 1 = A(3² + 5)²; তাই A = 1/5।,8
মূলদ ও আংশিক ভগ্নাংশ,289,(x² - 4)/(x - 4)(x² + 3) এর আংশিক ভগ্নাংশে A = ?,1,-1,2,-2,B,x = 4 হলে -1 = A(4² + 3); তাই A = -1।,8
মূলদ ও আংশিক ভগ্নাংশ,290,3x/(x - 2)(x² + 4) = A/(x - 2) + (Bx + C)/(x² + 4) হলে B = ?,1/4,-1/4,1/3,-1/3,B,x² সহগ: A + B = 0; A = 1/4; তাই B = -1/4।,8
মূলদ ও আংশিক ভগ্নাংশ,291,(x² + 2x + 5)/(x - 2)(x - 3)(x - 4) এর আংশিক ভগ্নাংশে A = ?,3/2,-3/2,5/2,-5/2,C,x = 2 হলে 25 = A(2 - 3)(2 - 4); তাই A = 5/2।,9
মূলদ ও আংশিক ভগ্নাংশ,292,5/(x - 3)²(x - 4) = A/(x - 3) + B/(x - 3)² + C/(x - 4) হলে C = ?,5,-5,4,-4,A,x = 4 হলে 5 = C(4 - 3)²; তাই C = 5।,9
মূলদ ও আংশিক ভগ্নাংশ,293,1/(x - 4)(x² + 6)² = A/(x - 4) + (Bx + C)/(x² + 6) + (Dx + E)/(x² + 6)² হলে A = ?,1/6,-1/6,1/12,-1/12,A,x = 4 হলে 1 = A(4² + 6)²; তাই A = 1/6।,9
মূলদ ও আংশিক ভগ্নাংশ,294,(x² - 5)/(x - 5)(x² + 4) এর আংশিক ভগ্নাংশে A = ?,1,-1,2,-2,B,x = 5 হলে -1 = A(5² + 4); তাই A = -1।,9
মূলদ ও আংশিক ভগ্নাংশ,295,4x/(x - 3)(x² + 5) = A/(x - 3) + (Bx + C)/(x² + 5) হলে B = ?,1/5,-1/5,1/4,-1/4,B,x² সহগ: A + B = 0; A = 1/5; তাই B = -1/5।,9
মূলদ ও আংশিক ভগ্নাংশ,296,(x² + 3x + 6)/(x - 3)(x - 4)(x - 5) এর আংশিক ভগ্নাংশে A = ?,3/2,-3/2,7/2,-7/2,C,x = 3 হলে 42 = A(3 - 4)(3 - 5); তাই A = 7/2।,10
মূলদ ও আংশিক ভগ্নাংশ,297,6/(x - 4)²(x - 5) = A/(x - 4) + B/(x - 4)² + C/(x - 5) হলে B = ?,1,-1,2,-2,B,x = 4 হলে 6 = B(4 - 5); তাই B = -1।,10
মূলদ ও আংশিক ভগ্নাংশ,298,1/(x - 5)(x² + 7)² = A/(x - 5) + (Bx + C)/(x² + 7) + (Dx + E)/(x² + 7)² হলে A = ?,1/7,-1/7,1/14,-1/14,A,x = 5 হলে 1 = A(5² + 7)²; তাই A = 1/7।,10
মূলদ ও আংশিক ভগ্নাংশ,299,(x² - 6)/(x - 6)(x² + 5) এর আংশিক ভগ্নাংশে A = ?,1,-1,2,-2,B,x = 6 হলে -1 = A(6² + 5); তাই A = -1।,10
মূলদ ও আংশিক ভগ্নাংশ,300,5x/(x - 4)(x² + 6) = A/(x - 4) + (Bx + C)/(x² + 6) হলে B = ?,1/6,-1/6,1/5,-1/5,B,x² সহগ: A + B = 0; A = 1/6; তাই B = -1/6।,10
