Subtopic,Question Number,Question,Option A,Option B,Option C,Option D,Correct Answer,Explanation,Difficulty Level
অনুক্রম ও শ্রেণী ধারণা,1,"2, 5, 8, 11,... অনুক্রমের পরবর্তী পদ কত?",14,15,16,17,A,"সমান্তর অনুক্রম, সাধারণ অন্তর 3",1
অনুক্রম ও শ্রেণী ধারণা,2,"3, 6, 12, 24,... গুণোত্তর অনুক্রমের সাধারণ অনুপাত কত?",2,3,4,5,A,6/3 = 2,1
অনুক্রম ও শ্রেণী ধারণা,3,1+2+3+...+10 এর যোগফল কত?,55,50,45,40,A,যোগফল = n(n+1)/2 = 55,1
অনুক্রম ও শ্রেণী ধারণা,4,"5, 10, 15, 20,... সমান্তর ধারার সাধারণ অন্তর কত?",5,10,15,20,A,10-5 = 5,1
অনুক্রম ও শ্রেণী ধারণা,5,"2, 4, 8, 16,... অনুক্রমের পরবর্তী পদ কত?",32,64,128,256,A,"গুণোত্তর অনুক্রম, অনুপাত 2",1
অনুক্রম ও শ্রেণী ধারণা,6,"7, 12, 17, 22,... সমান্তর ধারার 10ম পদ কত?",52,50,48,46,A,aₙ = a₁ + (n-1)d = 7 + 9×5 = 52,2
অনুক্রম ও শ্রেণী ধারণা,7,1+3+5+...+19 এর যোগফল কত?,100,81,121,64,A,"n² যোগফল, 10টি বিজোড় সংখ্যা",2
অনুক্রম ও শ্রেণী ধারণা,8,"3, 9, 27, 81,... গুণোত্তর ধারার 6ষ্ঠ পদ কত?",243,729,2187,6561,B,aₙ = arⁿ⁻¹ = 3×3⁵ = 729,2
অনুক্রম ও শ্রেণী ধারণা,9,2+4+6+...+20 এর যোগফল কত?,110,120,130,140,A,যোগফল = n(n+1) = 110,2
অনুক্রম ও শ্রেণী ধারণা,10,"1, 4, 9, 16,... অনুক্রমের পরবর্তী পদ কত?",25,36,49,64,A,বর্গ সংখ্যার অনুক্রম,2
অনুক্রম ও শ্রেণী ধারণা,11,"5, 9, 13, 17,... ধারাটির প্রথম 15 পদের যোগফল কত?",465,470,475,480,A,Sₙ = n/2[2a+(n-1)d] = 465,3
অনুক্রম ও শ্রেণী ধারণা,12,1/2 + 1/4 + 1/8 + 1/16 + ... ধারাটির অসীম যোগফল কত?,1,2,0.5,1.5,A,S = a/(1-r) = 1,3
অনুক্রম ও শ্রেণী ধারণা,13,"2, 6, 18, 54,... গুণোত্তর ধারার 8ম পদ কত?",4374,13122,39366,118098,A,a₈ = 2×3⁷ = 4374,3
অনুক্রম ও শ্রেণী ধারণা,14,1² + 2² + 3² + ... + 10² এর যোগফল কত?,385,325,285,255,A,যোগফল = n(n+1)(2n+1)/6 = 385,3
অনুক্রম ও শ্রেণী ধারণা,15,1 + 1/3 + 1/9 + 1/27 + ... ধারাটির প্রথম 5 পদের যোগফল কত?,123/81,122/81,121/81,124/81,C,S₅ = (1-(1/3)⁵)/(1-1/3) = 121/81,3
অনুক্রম ও শ্রেণী ধারণা,16,"একটি সমান্তর ধারার প্রথম পদ 3 এবং সাধারণ অন্তর 4 হলে, 12তম পদ কত?",49,48,47,50,C,a₁₂ = 3 + 11×4 = 47,4
অনুক্রম ও শ্রেণী ধারণা,17,1×2 + 2×3 + 3×4 + ... + 10×11 এর যোগফল কত?,460,450,440,470,C,যোগফল = n(n+1)(n+2)/3 = 440,4
অনুক্রম ও শ্রেণী ধারণা,18,"একটি গুণোত্তর ধারার প্রথম পদ 2 এবং সাধারণ অনুপাত 3 হলে, প্রথম 6 পদের যোগফল কত?",1456,729,728,1458,C,S₆ = 2(3⁶-1)/(3-1) = 728,4
অনুক্রম ও শ্রেণী ধারণা,19,1 - 1/2 + 1/3 - 1/4 + ... ধারাটির প্রথম 4 পদের যোগফল কত?,13/12,5/12,7/12,11/12,C,যোগফল = 1 - 1/2 + 1/3 - 1/4 = 7/12,4
অনুক্রম ও শ্রেণী ধারণা,20,1 + 3 + 6 + 10 + ... (ত্রিভুজ সংখ্যা) ধারাটির প্রথম 7 পদের যোগফল কত?,98,91,84,105,C,যোগফল = n(n+1)(n+2)/6 = 84,4
অনুক্রম ও শ্রেণী ধারণা,21,"একটি সমান্তর ধারার 5ম পদ 17 এবং 9ম পদ 29 হলে, সাধারণ অন্তর কত?",5,4,3,6,C,4d = 29-17 ⇒ d=3,5
অনুক্রম ও শ্রেণী ধারণা,22,1³ + 2³ + 3³ + ... + 8³ এর যোগফল কত?,3025,2025,1296,4096,C,যোগফল = [n(n+1)/2]² = 1296,5
অনুক্রম ও শ্রেণী ধারণা,23,"একটি গুণোত্তর ধারার প্রথম পদ 5 এবং অসীম যোগফল 10 হলে, সাধারণ অনুপাত কত?",1/4,1/3,1/2,1/5,C,5/(1-r)=10 ⇒ r=1/2,5
অনুক্রম ও শ্রেণী ধারণা,24,"একটি সমান্তর ধারার প্রথম 20 পদের যোগফল 420 এবং প্রথম পদ 3 হলে, শেষ পদ কত?",41,40,39,42,C,S = n/2(a+l) ⇒ 420=10(3+l) ⇒ l=39,5
অনুক্রম ও শ্রেণী ধারণা,25,2 + 4 + 8 + 16 + ... ধারাটির প্রথম 8 পদের যোগফল কত?,510,512,514,516,A,S₈ = 2(2⁸-1)/(2-1) = 510,5
অনুক্রম ও শ্রেণী ধারণা,26,"একটি সমান্তর ধারার 7ম পদ 20 এবং 13তম পদ 38 হলে, প্রথম পদ কত?",2,3,4,5,A,"a+6d=20, a+12d=38 ⇒ a=2",6
অনুক্রম ও শ্রেণী ধারণা,27,1×2 + 2×3 + 3×4 + ... + 10×11 এর যোগফল কত?,440,450,460,470,A,যোগফল = n(n+1)(n+2)/3 = 440,6
অনুক্রম ও শ্রেণী ধারণা,28,"একটি গুণোত্তর ধারার প্রথম তিন পদের যোগফল 21 এবং তাদের বর্গের যোগফল 189 হলে, সাধারণ অনুপাত কত?",2,3,4,5,A,"ধারা: 3, 6, 12 ⇒ r=2",6
অনুক্রম ও শ্রেণী ধারণা,29,"একটি সমান্তর ধারার প্রথম n পদের যোগফল 3n² + 5n হলে, সাধারণ অন্তর কত?",6,5,4,3,A,d = দ্বিতীয় পদ - প্রথম পদ = (S₂-S₁)-(S₁-S₀)=16-8=8,6
অনুক্রম ও শ্রেণী ধারণা,30,"1 + x + x² + x³ + ... অসীম ধারাটির যোগফল 4 হলে, x এর মান কত?",3/4,2/3,1/2,1/3,A,1/(1-x)=4 ⇒ x=3/4,6
অনুক্রম ও শ্রেণী ধারণা,31,1² + 3² + 5² + ... + 19² এর যোগফল কত?,1330,1425,1520,1615,A,যোগফল = n(2n+1)(2n-1)/3 = 1330,7
অনুক্রম ও শ্রেণী ধারণা,32,1 + (1+3) + (1+3+5) + ... ধারাটির প্রথম 7 পদের যোগফল কত?,140,133,126,119,A,যোগফল = Σn² = n(n+1)(2n+1)/6 = 140,7
অনুক্রম ও শ্রেণী ধারণা,33,1×2×3 + 2×3×4 + 3×4×5 + ... ধারাটির প্রথম 10 পদের যোগফল কত?,4290,5280,6270,7260,A,যোগফল = n(n+1)(n+2)(n+3)/4 = 4290,7
অনুক্রম ও শ্রেণী ধারণা,34,1 + 1/3 + 1/7 + 1/15 + ... ধারাটির প্রথম 5 পদের যোগফল কত?,57/35,58/35,59/35,60/35,A,যোগফল = (2²+2³+2⁴+2⁵+2⁶)-5 = 57/35,7
অনুক্রম ও শ্রেণী ধারণা,35,1 - 1/2 + 1/3 - 1/4 + ... ধারাটির প্রথম 100 পদের যোগফল ln(2) এর কতটা কাছাকাছি?,0.01 এর মধ্যে,0.001 এর মধ্যে,0.0001 এর মধ্যে,0.00001 এর মধ্যে,A,এই ধারাটি ধীরে অভিসারী,7
অনুক্রম ও শ্রেণী ধারণা,36,1 + 1/2² + 1/3² + 1/4² + ... ধারাটির প্রথম 10 পদের যোগফল কত?,1.549767,1.644934,1.732967,1.821456,A,প্রথম 10টি পদের যোগফল ≈ 1.549767,8
অনুক্রম ও শ্রেণী ধারণা,37,1 - 1/2² + 1/3² - 1/4² + ... ধারাটির প্রথম 10 পদের যোগফল কত?,0.822467,0.901542,0.947032,0.982102,A,প্রথম 10টি পদের যোগফল ≈ 0.822467,8
অনুক্রম ও শ্রেণী ধারণা,38,1 + 1/2⁴ + 1/3⁴ + 1/4⁴ + ... ধারাটির যোগফল কত?,π⁴/90,π⁴/45,π⁴/30,π⁴/15,A,এই ধারাটির যোগফল π⁴/90,8
অনুক্রম ও শ্রেণী ধারণা,39,1 - 1/2⁴ + 1/3⁴ - 1/4⁴ + ... ধারাটির যোগফল কত?,7π⁴/720,π⁴/90,π⁴/45,π⁴/30,A,এই ধারাটির যোগফল 7π⁴/720,8
অনুক্রম ও শ্রেণী ধারণা,40,1 + 1/3⁴ + 1/5⁴ + 1/7⁴ + ... ধারাটির যোগফল কত?,π⁴/30,π⁴/90,π⁴/45,π⁴/96,D,এই ধারাটির যোগফল π⁴/96,8
অনুক্রম ও শ্রেণী ধারণা,41,1 + 1/1! + 1/2! + 1/3! + ... ধারাটির যোগফল কত?,π,e²,ln2,e,D,এই ধারাটি e এর সংজ্ঞা,9
অনুক্রম ও শ্রেণী ধারণা,42,1 - 1/1! + 1/2! - 1/3! + ... ধারাটির যোগফল কত?,ln2,e,e²,1/e,D,এই ধারাটি 1/e এর মান দেয়,9
অনুক্রম ও শ্রেণী ধারণা,43,1 + x + x²/2! + x³/3! + ... ধারাটির যোগফল কত?,cosx,ln(1+x),sinx,eˣ,D,এই ধারাটি eˣ এর টেলর সিরিজ,9
অনুক্রম ও শ্রেণী ধারণা,44,x - x³/3! + x⁵/5! - x⁷/7! + ... ধারাটির যোগফল কত?,cotx,cosx,tanx,sinx,D,এই ধারাটি sinx এর টেলর সিরিজ,9
অনুক্রম ও শ্রেণী ধারণা,45,1 - x²/2! + x⁴/4! - x⁶/6! + ... ধারাটির যোগফল কত?,cotx,sinx,tanx,cosx,D,এই ধারাটি cosx এর টেলর সিরিজ,9
অনুক্রম ও শ্রেণী ধারণা,46,1 + 1/2 + 1/3 + 1/4 + ... ধারাটির প্রকৃতি কী?,কোনোটিই নয়,অভিসারী,উভয়ই,অপসারী,D,হারমোনিক ধারা অপসারী,10
অনুক্রম ও শ্রেণী ধারণা,47,1 - 1/2 + 1/3 - 1/4 + ... ধারাটির প্রকৃতি কী?,কোনোটিই নয়,অপসারী,উভয়ই,অভিসারী,D,এটি বিকল্প হারমোনিক ধারা যা অভিসারী,10
অনুক্রম ও শ্রেণী ধারণা,48,1 + 1/2ᵖ + 1/3ᵖ + 1/4ᵖ + ... ধারা p-সিরিজ অভিসারী হবে যখন?,p=0,p<1,p=1,p>1,D,p-সিরিজ p>1 হলে অভিসারী,10
অনুক্রম ও শ্রেণী ধারণা,49,1 - 1/2²ᵖ + 1/3²ᵖ - 1/4²ᵖ + ... ধারাটির প্রকৃতি p=1/2 হলে কী হবে?,কোনোটিই নয়,অভিসারী,উভয়ই,অপসারী,D,p=1/2 ≤ 1 হলে অপসারী,10
অনুক্রম ও শ্রেণী ধারণা,50,1 + 1/2! + 1/4! + 1/6! + ... ধারাটির যোগফল কত?,(e + 1/e)/2,(e - 1/e)/2,e,1/e,A,এই ধারাটির যোগফল (e + 1/e)/2,10
অসীম ধারার আংশিক সমষ্টি,51,1+3+5+... ধারাটির প্রথম 10টি পদের যোগফল কত?,100,81,121,64,A,প্রথম 10টি বিজোড় সংখ্যার যোগফল = n² = 10² = 100,5
অসীম ধারার আংশিক সমষ্টি,52,2+4+6+...+20 ধারাটির যোগফল কত?,110,120,130,140,A,যোগফল = n(n+1) = 10×11 = 110,5
অসীম ধারার আংশিক সমষ্টি,53,1+2+3+...+50 ধারাটির যোগফল কত?,1275,1225,1175,1125,A,যোগফল = n(n+1)/2 = 50×51/2 = 1275,5
অসীম ধারার আংশিক সমষ্টি,54,5+10+15+...+100 ধারাটির পদ সংখ্যা কত?,20,15,10,5,A,পদ সংখ্যা = 100/5 = 20,5
অসীম ধারার আংশিক সমষ্টি,55,3+7+11+15+... ধারাটির প্রথম 8টি পদের যোগফল কত?,136,144,152,160,A,যোগফল = n/2[2a+(n-1)d] = 4[6+28] = 136,6
অসীম ধারার আংশিক সমষ্টি,56,1²+2²+3²+...+10² ধারাটির যোগফল কত?,385,325,285,255,A,যোগফল = n(n+1)(2n+1)/6 = 385,6
অসীম ধারার আংশিক সমষ্টি,57,1³+2³+3³+...+8³ ধারাটির যোগফল কত?,1296,2025,3025,4096,A,যোগফল = [n(n+1)/2]² = 36² = 1296,6
অসীম ধারার আংশিক সমষ্টি,58,1×2+2×3+3×4+...+10×11 ধারাটির যোগফল কত?,440,450,460,470,A,যোগফল = n(n+1)(n+2)/3 = 440,6
অসীম ধারার আংশিক সমষ্টি,59,1+1/2+1/4+1/8+... ধারাটির প্রথম 5টি পদের যোগফল কত?,31/16,15/8,63/32,31/32,A,যোগফল = (1-1/2⁵)/(1-1/2) = 31/16,7
অসীম ধারার আংশিক সমষ্টি,60,2+6+18+54+... ধারাটির প্রথম 6টি পদের যোগফল কত?,728,729,1456,1458,A,যোগফল = 2(3⁶-1)/(3-1) = 728,7
অসীম ধারার আংশিক সমষ্টি,61,1-2+3-4+5-6+... ধারাটির প্রথম 20টি পদের যোগফল কত?,-10,10,-20,20,A,জোড় সংখ্যক পদে যোগফল = -n/2 = -10,7
অসীম ধারার আংশিক সমষ্টি,62,1+3+7+15+31+... ধারাটির প্রথম 5টি পদের যোগফল কত?,57,63,127,255,A,যোগফল = (2²+2³+2⁴+2⁵+2⁶)-5 = 57,7
অসীম ধারার আংশিক সমষ্টি,63,1/2+1/6+1/12+1/20+... ধারাটির প্রথম 10টি পদের যোগফল কত?,10/11,9/10,11/12,12/13,A,"টেলিস্কোপিং সিরিজ, যোগফল = 1 - 1/(n+1) = 10/11",8
অসীম ধারার আংশিক সমষ্টি,64,1×3+2×4+3×5+...+10×12 ধারাটির যোগফল কত?,570,580,590,600,A,যোগফল = Σn(n+2) = n(n+1)(2n+1)/6 + n(n+1) = 570,8
অসীম ধারার আংশিক সমষ্টি,65,1+4+9+16+...+100 ধারাটির যোগফল কত?,385,325,285,255,A,যোগফল = 1²+2²+...+10² = 385,8
অসীম ধারার আংশিক সমষ্টি,66,1+5+9+13+... ধারাটির প্রথম 15টি পদের যোগফল কত?,435,450,465,480,A,যোগফল = n/2[2a+(n-1)d] = 15/2[2+56] = 435,8
অসীম ধারার আংশিক সমষ্টি,67,1/1×2 + 1/2×3 + 1/3×4 +... ধারাটির প্রথম 99টি পদের যোগফল কত?,99/100,100/101,98/99,101/102,A,"টেলিস্কোপিং সিরিজ, যোগফল = 1 - 1/(n+1) = 99/100",9
অসীম ধারার আংশিক সমষ্টি,68,1+11+111+1111+... ধারাটির প্রথম 5টি পদের যোগফল কত?,12345,13579,11111,54321,A,যোগফল = 1+11+111+1111+11111 = 12345,9
অসীম ধারার আংশিক সমষ্টি,69,1²-2²+3²-4²+...-20² ধারাটির যোগফল কত?,-210,210,-420,420,A,যোগফল = -(1+2+3+...+20) = -210,9
অসীম ধারার আংশিক সমষ্টি,70,1+(1+2)+(1+2+3)+... ধারাটির প্রথম 10টি পদের যোগফল কত?,200,210,220,190,C,যোগফল = Σn(n+1)/2 = n(n+1)(n+2)/6 = 220,9
অসীম ধারার আংশিক সমষ্টি,71,1×1!+2×2!+3×3!+...+10×10! ধারাটির যোগফল কত?,11!,10!-1,11!-1,10!,C,যোগফল = (n+1)!-1 = 11!-1,10
অসীম ধারার আংশিক সমষ্টি,72,1/√1+√2 + 1/√2+√3 + ... + 1/√99+√100 ধারাটির যোগফল কত?,11,10,9,12,C,যুক্তিহর করে যোগফল = √100 - √1 = 9,10
অসীম ধারার আংশিক সমষ্টি,73,1²+3²+5²+...+19² ধারাটির যোগফল কত?,1520,1425,1330,1615,C,যোগফল = n(2n+1)(2n-1)/3 = 1330,10
অসীম ধারার আংশিক সমষ্টি,74,1+(1+3)+(1+3+5)+... ধারাটির প্রথম 7টি পদের যোগফল কত?,126,133,140,119,C,যোগফল = Σn² = n(n+1)(2n+1)/6 = 140,10
অসীম ধারার আংশিক সমষ্টি,75,1×2×3 + 2×3×4 + 3×4×5 + ... ধারাটির প্রথম 10টি পদের যোগফল কত?,6270,5280,4290,7260,C,যোগফল = n(n+1)(n+2)(n+3)/4 = 4290,10
অসীম ধারার আংশিক সমষ্টি,76,2²+4²+6²+...+20² ধারাটির যোগফল কত?,1740,1640,1540,1840,C,যোগফল = 4(1²+2²+...+10²) = 4×385 = 1540,7
অসীম ধারার আংশিক সমষ্টি,77,1+6+11+16+... ধারাটির প্রথম 12টি পদের যোগফল কত?,362,352,342,372,C,যোগফল = n/2[2a+(n-1)d] = 6[2+55] = 342,7
অসীম ধারার আংশিক সমষ্টি,78,1/3 + 1/15 + 1/35 + ... ধারাটির প্রথম 5টি পদের যোগফল কত?,7/15,6/13,5/11,8/17,C,যোগফল = n/(2n+1) = 5/11,8
অসীম ধারার আংশিক সমষ্টি,79,1-3+5-7+9-11+... ধারাটির প্রথম 30টি পদের যোগফল কত?,-60,30,-30,60,C,জোড় সংখ্যক পদে যোগফল = -2n = -60,8
অসীম ধারার আংশিক সমষ্টি,80,1+(1+2)+(1+2+3)+...+(1+2+...+20) ধারাটির যোগফল কত?,1540,1610,1680,1750,A,যোগফল = n(n+1)(n+2)/6 = 1540,8
অসীম ধারার আংশিক সমষ্টি,81,1×4 + 2×5 + 3×6 + ... + 10×13 ধারাটির যোগফল কত?,540,550,560,570,A,যোগফল = Σn(n+3) = n(n+1)(2n+1)/6 + 3n(n+1)/2 = 540,7
অসীম ধারার আংশিক সমষ্টি,82,1/1×3 + 1/3×5 + 1/5×7 + ... ধারাটির প্রথম 50টি পদের যোগফল কত?,50/101,51/102,49/100,52/103,A,যোগফল = n/(2n+1) = 50/101,8
অসীম ধারার আংশিক সমষ্টি,83,1+2²+3+4²+5+6²+... ধারাটির প্রথম 10টি পদের যোগফল কত?,215,225,235,245,A,"বিজোড় পদ = 1+3+5+..., জোড় পদ = 2²+4²+6²+...",7
অসীম ধারার আংশিক সমষ্টি,84,1+(1+4)+(1+4+7)+... ধারাটির প্রথম 5টি পদের যোগফল কত?,105,115,125,135,A,যোগফল = Σn(3n-1)/2 = 105,8
অসীম ধারার আংশিক সমষ্টি,85,1.2+2.3+3.4+...+10.11 ধারাটির যোগফল কত?,440,450,460,470,A,যোগফল = n(n+1)(n+2)/3 = 440,7
অসীম ধারার আংশিক সমষ্টি,86,1/2 + 1/4 + 1/8 + ... ধারাটির প্রথম 8টি পদের যোগফল কত?,255/256,127/128,63/64,31/32,A,যোগফল = 1 - 1/2⁸ = 255/256,6
অসীম ধারার আংশিক সমষ্টি,87,1+3+6+10+... ধারাটির প্রথম 7টি পদের যোগফল কত?,84,91,98,105,A,ত্রিভুজ সংখ্যার যোগফল = n(n+1)(n+2)/6 = 84,7
অসীম ধারার আংশিক সমষ্টি,88,1+4+9+16+... ধারাটির প্রথম 8টি পদের যোগফল কত?,204,220,240,260,A,যোগফল = n(n+1)(2n+1)/6 = 204,6
অসীম ধারার আংশিক সমষ্টি,89,1+5+12+22+... ধারাটির প্রথম 6টি পদের যোগফল কত?,175,185,195,205,A,পঞ্চভুজ সংখ্যার যোগফল = n²(n+1)/2 = 175,8
অসীম ধারার আংশিক সমষ্টি,90,1+2+4+8+... ধারাটির প্রথম 10টি পদের যোগফল কত?,1023,1024,2047,2048,A,যোগফল = 2¹⁰ - 1 = 1023,6
অসীম ধারার আংশিক সমষ্টি,91,1+1/(1+2)+1/(1+2+3)+... ধারাটির প্রথম 10টি পদের যোগফল কত?,20/11,10/11,20/21,10/21,A,যোগফল = 2n/(n+1) = 20/11,8
অসীম ধারার আংশিক সমষ্টি,92,1²+2²+4²+8²+... ধারাটির প্রথম 6টি পদের যোগফল কত?,1365,2730,5461,10922,A,যোগফল = (4ⁿ-1)/3 = 1365,8
অসীম ধারার আংশিক সমষ্টি,93,1+1/3+1/9+1/27+... ধারাটির প্রথম 5টি পদের যোগফল কত?,121/81,122/81,121/243,122/243,A,যোগফল = (3/2)(1-1/3⁵) = 121/81,7
অসীম ধারার আংশিক সমষ্টি,94,1+2x+3x²+4x³+... ধারাটির প্রথম nটি পদের যোগফল কত?,(1-xⁿ)/(1-x),(1-(n+1)xⁿ+nxⁿ⁺¹)/(1-x)²,(1-(n+1)xⁿ)/(1-x),(1+nxⁿ⁺¹)/(1-x)²,B,এই ধারার যোগফলের সূত্র,9
অসীম ধারার আংশিক সমষ্টি,95,1-1/2+1/3-1/4+... ধারাটির প্রথম 4টি পদের যোগফল কত?,5/12,7/12,13/12,11/12,B,যোগফল = 1 - 1/2 + 1/3 - 1/4 = 7/12,8
অসীম ধারার আংশিক সমষ্টি,96,1+1/2²+1/3²+1/4²+... ধারাটির প্রথম 3টি পদের যোগফল কত?,36/49,49/36,13/36,36/13,B,যোগফল = 1 + 1/4 + 1/9 = 49/36,7
অসীম ধারার আংশিক সমষ্টি,97,1+3+7+15+31+... ধারাটির প্রথম nটি পদের যোগফল কত?,2ⁿ - n - 1,2ⁿ⁺¹ - n - 2,2ⁿ⁺¹ - 1,2ⁿ - 2,B,এই ধারার যোগফলের সূত্র,9
অসীম ধারার আংশিক সমষ্টি,98,"1+2+3+...+n=210 হলে, n এর মান কত?",21,20,22,23,B,n(n+1)/2=210 ⇒ n=20,6
অসীম ধারার আংশিক সমষ্টি,99,"1²+2²+3²+...+n²=385 হলে, n এর মান কত?",11,10,12,13,B,n(n+1)(2n+1)/6=385 ⇒ n=10,7
অসীম ধারার আংশিক সমষ্টি,100,"1³+2³+3³+...+n³=3025 হলে, n এর মান কত?",10,11,12,13,A,[n(n+1)/2]²=3025 ⇒ n=10,7
অসীম ধারা,101,গুণোত্তর ধারা 1 + 1/2 + 1/4 + ... এর অসীম যোগফল কত?,1,2,3,4,B,অসীম গুণোত্তর ধারার যোগফল = a/(1-r) = 1/(1-1/2) = 2।,1
অসীম ধারা,102,ধারা 1 + 1/3 + 1/9 + ... এর অসীম যোগফল কত?,3/2,4/3,2,3/2,A,অসীম গুণোত্তর ধারার যোগফল = 1/(1-1/3) = 3/2।,1
অসীম ধারা,103,অসীম ধারা 2 + 1 + 1/2 + ... এর যোগফল কত?,4,3,7/2,9/2,A,অসীম গুণোত্তর ধারার যোগফল = 2/(1-1/2) = 4।,1
অসীম ধারা,104,ধারা 3 + 3/2 + 3/4 + ... এর অসীম যোগফল কত?,5,6,7,8,B,অসীম গুণোত্তর ধারার যোগফল = 3/(1-1/2) = 6।,1
অসীম ধারা,105,ধারা 1/2 + 1/4 + 1/8 + ... এর অসীম যোগফল কত?,1,2/3,3/4,1/2,A,অসীম গুণোত্তর ধারার যোগফল = (1/2)/(1-1/2) = 1।,1
অসীম ধারা,106,ধারা 4 + 2 + 1 + ... এর অসীম যোগফল কত?,8,10,12,14,A,অসীম গুণোত্তর ধারার যোগফল = 4/(1-1/2) = 8।,2
অসীম ধারা,107,অসীম ধারা 1 + 1/4 + 1/16 + ... এর যোগফল কত?,4/3,5/4,3/2,2,A,অসীম গুণোত্তর ধারার যোগফল = 1/(1-1/4) = 4/3।,2
অসীম ধারা,108,ধারা 5 + 5/3 + 5/9 + ... এর অসীম যোগফল কত?,15/2,10,25/3,5,A,অসীম গুণোত্তর ধারার যোগফল = 5/(1-1/3) = 15/2।,2
অসীম ধারা,109,ধারা 1/3 + 1/9 + 1/27 + ... এর অসীম যোগফল কত?,1/2,2/3,1/3,1/4,A,অসীম গুণোত্তর ধারার যোগফল = (1/3)/(1-1/3) = 1/2।,2
অসীম ধারা,110,অসীম ধারা 6 + 3 + 3/2 + ... এর যোগফল কত?,12,10,14,16,A,অসীম গুণোত্তর ধারার যোগফল = 6/(1-1/2) = 12।,2
অসীম ধারা,111,ধারা 1 + 2/3 + 4/9 + ... এর অসীম যোগফল কত?,3,4,5,6,A,অসীম গুণোত্তর ধারার যোগফল = 1/(1-2/3) = 3।,3
অসীম ধারা,112,অসীম ধারা 9 + 3 + 1 + ... এর যোগফল কত?,27/2,12,15,18,A,অসীম গুণোত্তর ধারার যোগফল = 9/(1-1/3) = 27/2।,3
অসীম ধারা,113,ধারা 1/4 + 1/16 + 1/64 + ... এর অসীম যোগফল কত?,1/3,1/4,1/5,1/6,A,অসীম গুণোত্তর ধারার যোগফল = (1/4)/(1-1/4) = 1/3।,3
অসীম ধারা,114,ধারা 2 + 2/3 + 2/9 + ... এর অসীম যোগফল কত?,3,4,5,6,A,অসীম গুণোত্তর ধারার যোগফল = 2/(1-1/3) = 3।,3
অসীম ধারা,115,অসীম ধারা 8 + 4 + 2 + ... এর যোগফল কত?,16,18,20,22,A,অসীম গুণোত্তর ধারার যোগফল = 8/(1-1/2) = 16।,3
অসীম ধারা,116,ধারা 1/5 + 1/25 + 1/125 + ... এর অসীম যোগফল কত?,1/4,1/5,1/6,1/7,A,অসীম গুণোত্তর ধারার যোগফল = (1/5)/(1-1/5) = 1/4।,4
অসীম ধারা,117,অসীম ধারা 3 + 1 + 1/3 + ... এর যোগফল কত?,9/2,5,11/2,6,A,অসীম গুণোত্তর ধারার যোগফল = 3/(1-1/3) = 9/2।,4
অসীম ধারা,118,ধারা 1 + 3/4 + 9/16 + ... এর অসীম যোগফল কত?,4,5,6,7,A,অসীম গুণোত্তর ধারার যোগফল = 1/(1-3/4) = 4।,4
অসীম ধারা,119,ধারা 4 + 4/5 + 4/25 + ... এর অসীম যোগফল কত?,5,6,7,8,A,অসীম গুণোত্তর ধারার যোগফল = 4/(1-1/5) = 5।,4
অসীম ধারা,120,অসীম ধারা 1/2 + 1/6 + 1/18 + ... এর যোগফল কত?,3/4,2/3,1,5/6,A,অসীম গুণোত্তর ধারার যোগফল = (1/2)/(1-1/3) = 3/4।,4
অসীম ধারা,121,ধারা 1 + 4/5 + 16/25 + ... এর অসীম যোগফল কত?,5,6,7,8,A,অসীম গুণোত্তর ধারার যোগফল = 1/(1-4/5) = 5।,5
অসীম ধারা,122,অসীম ধারা 10 + 5 + 5/2 + ... এর যোগফল কত?,20,22,24,26,A,অসীম গুণোত্তর ধারার যোগফল = 10/(1-1/2) = 20।,5
অসীম ধারা,123,ধারা 1/3 + 1/12 + 1/48 + ... এর অসীম যোগফল কত?,1/2,2/5,3/7,4/9,A,অসীম গুণোত্তর ধারার যোগফল = (1/3)/(1-1/4) = 1/2।,5
অসীম ধারা,124,ধারা 6 + 2 + 2/3 + ... এর অসীম যোগফল কত?,9,10,11,12,A,অসীম গুণোত্তর ধারার যোগফল = 6/(1-1/3) = 9।,5
অসীম ধারা,125,অসীম ধারা 1/4 + 1/8 + 1/16 + ... এর যোগফল কত?,1,2/3,3/4,1/2,D,অসীম গুণোত্তর ধারার যোগফল = (1/4)/(1-1/2) = 1/2।,5
অসীম ধারা,126,ধারা 2 + 3/2 + 9/8 + ... এর অসীম যোগফল কত?,14,10,12,8,D,অসীম গুণোত্তর ধারার যোগফল = 2/(1-3/4) = 8।,6
অসীম ধারা,127,অসীম ধারা 1/6 + 1/24 + 1/96 + ... এর যোগফল কত?,1/7,1/5,1/6,1/4,D,অসীম গুণোত্তর ধারার যোগফল = (1/6)/(1-1/4) = 1/4।,6
অসীম ধারা,128,ধারা 5 + 5/2 + 5/4 + ... এর অসীম যোগফল কত?,16,12,14,10,D,অসীম গুণোত্তর ধারার যোগফল = 5/(1-1/2) = 10।,6
অসীম ধারা,129,অসীম ধারা 1 + 2/5 + 4/25 + ... এর যোগফল কত?,2,7/4,3/2,5/3,D,অসীম গুণোত্তর ধারার যোগফল = 1/(1-2/5) = 5/3।,6
অসীম ধারা,130,ধারা 3 + 1/2 + 1/12 + ... এর অসীম যোগফল কত?,11/3,9/2,5,4,D,অসীম গুণোত্তর ধারার যোগফল = 3/(1-1/6) = 18/5 ≈ 4।,6
অসীম ধারা,131,ধারা 1/2 + 1/10 + 1/50 + ... এর অসীম যোগফল কত?,1/2,2/3,3/5,5/8,D,অসীম গুণোত্তর ধারার যোগফল = (1/2)/(1-1/5) = 5/8।,7
অসীম ধারা,132,অসীম ধারা 4 + 8/3 + 16/9 + ... এর যোগফল কত?,9,7,8,6,D,অসীম গুণোত্তর ধারার যোগফল = 4/(1-2/3) = 6।,7
অসীম ধারা,133,ধারা 1/7 + 1/49 + 1/343 + ... এর অসীম যোগফল কত?,1/9,1/7,1/8,1/6,D,অসীম গুণোত্তর ধারার যোগফল = (1/7)/(1-1/7) = 1/6।,7
অসীম ধারা,134,অসীম ধারা 9 + 3/2 + 1/4 + ... এর যোগফল কত?,18,27/2,15,54./5,D,অসীম গুণোত্তর ধারার যোগফল = 9/(1-1/6) = 54/5 ≈ 12।,7
অসীম ধারা,135,ধারা 1 + 3/5 + 9/25 + ... এর অসীম যোগফল কত?,5/2,3/2,7/3,2,A,অসীম গুণোত্তর ধারার যোগফল = 1/(1-3/5) = 5/2।,7
অসীম ধারা,136,অসীম ধারা 2 + 4/5 + 8/25 + ... এর যোগফল কত?,10/3,11/3,12/3,13/3,A,অসীম গুণোত্তর ধারার যোগফল = 2/(1-2/5) = 10/3।,8
অসীম ধারা,137,ধারা 1/8 + 1/64 + 1/512 + ... এর অসীম যোগফল কত?,1/7,1/8,1/9,1/10,A,অসীম গুণোত্তর ধারার যোগফল = (1/8)/(1-1/8) = 1/7।,8
অসীম ধারা,138,অসীম ধারা 6 + 3/2 + 3/8 + ... এর যোগফল কত?,8,9,10,11,A,অসীম গুণোত্তর ধারার যোগফল = 6/(1-1/4) = 8।,8
অসীম ধারা,139,ধারা 1 + 5/6 + 25/36 + ... এর অসীম যোগফল কত?,6,7,8,9,A,অসীম গুণোত্তর ধারার যোগফল = 1/(1-5/6) = 6।,8
অসীম ধারা,140,অসীম ধারা 3/2 + 3/8 + 3/32 + ... এর যোগফল কত?,2,3,4,5,A,অসীম গুণোত্তর ধারার যোগফল = (3/2)/(1-1/4) = 2।,8
অসীম ধারা,141,ধারা 1/9 + 1/27 + 1/81 + ... এর অসীম যোগফল কত?,1/6,1/7,1/8,1/9,A,অসীম গুণোত্তর ধারার যোগফল = (1/9)/(1-1/3) = 1/6।,9
অসীম ধারা,142,অসীম ধারা 5 + 5/4 + 5/16 + ... এর যোগফল কত?,8,10,12,20./3,D,অসীম গুণোত্তর ধারার যোগফল = 5/(1-1/4) = 20/3।,9
অসীম ধারা,143,ধারা 1 + 2/7 + 4/49 + ... এর অসীম যোগফল কত?,7/5,8/5,9/5,10/5,A,অসীম গুণোত্তর ধারার যোগফল = 1/(1-2/7) = 7/5।,9
অসীম ধারা,144,অসীম ধারা 4 + 4/3 + 4/9 + ... এর যোগফল কত?,6,7,8,9,A,অসীম গুণোত্তর ধারার যোগফল = 4/(1-1/3) = 6।,9
অসীম ধারা,145,ধারা 1/10 + 1/100 + 1/1000 + ... এর অসীম যোগফল কত?,1/9,1/10,1/11,1/12,A,অসীম গুণোত্তর ধারার যোগফল = (1/10)/(1-1/10) = 1/9।,9
অসীম ধারা,146,অসীম ধারা 3 + 9/5 + 27/25 + ... এর যোগফল কত?,15/2,8,17/2,9,A,অসীম গুণোত্তর ধারার যোগফল = 3/(1-3/5) = 15/2।,10
অসীম ধারা,147,ধারা 1/11 + 1/121 + 1/1331 + ... এর অসীম যোগফল কত?,1/10,1/11,1/12,1/13,A,অসীম গুণোত্তর ধারার যোগফল = (1/11)/(1-1/11) = 1/10।,10
অসীম ধারা,148,অসীম ধারা 2 + 2/5 + 2/25 + ... এর যোগফল কত?,5/2,3,7/2,4,A,অসীম গুণোত্তর ধারার যোগফল = 2/(1-1/5) = 5/2।,10
অসীম ধারা,149,ধারা 1 + 4/9 + 16/81 + ... এর অসীম যোগফল কত?,9/5,2,11/5,3,A,অসীম গুণোত্তর ধারার যোগফল = 1/(1-4/9) = 9/5।,10
অসীম ধারা,150,অসীম ধারা 5/2 + 5/8 + 5/32 + ... এর যোগফল কত?,10/3,11/3,4,13/3,A,অসীম গুণোত্তর ধারার যোগফল = (5/2)/(1-1/4) = 10/3।,10
অসীম গুণোত্তর ধারার সমষ্টি,1,অসীম গুণোত্তর ধারা 1 + 1/2 + 1/4 + ... এর যোগফল কত?,1,2,3,4,B,যোগফল = 1/(1-1/2) = 2।,1
অসীম গুণোত্তর ধারার সমষ্টি,2,ধারা 3 + 1 + 1/3 + ... এর অসীম যোগফল কত?,9/2,4,5,11/2,A,যোগফল = 3/(1-1/3) = 9/2।,1
অসীম গুণোত্তর ধারার সমষ্টি,3,ধারা 1/3 + 1/9 + 1/27 + ... এর অসীম যোগফল কত?,1/2,2/3,1/3,1/4,A,যোগফল = (1/3)/(1-1/3) = 1/2।,1
অসীম গুণোত্তর ধারার সমষ্টি,4,অসীম ধারা 2 + 1 + 1/2 + ... এর যোগফল কত?,4,3,7/2,9/2,A,যোগফল = 2/(1-1/2) = 4।,1
অসীম গুণোত্তর ধারার সমষ্টি,5,ধারা 1/4 + 1/8 + 1/16 + ... এর অসীম যোগফল কত?,1/2,2/3,3/4,1,A,যোগফল = (1/4)/(1-1/2) = 1/2।,1
অসীম গুণোত্তর ধারার সমষ্টি,6,ধারা 5 + 5/2 + 5/4 + ... এর অসীম যোগফল কত?,10,12,14,16,A,যোগফল = 5/(1-1/2) = 10।,2
অসীম গুণোত্তর ধারার সমষ্টি,7,অসীম ধারা 1 + 1/3 + 1/9 + ... এর যোগফল কত?,3/2,4/3,2,5/3,A,যোগফল = 1/(1-1/3) = 3/2।,2
অসীম গুণোত্তর ধারার সমষ্টি,8,ধারা 4 + 4/3 + 4/9 + ... এর অসীম যোগফল কত?,6,7,8,9,A,যোগফল = 4/(1-1/3) = 6।,2
অসীম গুণোত্তর ধারার সমষ্টি,9,ধারা 1/5 + 1/25 + 1/125 + ... এর অসীম যোগফল কত?,1/4,1/5,1/6,1/7,A,যোগফল = (1/5)/(1-1/5) = 1/4।,2
অসীম গুণোত্তর ধারার সমষ্টি,10,অসীম ধারা 6 + 3 + 3/2 + ... এর যোগফল কত?,12,10,14,16,A,যোগফল = 6/(1-1/2) = 12।,2
অসীম গুণোত্তর ধারার সমষ্টি,11,ধারা 1 + 2/3 + 4/9 + ... এর অসীম যোগফল কত?,3,4,5,6,A,যোগফল = 1/(1-2/3) = 3।,3
অসীম গুণোত্তর ধারার সমষ্টি,12,অসীম ধারা 8 + 4 + 2 + ... এর যোগফল কত?,16,18,20,22,A,যোগফল = 8/(1-1/2) = 16।,3
অসীম গুণোত্তর ধারার সমষ্টি,13,ধারা 1/2 + 1/6 + 1/18 + ... এর অসীম যোগফল কত?,3/4,2/3,1,5/6,A,যোগফল = (1/2)/(1-1/3) = 3/4।,3
অসীম গুণোত্তর ধারার সমষ্টি,14,ধারা 9 + 3 + 1 + ... এর অসীম যোগফল কত?,27/2,12,15,18,A,যোগফল = 9/(1-1/3) = 27/2।,3
অসীম গুণোত্তর ধারার সমষ্টি,15,অসীম ধারা 1/6 + 1/24 + 1/96 + ... এর যোগফল কত?,1/4,1/5,1/6,1/7,A,যোগফল = (1/6)/(1-1/4) = 1/4।,3
অসীম গুণোত্তর ধারার সমষ্টি,16,ধারা 1 + 3/4 + 9/16 + ... এর অসীম যোগফল কত?,4,5,6,7,A,যোগফল = 1/(1-3/4) = 4।,4
অসীম গুণোত্তর ধারার সমষ্টি,17,অসীম ধারা 3 + 3/2 + 3/4 + ... এর যোগফল কত?,5,6,7,8,B,যোগফল = 3/(1-1/2) = 6।,4
অসীম গুণোত্তর ধারার সমষ্টি,18,ধারা 1/7 + 1/49 + 1/343 + ... এর অসীম যোগফল কত?,1/6,1/7,1/8,1/9,A,যোগফল = (1/7)/(1-1/7) = 1/6।,4
অসীম গুণোত্তর ধারার সমষ্টি,19,ধারা 2 + 2/3 + 2/9 + ... এর অসীম যোগফল কত?,3,4,5,6,A,যোগফল = 2/(1-1/3) = 3।,4
অসীম গুণোত্তর ধারার সমষ্টি,20,অসীম ধারা 1/8 + 1/64 + 1/512 + ... এর যোগফল কত?,1/7,1/8,1/9,1/10,A,যোগফল = (1/8)/(1-1/8) = 1/7।,4
অসীম গুণোত্তর ধারার সমষ্টি,21,ধারা 1 + 4/5 + 16/25 + ... এর অসীম যোগফল কত?,5,6,7,8,A,যোগফল = 1/(1-4/5) = 5।,5
অসীম গুণোত্তর ধারার সমষ্টি,22,অসীম ধারা 4 + 8/3 + 16/9 + ... এর যোগফল কত?,6,7,8,9,A,যোগফল = 4/(1-2/3) = 6।,5
অসীম গুণোত্তর ধারার সমষ্টি,23,ধারা 1/2 + 1/10 + 1/50 + ... এর অসীম যোগফল কত?,5/8,2/3,3/5,1/2,A,যোগফল = (1/2)/(1-1/5) = 5/8।,5
অসীম গুণোত্তর ধারার সমষ্টি,24,ধারা 10 + 5 + 5/2 + ... এর অসীম যোগফল কত?,20,22,24,26,A,যোগফল = 10/(1-1/2) = 20।,5
অসীম গুণোত্তর ধারার সমষ্টি,25,অসীম ধারা 1/3 + 1/12 + 1/48 + ... এর যোগফল কত?,1/2,2/5,3/7,4/9,A,যোগফল = (1/3)/(1-1/4) = 1/2।,5
অসীম গুণোত্তর ধারার সমষ্টি,26,ধারা 1 + 2/5 + 4/25 + ... এর অসীম যোগফল কত?,5/3,7/4,3/2,2,A,যোগফল = 1/(1-2/5) = 5/3।,6
অসীম গুণোত্তর ধারার সমষ্টি,27,অসীম ধারা 6 + 3/2 + 3/8 + ... এর যোগফল কত?,8,9,10,11,A,যোগফল = 6/(1-1/4) = 8।,6
অসীম গুণোত্তর ধারার সমষ্টি,28,ধারা 1/9 + 1/27 + 1/81 + ... এর অসীম যোগফল কত?,1/6,1/7,1/8,1/9,A,যোগফল = (1/9)/(1-1/3) = 1/6।,6
অসীম গুণোত্তর ধারার সমষ্টি,29,ধারা 2 + 3/2 + 9/8 + ... এর অসীম যোগফল কত?,8,10,12,14,A,যোগফল = 2/(1-3/4) = 8।,6
অসীম গুণোত্তর ধারার সমষ্টি,30,অসীম ধারা 3/2 + 3/8 + 3/32 + ... এর যোগফল কত?,2,3,4,5,A,যোগফল = (3/2)/(1-1/4) = 2।,6
অসীম গুণোত্তর ধারার সমষ্টি,31,ধারা 1 + 3/5 + 9/25 + ... এর অসীম যোগফল কত?,5/2,3/2,7/3,2,A,যোগফল = 1/(1-3/5) = 5/2।,7
অসীম গুণোত্তর ধারার সমষ্টি,32,অসীম ধারা 5 + 5/4 + 5/16 + ... এর যোগফল কত?,20/3,7,8,9,A,যোগফল = 5/(1-1/4) = 20/3।,7
অসীম গুণোত্তর ধারার সমষ্টি,33,ধারা 1/10 + 1/100 + 1/1000 + ... এর অসীম যোগফল কত?,1/9,1/10,1/11,1/12,A,যোগফল = (1/10)/(1-1/10) = 1/9।,7
অসীম গুণোত্তর ধারার সমষ্টি,34,অসীম ধারা 3 + 1/2 + 1/12 + ... এর যোগফল কত?,18/5,4,9/2,5,A,যোগফল = 3/(1-1/6) = 18/5।,7
অসীম গুণোত্তর ধারার সমষ্টি,35,ধারা 1 + 5/6 + 25/36 + ... এর অসীম যোগফল কত?,6,7,8,9,A,যোগফল = 1/(1-5/6) = 6।,7
অসীম গুণোত্তর ধারার সমষ্টি,36,অসীম ধারা 2 + 4/5 + 8/25 + ... এর যোগফল কত?,10/3,11/3,12/3,13/3,A,যোগফল = 2/(1-2/5) = 10/3।,8
অসীম গুণোত্তর ধারার সমষ্টি,37,ধারা 1 + 2/7 + 4/49 + ... এর অসীম যোগফল কত?,7/5,8/5,9/5,10/5,A,যোগফল = 1/(1-2/7) = 7/5।,8
অসীম গুণোত্তর ধারার সমষ্টি,38,অসীম ধারা 9 + 3/2 + 1/4 + ... এর যোগফল কত?,54/5,12,15,18,A,যোগফল = 9/(1-1/6) = 54/5।,8
অসীম গুণোত্তর ধারার সমষ্টি,39,ধারা 3/2 + 3/10 + 3/50 + ... এর অসীম যোগফল কত?,15/8,2,9/4,5/2,A,যোগফল = (3/2)/(1-1/5) = 15/8।,8
অসীম গুণোত্তর ধারার সমষ্টি,40,অসীম ধারা 1/11 + 1/121 + 1/1331 + ... এর যোগফল কত?,1/10,1/11,1/12,1/13,A,যোগফল = (1/11)/(1-1/11) = 1/10।,8
অসীম গুণোত্তর ধারার সমষ্টি,41,ধারা 1 + 4/9 + 16/81 + ... এর অসীম যোগফল কত?,9/5,2,11/5,3,A,যোগফল = 1/(1-4/9) = 9/5।,9
অসীম গুণোত্তর ধারার সমষ্টি,42,অসীম ধারা 5/2 + 5/8 + 5/32 + ... এর যোগফল কত?,10/3,11/3,4,13/3,A,যোগফল = (5/2)/(1-1/4) = 10/3।,9
অসীম গুণোত্তর ধারার সমষ্টি,43,ধারা 2 + 2/5 + 2/25 + ... এর অসীম যোগফল কত?,5/2,3,7/2,4,A,যোগফল = 2/(1-1/5) = 5/2।,9
অসীম গুণোত্তর ধারার সমষ্টি,44,অসীম ধারা 3 + 9/5 + 27/25 + ... এর যোগফল কত?,15/2,8,17/2,9,A,যোগফল = 3/(1-3/5) = 15/2।,9
অসীম গুণোত্তর ধারার সমষ্টি,45,ধারা 1/12 + 1/144 + 1/1728 + ... এর অসীম যোগফল কত?,1/11,1/12,1/13,1/14,A,যোগফল = (1/12)/(1-1/12) = 1/11।,9
অসীম গুণোত্তর ধারার সমষ্টি,46,অসীম ধারা 4 + 8/5 + 16/25 + ... এর যোগফল কত?,20/3,7,8,9,A,যোগফল = 4/(1-2/5) = 20/3।,10
অসীম গুণোত্তর ধারার সমষ্টি,47,ধারা 1 + 3/8 + 9/64 + ... এর অসীম যোগফল কত?,8/5,9/5,2,11/5,A,যোগফল = 1/(1-3/8) = 8/5।,10
অসীম গুণোত্তর ধারার সমষ্টি,48,অসীম ধারা 5 + 5/6 + 5/36 + ... এর যোগফল কত?,6,15/2,8,9,A,যোগফল = 5/(1-1/6) = 30/5 = 6।,10
অসীম গুণোত্তর ধারার সমষ্টি,49,ধারা 1/13 + 1/169 + 1/2197 + ... এর অসীম যোগফল কত?,1/12,1/13,1/14,1/15,A,যোগফল = (1/13)/(1-1/13) = 1/12।,10
অসীম গুণোত্তর ধারার সমষ্টি,50,অসীম ধারা 2 + 6/5 + 18/25 + ... এর যোগফল কত?,5,6,7,8,A,যোগফল = 2/(1-3/5) = 5।,10
পৌনঃপুনিক দশমিকের সাধারণ ভগ্নাংশে রূপান্তর,201,পুনরাবৃত্ত দশমিক 0.444... কে ভগ্নাংশে প্রকাশ করলে কী হবে?,4/9,3/7,5/11,2/5,A,"0.444... = 4/9, কারণ 10x = 4.444..., 10x - x = 4, x = 4/9।",1
পৌনঃপুনিক দশমিকের সাধারণ ভগ্নাংশে রূপান্তর,202,0.666... কে ভগ্নাংশে রূপান্তর করলে কী পাওয়া যায়?,2/3,1/2,3/4,5/6,A,"0.666... = 2/3, কারণ 10x = 6.666..., 10x - x = 6, x = 2/3।",1
পৌনঃপুনিক দশমিকের সাধারণ ভগ্নাংশে রূপান্তর,203,0.222... এর ভগ্নাংশ রূপ কী?,2/9,1/5,3/7,4/9,A,"0.222... = 2/9, কারণ 10x = 2.222..., 10x - x = 2, x = 2/9।",1
পৌনঃপুনিক দশমিকের সাধারণ ভগ্নাংশে রূপান্তর,204,0.888... কে ভগ্নাংশে প্রকাশ করলে কী হবে?,8/9,7/8,9/10,6/7,A,"0.888... = 8/9, কারণ 10x = 8.888..., 10x - x = 8, x = 8/9।",1
পৌনঃপুনিক দশমিকের সাধারণ ভগ্নাংশে রূপান্তর,205,0.111... এর ভগ্নাংশ রূপ কী?,1/9,2/9,1/8,3/8,A,"0.111... = 1/9, কারণ 10x = 1.111..., 10x - x = 1, x = 1/9।",1
পৌনঃপুনিক দশমিকের সাধারণ ভগ্নাংশে রূপান্তর,206,0.555... কে ভগ্নাংশে রূপান্তর করলে কী পাওয়া যায়?,5/9,4/9,6/11,3/7,A,"0.555... = 5/9, কারণ 10x = 5.555..., 10x - x = 5, x = 5/9।",2
পৌনঃপুনিক দশমিকের সাধারণ ভগ্নাংশে রূপান্তর,207,0.777... এর ভগ্নাংশ রূপ কী?,7/9,8/11,6/9,7/10,A,"0.777... = 7/9, কারণ 10x = 7.777..., 10x - x = 7, x = 7/9।",2
পৌনঃপুনিক দশমিকের সাধারণ ভগ্নাংশে রূপান্তর,208,0.333... কে ভগ্নাংশে প্রকাশ করলে কী হবে?,1/3,2/3,1/4,3/5,A,"0.333... = 1/3, কারণ 10x = 3.333..., 10x - x = 3, x = 1/3।",2
পৌনঃপুনিক দশমিকের সাধারণ ভগ্নাংশে রূপান্তর,209,0.999... এর ভগ্নাংশ রূপ কী?,1,9/10,8/9,7/8,A,"0.999... = 1, কারণ 10x = 9.999..., 10x - x = 9, x = 1।",2
পৌনঃপুনিক দশমিকের সাধারণ ভগ্নাংশে রূপান্তর,210,0.1212... কে ভগ্নাংশে রূপান্তর করলে কী পাওয়া যায়?,4/33,12/99,1/8,12/100,B,"0.1212... = 12/99 = 4/33, কারণ 100x = 12.1212..., 100x - x = 12, x = 12/99।",2
পৌনঃপুনিক দশমিকের সাধারণ ভগ্নাংশে রূপান্তর,211,0.3434... এর ভগ্নাংশ রূপ কী?,34/99,3/11,34/100,4/11,B,"0.3434... = 34/99, কারণ 100x = 34.3434..., 100x - x = 34, x = 34/99।",3
পৌনঃপুনিক দশমিকের সাধারণ ভগ্নাংশে রূপান্তর,212,0.5656... কে ভগ্নাংশে প্রকাশ করলে কী হবে?,56/99,5/9,56/100,6/11,B,"0.5656... = 56/99, কারণ 100x = 56.5656..., 100x - x = 56, x = 56/99।",3
পৌনঃপুনিক দশমিকের সাধারণ ভগ্নাংশে রূপান্তর,213,0.7878... এর ভগ্নাংশ রূপ কী?,78/99,7/9,78/100,8/11,B,"0.7878... = 78/99, কারণ 100x = 78.7878..., 100x - x = 78, x = 78/99।",3
পৌনঃপুনিক দশমিকের সাধারণ ভগ্নাংশে রূপান্তর,214,0.2323... কে ভগ্নাংশে রূপান্তর করলে কী পাওয়া যায়?,23/99,2/9,23/100,3/13,B,"0.2323... = 23/99, কারণ 100x = 23.2323..., 100x - x = 23, x = 23/99।",3
পৌনঃপুনিক দশমিকের সাধারণ ভগ্নাংশে রূপান্তর,215,0.6767... এর ভগ্নাংশ রূপ কী?,67/99,6/9,67/100,7/11,B,"0.6767... = 67/99, কারণ 100x = 67.6767..., 100x - x = 67, x = 67/99।",3
পৌনঃপুনিক দশমিকের সাধারণ ভগ্নাংশে রূপান্তর,216,0.345345... কে ভগ্নাংশে প্রকাশ করলে কী হবে?,115/333,345/999,34/99,345/1000,B,"0.345345... = 345/999 = 115/333, কারণ 1000x = 345.345..., 1000x - x = 345, x = 345/999।",4
পৌনঃপুনিক দশমিকের সাধারণ ভগ্নাংশে রূপান্তর,217,0.678678... এর ভগ্নাংশ রূপ কী?,226/333,678/999,67/99,678/1000,B,"0.678678... = 678/999 = 226/333, কারণ 1000x = 678.678..., 1000x - x = 678, x = 678/999।",4
পৌনঃপুনিক দশমিকের সাধারণ ভগ্নাংশে রূপান্তর,218,0.123123... কে ভগ্নাংশে রূপান্তর করলে কী পাওয়া যায়?,41/333,123/999,12/99,123/1000,B,"0.123123... = 123/999 = 41/333, কারণ 1000x = 123.123..., 1000x - x = 123, x = 123/999।",4
পৌনঃপুনিক দশমিকের সাধারণ ভগ্নাংশে রূপান্তর,219,0.456456... এর ভগ্নাংশ রূপ কী?,152/333,456/999,45/99,456/1000,B,"0.456456... = 456/999 = 152/333, কারণ 1000x = 456.456..., 1000x - x = 456, x = 456/999।",4
পৌনঃপুনিক দশমিকের সাধারণ ভগ্নাংশে রূপান্তর,220,0.789789... এর ভগ্নাংশ রূপ কী?,263/333,789/999,78/99,789/1000,B,"0.789789... = 789/999 = 263/333, কারণ 1000x = 789.789..., 1000x - x = 789, x = 789/999।",4
পৌনঃপুনিক দশমিকের সাধারণ ভগ্নাংশে রূপান্তর,221,0.166666... কে ভগ্নাংশে প্রকাশ করলে কী হবে?,1/6,2/6,1/5,3/6,A,"0.166666... = 1/6, কারণ 10x = 1.6666..., 10x - x = 1.5, x = 1.5/9 = 1/6।",5
পৌনঃপুনিক দশমিকের সাধারণ ভগ্নাংশে রূপান্তর,222,0.833333... এর ভগ্নাংশ রূপ কী?,5/6,4/6,5/7,6/7,A,"0.833333... = 5/6, কারণ 10x = 8.3333..., 10x - x = 7.5, x = 7.5/9 = 5/6।",5
পৌনঃপুনিক দশমিকের সাধারণ ভগ্নাংশে রূপান্তর,223,0.416666... কে ভগ্নাংশে রূপান্তর করলে কী পাওয়া যায়?,5/12,4/12,3/7,5/11,A,"0.416666... = 5/12, কারণ 10x = 4.1666..., 10x - x = 3.75, x = 3.75/9 = 5/12।",5
পৌনঃপুনিক দশমিকের সাধারণ ভগ্নাংশে রূপান্তর,224,0.583333... এর ভগ্নাংশ রূপ কী?,7/12,6/12,5/9,7/11,A,"0.583333... = 7/12, কারণ 10x = 5.8333..., 10x - x = 5.25, x = 5.25/9 = 7/12।",5
পৌনঃপুনিক দশমিকের সাধারণ ভগ্নাংশে রূপান্তর,225,0.916666... কে ভগ্নাংশে প্রকাশ করলে কী হবে?,11/12,10/12,9/11,11/13,A,"0.916666... = 11/12, কারণ 10x = 9.1666..., 10x - x = 8.25, x = 8.25/9 = 11/12।",5
পৌনঃপুনিক দশমিকের সাধারণ ভগ্নাংশে রূপান্তর,226,0.090909... কে ভগ্নাংশে রূপান্তর করলে কী পাওয়া যায়?,1/11,2/11,1/10,3/11,A,"0.090909... = 1/11, কারণ 100x = 9.0909..., 100x - x = 9, x = 9/99 = 1/11।",6
পৌনঃপুনিক দশমিকের সাধারণ ভগ্নাংশে রূপান্তর,227,0.181818... এর ভগ্নাংশ রূপ কী?,2/11,3/11,2/9,4/11,A,"0.181818... = 2/11, কারণ 100x = 18.1818..., 100x - x = 18, x = 18/99 = 2/11।",6
পৌনঃপুনিক দশমিকের সাধারণ ভগ্নাংশে রূপান্তর,228,0.363636... কে ভগ্নাংশে প্রকাশ করলে কী হবে?,4/11,5/11,3/9,6/11,A,"0.363636... = 4/11, কারণ 100x = 36.3636..., 100x - x = 36, x = 36/99 = 4/11।",6
পৌনঃপুনিক দশমিকের সাধারণ ভগ্নাংশে রূপান্তর,229,0.545454... এর ভগ্নাংশ রূপ কী?,6/11,7/11,5/9,8/11,A,"0.545454... = 6/11, কারণ 100x = 54.5454..., 100x - x = 54, x = 54/99 = 6/11।",6
পৌনঃপুনিক দশমিকের সাধারণ ভগ্নাংশে রূপান্তর,230,0.727272... কে ভগ্নাংশে রূপান্তর করলে কী পাওয়া যায়?,8/11,9/11,7/9,10/11,A,"0.727272... = 8/11, কারণ 100x = 72.7272..., 100x - x = 72, x = 72/99 = 8/11।",6
পৌনঃপুনিক দশমিকের সাধারণ ভগ্নাংশে রূপান্তর,231,0.142857142857... এর ভগ্নাংশ রূপ কী?,1/7,2/7,1/6,3/7,A,"0.142857... = 1/7, কারণ 1000000x = 142857.142857..., 1000000x - x = 142857, x = 142857/999999 = 1/7।",7
পৌনঃপুনিক দশমিকের সাধারণ ভগ্নাংশে রূপান্তর,232,0.285714285714... কে ভগ্নাংশে প্রকাশ করলে কী হবে?,2/7,3/7,2/9,4/7,A,"0.285714... = 2/7, কারণ 1000000x = 285714.285714..., 1000000x - x = 285714, x = 285714/999999 = 2/7।",7
পৌনঃপুনিক দশমিকের সাধারণ ভগ্নাংশে রূপান্তর,233,0.428571428571... এর ভগ্নাংশ রূপ কী?,3/7,4/7,3/8,5/7,A,"0.428571... = 3/7, কারণ 1000000x = 428571.428571..., 1000000x - x = 428571, x = 428571/999999 = 3/7।",7
পৌনঃপুনিক দশমিকের সাধারণ ভগ্নাংশে রূপান্তর,234,0.571428571428... কে ভগ্নাংশে রূপান্তর করলে কী পাওয়া যায়?,4/7,5/7,4/9,6/7,D,"0.571428... = 4/7, কারণ 1000000x = 571428.571428..., 1000000x - x = 571428, x = 571428/999999 = 4/7।",7
পৌনঃপুনিক দশমিকের সাধারণ ভগ্নাংশে রূপান্তর,235,0.714285714285... এর ভগ্নাংশ রূপ কী?,5/7,6/7,5/8,7/7,D,"0.714285... = 5/7, কারণ 1000000x = 714285.714285..., 1000000x - x = 714285, x = 714285/999999 = 5/7।",7
পৌনঃপুনিক দশমিকের সাধারণ ভগ্নাংশে রূপান্তর,236,0.076923076923... কে ভগ্নাংশে প্রকাশ করলে কী হবে?,1/13,2/13,1/12,3/13,D,"0.076923... = 1/13, কারণ 1000000x = 76923.076923..., 1000000x - x = 76923, x = 76923/999999 = 1/13।",8
পৌনঃপুনিক দশমিকের সাধারণ ভগ্নাংশে রূপান্তর,237,0.153846153846... এর ভগ্নাংশ রূপ কী?,2/13,3/13,2/12,4/13,D,"0.153846... = 2/13, কারণ 1000000x = 153846.153846..., 1000000x - x = 153846, x = 153846/999999 = 2/13।",8
পৌনঃপুনিক দশমিকের সাধারণ ভগ্নাংশে রূপান্তর,238,0.230769230769... কে ভগ্নাংশে রূপান্তর করলে কী পাওয়া যায়?,3/13,4/13,3/12,5/13,D,"0.230769... = 3/13, কারণ 1000000x = 230769.230769..., 1000000x - x = 230769, x = 230769/999999 = 3/13।",8
পৌনঃপুনিক দশমিকের সাধারণ ভগ্নাংশে রূপান্তর,239,0.307692307692... এর ভগ্নাংশ রূপ কী?,4/13,5/13,4/12,6/13,D,"0.307692... = 4/13, কারণ 1000000x = 307692.307692..., 1000000x - x = 307692, x = 307692/999999 = 4/13।",8
পৌনঃপুনিক দশমিকের সাধারণ ভগ্নাংশে রূপান্তর,240,0.384615384615... কে ভগ্নাংশে প্রকাশ করলে কী হবে?,5/13,6/13,5/12,7/13,D,"0.384615... = 5/13, কারণ 1000000x = 384615.384615..., 1000000x - x = 384615, x = 384615/999999 = 5/13।",8
পৌনঃপুনিক দশমিকের সাধারণ ভগ্নাংশে রূপান্তর,241,0.066666... এর ভগ্নাংশ রূপ কী?,1/15,2/15,1/14,3/15,D,"0.066666... = 1/15, কারণ 10x = 0.6666..., 10x - x = 0.6, x = 0.6/9 = 1/15।",9
পৌনঃপুনিক দশমিকের সাধারণ ভগ্নাংশে রূপান্তর,242,0.133333... কে ভগ্নাংশে রূপান্তর করলে কী পাওয়া যায়?,2/15,3/15,2/14,4/15,D,"0.133333... = 2/15, কারণ 10x = 1.3333..., 10x - x = 1.2, x = 1.2/9 = 2/15।",9
পৌনঃপুনিক দশমিকের সাধারণ ভগ্নাংশে রূপান্তর,243,0.266666... এর ভগ্নাংশ রূপ কী?,4/15,5/15,4/14,6/15,D,"0.266666... = 4/15, কারণ 10x = 2.6666..., 10x - x = 2.4, x = 2.4/9 = 4/15।",9
পৌনঃপুনিক দশমিকের সাধারণ ভগ্নাংশে রূপান্তর,244,0.333333... কে ভগ্নাংশে প্রকাশ করলে কী হবে?,5/15,6/15,5/14,7/15,D,"0.333333... = 5/15 = 1/3, কারণ 10x = 3.3333..., 10x - x = 3, x = 3/9 = 1/3।",9
পৌনঃপুনিক দশমিকের সাধারণ ভগ্নাংশে রূপান্তর,245,0.466666... এর ভগ্নাংশ রূপ কী?,7/15,8/15,7/14,9/15,A,"0.466666... = 7/15, কারণ 10x = 4.6666..., 10x - x = 4.2, x = 4.2/9 = 7/15।",9
পৌনঃপুনিক দশমিকের সাধারণ ভগ্নাংশে রূপান্তর,246,0.058823529411... কে ভগ্নাংশে রূপান্তর করলে কী পাওয়া যায়?,1/17,2/17,1/16,3/17,A,"0.058823529411... = 1/17, কারণ 1000000x = 58823.529411..., 1000000x - x = 58823.5, x = 58823.5/999999 = 1/17।,",10
পৌনঃপুনিক দশমিকের সাধারণ ভগ্নাংশে রূপান্তর,247,0.117647058823... এর ভগ্নাংশ রূপ কী?,2/17,3/17,2/16,4/17,A,"0.117647058823... = 2/17, কারণ 1000000x = 117647.058823..., 1000000x - x = 117647, x = 117647/999999 = 2/17।",10
পৌনঃপুনিক দশমিকের সাধারণ ভগ্নাংশে রূপান্তর,248,0.176470588235... কে ভগ্নাংশে প্রকাশ করলে কী হবে?,3/17,4/17,3/16,5/17,A,"0.176470588235... = 3/17, কারণ 1000000x = 176470.588235..., 1000000x - x = 176470.5, x = 176470.5/999999 = 3/17।",10
পৌনঃপুনিক দশমিকের সাধারণ ভগ্নাংশে রূপান্তর,249,0.235294117647... এর ভগ্নাংশ রূপ কী?,4/17,5/17,4/16,6/17,A,"0.235294117647... = 4/17, কারণ 1000000x = 235294.117647..., 1000000x - x = 235294, x = 235294/999999 = 4/17।",10
পৌনঃপুনিক দশমিকের সাধারণ ভগ্নাংশে রূপান্তর,250,0.294117647058... কে ভগ্নাংশে রূপান্তর করলে কী পাওয়া যায়?,5/17,6/17,5/16,7/17,A,"0.294117647058... = 5/17, কারণ 1000000x = 294117.647058..., 1000000x - x = 294117.5, x = 294117.5/999999 = 5/17।",10
