Subtopic ,Question Number,Question,Option A,Option B,Option C,Option D,Correct Answer,Explanation,Difficulty
জ্যামিতি ও ত্রিকোণমিতিতে কোণ,1,১৫০° কোণটি কোন চতুর্থাংশে অবস্থিত?,প্রথম,দ্বিতীয়,তৃতীয়,চতুর্থ,B,১৫০° = ৯০° + ৬০°; ঘড়ির কাটার বিপরীত দিকে ঘুরলে দ্বিতীয় চতুর্থাংশে পড়ে।,1
জ্যামিতি ও ত্রিকোণমিতিতে কোণ,2,৪৫০° কোণটি কোন চতুর্থাংশে অবস্থিত?,প্রথম,দ্বিতীয়,তৃতীয়,চতুর্থ,A,৪৫০° = ৩৬০° + ৯০°; পূর্ণ ঘূর্ণনের পর প্রথম চতুর্থাংশে পড়ে।,2
জ্যামিতি ও ত্রিকোণমিতিতে কোণ,3,-২৭০° কোণটি কোন চতুর্থাংশে অবস্থিত?,প্রথম,দ্বিতীয়,তৃতীয়,চতুর্থ,C,-২৭০° ঘড়ির কাটার দিকে ঘুরলে তৃতীয় চতুর্থাংশে পড়ে।,3
জ্যামিতি ও ত্রিকোণমিতিতে কোণ,4,৭৫° ৩০' কোণটি রেডিয়ানে কত?,(5π/12) rad,(4π/9) rad,(7π/18) rad,(3π/8) rad,A,75.5° = 75.5 × π/180 = 5π/12 rad।,4
জ্যামিতি ও ত্রিকোণমিতিতে কোণ,5,১ রেডিয়ান কত ডিগ্রিতে সমান?,57° 17' 45'',60° 15' 30'',55° 20' 10'',58° 10' 50'',A,1 rad = 180/π ≈ 57.29578° ≈ 57° 17' 45''।,5
জ্যামিতি ও ত্রিকোণমিতিতে কোণ,6,৬০° ৪৫' কোণটি রেডিয়ানে কত?,(121π/360) rad,(61π/180) rad,(31π/90) rad,(2π/3) rad,B,60.75° = 60.75 × π/180 = 61π/180 rad।,6
জ্যামিতি ও ত্রিকোণমিতিতে কোণ,7,-৫৪০° কোণটি কোন চতুর্থাংশে অবস্থিত?,প্রথম,দ্বিতীয়,তৃতীয়,চতুর্থ,A,-৫৪০° = -২ × ৩৬০°; ঘড়ির কাটার দিকে পূর্ণ ঘূর্ণনের পর প্রথম চতুর্থাংশ।,7
জ্যামিতি ও ত্রিকোণমিতিতে কোণ,8,একটি বৃত্তের ব্যাসার্ধ ৭ সে.মি.; ১১ সে.মি. চাপ কেন্দ্রে কত রেডিয়ান কোণ উৎপন্ন করে?,11/7 rad,7/11 rad,π/7 rad,11π/7 rad,A,s = rθ; θ = s/r = 11/7 rad।,8
জ্যামিতি ও ত্রিকোণমিতিতে কোণ,9,পৃথিবীর ব্যাসার্ধ ৬৪৪০ কি.মি.; ৫° চাপ কেন্দ্রে কত কি.মি. দূরত্ব উৎপন্ন করে?,561.2 কি.মি.,224.8 কি.মি.,112.4 কি.মি.,448.6 কি.মি.,B,s = rθ = 6440 × 5 × π/180 ≈ 224.8 কি.মি.।,9
জ্যামিতি ও ত্রিকোণমিতিতে কোণ,10,একটি চাকার ব্যাসার্ধ ০.৪২ মি.; ১০০০ বিপ্লবে কত দূরত্ব অতিক্রম করে?,২৬৪০ মি.,১৩২০ মি.,৫২৮০ মি.,৮৮০ মি.,A,পরিধি = 2π × 0.42; 1000 × 2π × 0.42 ≈ 2640 মি.।,10
জ্যামিতি ও ত্রিকোণমিতিতে কোণ,11,৩১৫° কোণটি কোন চতুর্থাংশে অবস্থিত?,প্রথম,দ্বিতীয়,তৃতীয়,চতুর্থ,D,৩১৫° = ৩৬০° - ৪৫°; ঘড়ির কাটার বিপরীত দিকে চতুর্থ চতুর্থাংশে।,1
জ্যামিতি ও ত্রিকোণমিতিতে কোণ,12,-১৮০° কোণটি কোন চতুর্থাংশে অবস্থিত?,প্রথম,দ্বিতীয়,তৃতীয়,চতুর্থ,B,-১৮০° ঘড়ির কাটার দিকে দ্বিতীয় চতুর্থাংশে পড়ে।,2
জ্যামিতি ও ত্রিকোণমিতিতে কোণ,13,৪৫° ১৫' কোণটি রেডিয়ানে কত?,(181π/720) rad,(91π/360) rad,(45π/180) rad,(15π/60) rad,B,45.25° = 45.25 × π/180 = 91π/360 rad।,3
ত্রিকোণমিতিক অনুপাত,14,যদি sin θ = 3/5 হয় তবে cos θ কত?,4/5,3/5,√5/3,4/3,A,sin²θ + cos²θ = 1; cos θ = √(1 - 9/25) = 4/5।,1
ত্রিকোণমিতিক অনুপাত,15,যদি tan θ = 1 হয় তবে sin θ কত?,1/√2,1/2,√2,1/3,A,tan θ = sin θ/cos θ = 1; sin θ = cos θ; sin²θ = 1/2।,2
ত্রিকোণমিতিক অনুপাত,16,যদি cosec θ = 2 হয় তবে cot θ কত?,√3,1/√3,1,√2,C,cosec²θ = 1 + cot²θ; cot²θ = 4 - 1 = 3; cot θ = 1।,3
ত্রিকোণমিতিক অনুপাত,17,যদি sec θ = 5/3 হয় তবে sin θ কত?,3/5,4/5,3/4,4/3,B,sec θ = 1/cos θ; cos θ = 3/5; sin θ = √(1 - 9/25) = 4/5।,4
ত্রিকোণমিতিক অনুপাত,18,যদি cos θ = 1/2 এবং sin θ ধনাত্মক হয় তবে tan θ কত?,√3,1/√3,1,√2,A,cos θ = 1/2; sin θ = √3/2; tan θ = sin θ/cos θ = √3।,5
ত্রিকোণমিতিক অনুপাত,19,যদি tan θ = 3/4 এবং cos θ ঋণাত্মক হয় তবে sin θ কত?,-3/5,3/5,-4/5,4/5,A,tan θ = 3/4; r = √(3² + 4²) = 5; sin θ = -3/5 (তৃতীয় চতুর্থাংশ)।,6
ত্রিকোণমিতিক অনুপাত,20,sin²θ + cos²θ এর মান কত?,0,1,√2,2,B,sin²θ + cos²θ = 1; এটি ত্রিকোণমিতিক পরিচয়।,7
ত্রিকোণমিতিক অনুপাত,21,যদি cosec θ = 13/5 হয় তবে tan θ কত?,5/12,12/5,5/13,12/13,A,cosec θ = 13/5; sin θ = 5/13; cos θ = 12/13; tan θ = 5/12।,8
ত্রিকোণমিতিক অনুপাত,22,যদি sin θ = -4/5 এবং π < θ < 3π/2 হয় তবে cos θ কত?,-3/5,3/5,-4/5,4/5,A,sin²θ + cos²θ = 1; cos θ = -√(1 - 16/25) = -3/5 (তৃতীয় চতুর্থাংশ)।,9
ত্রিকোণমিতিক অনুপাত,23,যদি tan θ + sec θ = 2 হয় তবে sin θ কত?,3/5,4/5,1/2,3/4,A,tan θ + sec θ = 2; sin θ = (2² - 1)/(2² + 1) = 3/5।,10
ত্রিকোণমিতিক অনুপাত,24,যদি cot θ = 12/5 হয় তবে cosec θ কত?,12/5,5/12,13/5,13/12,C,cot²θ + 1 = cosec²θ; cosec θ = √(144/25 + 1) = 13/5।,1
ত্রিকোণমিতিক অনুপাত,25,যদি cos θ = -3/5 এবং π/2 < θ < π হয় তবে tan θ কত?,-4/3,4/3,-3/4,3/4,A,cos θ = -3/5; sin θ = 4/5; tan θ = 4/(-3) = -4/3।,2
ত্রিকোণমিতিক অনুপাত,26,sin θ = 1/√2 হলে cosec θ কত?,√2,1/√2,1,2,A,cosec θ = 1/sin θ = 1/(1/√2) = √2।,3
বিভিন্ন কোণের ত্রিকোণমিতিক অনুপাত,27,sin (π/3) এর মান কত?,√3/2,1/2,1/√2,0,A,π/3 = 60°; sin 60° = √3/2।,1
বিভিন্ন কোণের ত্রিকোণমিতিক অনুপাত,28,cos (π - π/4) এর মান কত?,1/√2,-1/√2,1/2,-1/2,B,cos (π - θ) = -cos θ; cos (π/4) = 1/√2।,2
বিভিন্ন কোণের ত্রিকোণমিতিক অনুপাত,29,tan (3π/2 + π/6) এর মান কত?,1/√3,-1/√3,√3,-√3,B,tan (3π/2 + θ) = -cot θ; cot (π/6) = √3।,3
বিভিন্ন কোণের ত্রিকোণমিতিক অনুপাত,30,sin (5π/4) এর মান কত?,1/√2,-1/√2,1/2,-1/2,B,sin (π + π/4) = -sin (π/4) = -1/√2।,4
বিভিন্ন কোণের ত্রিকোণমিতিক অনুপাত,31,cos (3π/2 - π/6) এর মান কত?,√3/2,-√3/2,1/2,-1/2,D,cos (3π/2 - θ) = -sin θ; sin (π/6) = 1/2।,5
বিভিন্ন কোণের ত্রিকোণমিতিক অনুপাত,32,tan (2π - π/3) এর মান কত?,√3,-√3,1/√3,-1/√3,D,tan (2π - θ) = -tan θ; tan (π/3) = √3।,6
বিভিন্ন কোণের ত্রিকোণমিতিক অনুপাত,33,sec (7π/6) এর মান কত?,2,-2,2/√3,-2/√3,D,sec (π + π/6) = -sec (π/6); sec (π/6) = 2/√3।,7
বিভিন্ন কোণের ত্রিকোণমিতিক অনুপাত,34,cosec (5π/3) এর মান কত?,2,-2,2/√3,-2/√3,D,cosec (2π - π/3) = -cosec (π/3); cosec (π/3) = 2/√3।,8
বিভিন্ন কোণের ত্রিকোণমিতিক অনুপাত,35,cot (9π/4) এর মান কত?,1,-1,√2,-√2,A,cot (2π + π/4) = cot (π/4) = 1।,9
বিভিন্ন কোণের ত্রিকোণমিতিক অনুপাত,36,sin (11π/2) এর মান কত?,1,-1,0,√2,C,sin (11π/2) = sin (5π + π/2) = sin (π/2) = 0।,10
বিভিন্ন কোণের ত্রিকোণমিতিক অনুপাত,37,cos (-π/4) এর মান কত?,1/√2,-1/√2,1/2,-1/2,A,cos (-θ) = cos θ; cos (π/4) = 1/√2।,1
বিভিন্ন কোণের ত্রিকোণমিতিক অনুপাত,38,tan (5π/6) এর মান কত?,1/√3,-1/√3,√3,-√3,B,tan (π - π/6) = -tan (π/6) = -1/√3।,2
জ্যামিতি ও ত্রিকোণমিতিতে কোণ,39,২৭০° কোণটি কোন রেখার সাথে মিলে যায়?,X'OX,Y'OY,কোনটিই নয়,উভয়,A,২৭০° = ৩ × ৯০°; Y'OY রেখায় মিলে।,1
জ্যামিতি ও ত্রিকোণমিতিতে কোণ,40,-৩৬০° কোণটি কোন চতুর্থাংশে অবস্থিত?,প্রথম,দ্বিতীয়,তৃতীয়,চতুর্থ,A,-৩৬০° = -১ × ৩৬০°; পূর্ণ ঘূর্ণনের পর প্রথম চতুর্থাংশ।,2
জ্যামিতি ও ত্রিকোণমিতিতে কোণ,41,৪৫০° ৩০' কোণটি রেডিয়ানে কত?,(901π/360) rad,(451π/180) rad,(181π/90) rad,(271π/360) rad,A,450.5° = 450.5 × π/180 = 901π/360 rad।,3
জ্যামিতি ও ত্রিকোণমিতিতে কোণ,42,একটি চাকার পরিধি ২.৬৪ মি.; ৫০০ বিপ্লবে কত দূরত্ব অতিক্রম করে?,১৩২০ মি.,৬৬০ মি.,২৬৪০ মি.,৮৮০ মি.,A,দূরত্ব = 500 × 2.64 = 1320 মি.।,4
জ্যামিতি ও ত্রিকোণমিতিতে কোণ,43,২১০° কোণটি কোন চতুর্থাংশে অবস্থিত?,প্রথম,দ্বিতীয়,তৃতীয়,চতুর্থ,C,২১০° = ১৮০° + ৩০°; ঘড়ির কাটার বিপরীত দিকে তৃতীয় চতুর্থাংশে।,5
জ্যামিতি ও ত্রিকোণমিতিতে কোণ,44,পৃথিবীর ব্যাসার্ধ ৬৪৪০ কি.মি.; ৩.৫° চাপ কত কি.মি. দূরত্ব?,৩৯২.৭ কি.মি.,১৯৬.৩ কি.মি.,৭৮৫.৪ কি.মি.,৫৬২.৮ কি.মি.,A,s = 6440 × 3.5 × π/180 ≈ 392.7 কি.মি.।,6
জ্যামিতি ও ত্রিকোণমিতিতে কোণ,45,১৮০° ৩০' কোণটি রেডিয়ানে কত?,(361π/360) rad,(181π/180) rad,(721π/720) rad,(541π/540) rad,C,180.5° = 180.5 × π/180 = 721π/720 rad।,7
জ্যামিতি ও ত্রিকোণমিতিতে কোণ,46,একটি চাকার ব্যাস ০.৮৪ মি.; ৬ বিপ্লব/সেকেন্ডে গাড়ির গতি কত?,১৫.৮৪ মি./সে.,৭.৯২ মি./সে.,৩১.৬৮ মি./সে.,৫.২৮ মি./সে.,A,পরিধি = π × 0.84; গতি = 6 × π × 0.84 ≈ 15.84 মি./সে.।,8
জ্যামিতি ও ত্রিকোণমিতিতে কোণ,47,৮১০° কোণটি কোন চতুর্থাংশে অবস্থিত?,প্রথম,দ্বিতীয়,তৃতীয়,চতুর্থ,A,৮১০° = ২ × ৩৬০° + ৯০°; প্রথম চতুর্থাংশে।,9
জ্যামিতি ও ত্রিকোণমিতিতে কোণ,48,২৫ সে.মি. চাপ এবং ৫ সে.মি. ব্যাসার্ধে কেন্দ্রীয় কোণ কত?,5 rad,2.5 rad,10 rad,1.25 rad,A,θ = s/r = 25/5 = 5 rad।,10
জ্যামিতি ও ত্রিকোণমিতিতে কোণ,49,-৪৫° কোণটি কোন চতুর্থাংশে অবস্থিত?,প্রথম,দ্বিতীয়,তৃতীয়,চতুর্থ,D,-৪৫° ঘড়ির কাটার দিকে চতুর্থ চতুর্থাংশে।,1
জ্যামিতি ও ত্রিকোণমিতিতে কোণ,50,৩০° ১৫' কোণটি রেডিয়ানে কত?,(121π/480) rad,(61π/240) rad,(31π/120) rad,(15π/60) rad,B,30.25° = 30.25 × π/180 = 61π/240 rad।,2
জ্যামিতি ও ত্রিকোণমিতিতে কোণ,51,১৩২০° কোণটি কোন চতুর্থাংশে অবস্থিত?,প্রথম,দ্বিতীয়,তৃতীয়,চতুর্থ,A,১৩২০° = ৩ × ৩৬০° + ২৪০°; চতুর্থ চতুর্থাংশে।,3
ত্রিকোণমিতিক অনুপাত,52,যদি sin θ = 5/13 হয় তবে sec θ কত?,13/5,12/13,13/12,5/12,C,cos θ = 12/13; sec θ = 1/cos θ = 13/12।,1
ত্রিকোণমিতিক অনুপাত,53,যদি cos θ = 4/5 হয় তবে cot θ কত?,4/3,3/4,5/4,4/5,A,sin θ = 3/5; cot θ = cos θ/sin θ = 4/3।,2
ত্রিকোণমিতিক অনুপাত,54,যদি tan θ = -5/12 এবং cos θ ধনাত্মক হয় তবে sin θ কত?,5/13,-5/13,12/13,-12/13,B,tan θ = -5/12; sin θ = -5/13 (চতুর্থ চতুর্থাংশ)।,3
ত্রিকোণমিতিক অনুপাত,55,যদি cosec θ = √5/2 হয় তবে cos θ কত?,2/√5,√5/2,1/√5,√5/3,A,cosec θ = √5/2; sin θ = 2/√5; cos θ = √(1 - 4/5) = 1/√5।,4
ত্রিকোণমিতিক অনুপাত,56,যদি sin θ = -3/5 এবং π < θ < 3π/2 হয় তবে tan θ কত?,3/4,-3/4,4/3,-4/3,A,sin θ = -3/5; cos θ = -4/5; tan θ = (-3)/(-4) = 3/4।,5
ত্রিকোণমিতিক অনুপাত,57,যদি sec θ = 2 হয় তবে sin²θ + cos²θ কত?,1,2,1/2,4,A,sin²θ + cos²θ = 1; ত্রিকোণমিতিক পরিচয়।,6
ত্রিকোণমিতিক অনুপাত,58,যদি cot θ = -12/5 এবং sin θ ধনাত্মক হয় তবে cos θ কত?,12/13,-12/13,5/13,-5/13,B,cot θ = -12/5; cos θ = -12/13 (দ্বিতীয় চতুর্থাংশ)।,7
ত্রিকোণমিতিক অনুপাত,59,যদি sin θ + cos θ = √2 হয় তবে θ কত?,π/4,π/3,π/6,π/2,A,sin θ + cos θ = √2; θ = π/4 সন্তুষ্ট করে।,8
ত্রিকোণমিতিক অনুপাত,60,যদি tan θ = 1/√3 এবং cos θ ধনাত্মক হয় তবে sin θ কত?,1/2,√3/2,1/√3,√2/2,A,tan θ = 1/√3; sin θ = 1/2 (প্রথম চতুর্থাংশ)।,9
ত্রিকোণমিতিক অনুপাত,61,যদি cos θ - sin θ = √2 sin θ হয় তবে cos θ + sin θ কত?,√2 cos θ,√2 sin θ,-√2 cos θ,-√2 sin θ,A,cos θ - sin θ = √2 sin θ; cos θ + sin θ = √2 cos θ।,10
ত্রিকোণমিতিক অনুপাত,62,যদি sin θ = 12/13 হয় তবে cos θ কত?,5/13,12/13,13/12,13/5,A,sin²θ + cos²θ = 1; cos θ = √(1 - 144/169) = 5/13।,1
ত্রিকোণমিতিক অনুপাত,63,যদি cos θ = -1/2 এবং π < θ < 3π/2 হয় তবে sin θ কত?,-√3/2,√3/2,-1/2,1/2,A,cos θ = -1/2; sin θ = -√3/2 (তৃতীয় চতুর্থাংশ)।,2
ত্রিকোণমিতিক অনুপাত,64,যদি sec θ = √2 হয় তবে tan θ কত?,1,-1,√2,-√2,A,sec²θ = 1 + tan²θ; tan²θ = 2 - 1 = 1; tan θ = 1।,3
বিভিন্ন কোণের ত্রিকোণমিতিক অনুপাত,65,sin (π/6) এর মান কত?,1/2,√3/2,1/√2,0,A,π/6 = 30°; sin 30° = 1/2।,1
বিভিন্ন কোণের ত্রিকোণমিতিক অনুপাত,66,cos (π/2 + π/4) এর মান কত?,1/√2,-1/√2,1/2,-1/2,B,cos (π/2 + θ) = -sin θ; sin (π/4) = 1/√2।,2
বিভিন্ন কোণের ত্রিকোণমিতিক অনুপাত,67,tan (π - π/3) এর মান কত?,√3,-√3,1/√3,-1/√3,D,tan (π - θ) = -tan θ; tan (π/3) = √3।,3
বিভিন্ন কোণের ত্রিকোণমিতিক অনুপাত,68,sin (3π/2 + π/6) এর মান কত?,√3/2,-√3/2,1/2,-1/2,B,sin (3π/2 + θ) = -cos θ; cos (π/6) = √3/2।,4
বিভিন্ন কোণের ত্রিকোণমিতিক অনুপাত,69,cos (2π + π/4) এর মান কত?,1/√2,-1/√2,1/2,-1/2,A,cos (2π + θ) = cos θ; cos (π/4) = 1/√2।,5
বিভিন্ন কোণের ত্রিকোণমিতিক অনুপাত,70,cot (5π/4) এর মান কত?,1,-1,√2,-√2,A,cot (π + π/4) = cot (π/4) = 1।,6
বিভিন্ন কোণের ত্রিকোণমিতিক অনুপাত,71,sec (3π/4) এর মান কত?,√2,-√2,2,-2,B,sec (π - π/4) = -sec (π/4); sec (π/4) = √2।,7
বিভিন্ন কোণের ত্রিকোণমিতিক অনুপাত,72,cosec (7π/6) এর মান কত?,2,-2,2/√3,-2/√3,B,cosec (π + π/6) = -cosec (π/6); cosec (π/6) = 2।,8
বিভিন্ন কোণের ত্রিকোণমিতিক অনুপাত,73,sin (-π/3) এর মান কত?,√3/2,-√3/2,1/2,-1/2,B,sin (-θ) = -sin θ; sin (π/3) = √3/2।,9
বিভিন্ন কোণের ত্রিকোণমিতিক অনুপাত,74,tan (9π/2 + π/6) এর মান কত?,√3,-√3,1/√3,-1/√3,D,tan (9π/2 + θ) = -cot θ; cot (π/6) = √3।,10
বিভিন্ন কোণের ত্রিকোণমিতিক অনুপাত,75,cos (5π/6) এর মান কত?,-√3/2,√3/2,-1/2,1/2,A,cos (π - π/6) = -cos (π/6) = -√3/2।,1
বিভিন্ন কোণের ত্রিকোণমিতিক অনুপাত,76,sin (7π/4) এর মান কত?,1/√2,-1/√2,1/2,-1/2,B,sin (2π - π/4) = -sin (π/4) = -1/√2।,2
জ্যামিতি ও ত্রিকোণমিতিতে কোণ,77,৪৫° কোণটি রেডিয়ানে কত?,π/4,π/3,π/6,π/2,A,45° = 45 × π/180 = π/4 rad।,1
জ্যামিতি ও ত্রিকোণমিতিতে কোণ,78,১৮০° কোণটি কোন চতুর্থাংশে অবস্থিত?,প্রথম,দ্বিতীয়,তৃতীয়,চতুর্থ,B,১৮০° ঘড়ির কাটার বিপরীত দিকে দ্বিতীয় চতুর্থাংশে।,2
জ্যামিতি ও ত্রিকোণমিতিতে কোণ,79,-৯০° কোণটি কোন চতুর্থাংশে অবস্থিত?,প্রথম,দ্বিতীয়,তৃতীয়,চতুর্থ,D,-৯০° ঘড়ির কাটার দিকে চতুর্থ চতুর্থাংশে।,3
জ্যামিতি ও ত্রিকোণমিতিতে কোণ,80,৬০° ৩০' কোণটি রেডিয়ানে কত?,(121π/360) rad,(61π/180) rad,(31π/90) rad,(2π/3) rad,B,60.5° = 60.5 × π/180 = 61π/180 rad।,4
জ্যামিতি ও ত্রিকোণমিতিতে কোণ,81,একটি চাকার ব্যাসার্ধ ১.৪ মি.; ১০ বিপ্লব/সেকেন্ডে গতি কত?,৮৮ মি./সে.,৪৪ মি./সে.,২২ মি./সে.,১১ মি./সে.,A,পরিধি = 2π × 1.4; গতি = 10 × 2π × 1.4 ≈ 88 মি./সে.।,5
জ্যামিতি ও ত্রিকোণমিতিতে কোণ,82,৪২০° কোণটি কোন চতুর্থাংশে অবস্থিত?,প্রথম,দ্বিতীয়,তৃতীয়,চতুর্থ,A,৪২০° = ৩৬০° + ৬০°; প্রথম চতুর্থাংশে।,6
জ্যামিতি ও ত্রিকোণমিতিতে কোণ,83,১৫ সে.মি. চাপ এবং ৩ সে.মি. ব্যাসার্ধে কেন্দ্রীয় কোণ কত?,5 rad,3 rad,15 rad,7.5 rad,A,θ = s/r = 15/3 = 5 rad।,7
জ্যামিতি ও ত্রিকোণমিতিতে কোণ,84,পৃথিবীর ব্যাসার্ধ ৬৪৪০ কি.মি.; ৭' চাপ কত কি.মি. দূরত্ব?,১.১ কি.মি.,২.২ কি.মি.,৩.৩ কি.মি.,৪.৪ কি.মি.,A,s = 6440 × (7/60) × π/180 ≈ 1.1 কি.মি.।,8
জ্যামিতি ও ত্রিকোণমিতিতে কোণ,85,৩৩০° কোণটি কোন চতুর্থাংশে অবস্থিত?,প্রথম,দ্বিতীয়,তৃতীয়,চতুর্থ,D,৩৩০° = ৩৬০° - ৩০°; চতুর্থ চতুর্থাংশে।,9
জ্যামিতি ও ত্রিকোণমিতিতে কোণ,86,১২০° ৪৫' কোণটি রেডিয়ানে কত?,(481π/720) rad,(241π/360) rad,(121π/180) rad,(361π/540) rad,B,120.75° = 120.75 × π/180 = 241π/360 rad।,10
জ্যামিতি ও ত্রিকোণমিতিতে কোণ,87,৯০° কোণটি কোন রেখার সাথে মিলে যায়?,X'OX,Y'OY,কোনটিই নয়,উভয়,B,৯০° = ১ × ৯০°; Y'OY রেখায় মিলে।,1
ত্রিকোণমিতিক অনুপাত,88,যদি cos θ = 5/13 হয় তবে sin θ কত?,12/13,5/12,13/12,12/5,A,sin²θ + cos²θ = 1; sin θ = √(1 - 25/169) = 12/13।,1
ত্রিকোণমিতিক অনুপাত,89,যদি tan θ = 3/4 হয় তবে cosec θ কত?,5/3,4/3,5/4,4/5,A,tan θ = 3/4; r = √(3² + 4²) = 5; cosec θ = 5/3।,2
ত্রিকোণমিতিক অনুপাত,90,যদি sin θ = -1/2 এবং π < θ < 3π/2 হয় তবে cos θ কত?,-√3/2,√3/2,-1/2,1/2,A,sin θ = -1/2; cos θ = -√3/2 (তৃতীয় চতুর্থাংশ)।,3
ত্রিকোণমিতিক অনুপাত,91,যদি sec θ = 13/5 হয় তবে tan θ কত?,12/5,5/12,13/12,12/13,A,sec²θ = 1 + tan²θ; tan²θ = (13/5)² - 1 = 144/25; tan θ = 12/5।,4
ত্রিকোণমিতিক অনুপাত,92,যদি cot θ = 4/3 এবং sin θ ঋণাত্মক হয় তবে cos θ কত?,-4/5,4/5,-3/5,3/5,A,cot θ = 4/3; cos θ = -4/5 (তৃতীয় চতুর্থাংশ)।,5
ত্রিকোণমিতিক অনুপাত,93,যদি sin θ + cos θ = 1 হয় তবে θ কত?,0,π/2,π,3π/2,D,sin θ + cos θ = 1; θ = 3π/2 সন্তুষ্ট করে।,6
ত্রিকোণমিতিক অনুপাত,94,যদি cosec θ = 5/4 হয় তবে cot θ কত?,3/4,4/3,5/3,3/5,A,cosec²θ = 1 + cot²θ; cot²θ = 25/16 - 1 = 9/16; cot θ = 3/4।,7
ত্রিকোণমিতিক অনুপাত,95,যদি tan θ = -3/4 এবং cos θ ঋণাত্মক হয় তবে sin θ কত?,-3/5,3/5,-4/5,4/5,A,tan θ = -3/4; sin θ = -3/5 (তৃতীয় চতুর্থাংশ)।,8
ত্রিকোণমিতিক অনুপাত,96,যদি sin θ = 3/5 এবং cos θ ধনাত্মক হয় তবে sec θ কত?,5/4,4/5,5/3,3/5,A,cos θ = 4/5; sec θ = 1/cos θ = 5/4।,9
ত্রিকোণমিতিক অনুপাত,97,যদি cos θ + sin θ = √2 cos θ হয় তবে tan θ কত?,1,-1,√2,-√2,A,cos θ + sin θ = √2 cos θ; sin θ/cos θ = 1; tan θ = 1।,10
ত্রিকোণমিতিক অনুপাত,98,যদি sin θ = 4/5 হয় তবে tan θ কত?,4/3,3/4,4/5,5/4,A,sin θ = 4/5; cos θ = 3/5; tan θ = 4/3।,1
ত্রিকোণমিতিক অনুপাত,99,যদি cos θ = -4/5 এবং π/2 < θ < π হয় তবে sin θ কত?,3/5,-3/5,4/5,-4/5,A,cos θ = -4/5; sin θ = √(1 - 16/25) = 3/5।,2
ত্রিকোণমিতিক অনুপাত,100,যদি sec θ = 5/4 হয় তবে cosec θ কত?,5/3,3/5,4/3,5/4,A,sec θ = 5/4; cos θ = 4/5; sin θ = 3/5; cosec θ = 5/3।,3
বিভিন্ন কোণের ত্রিকোণমিতিক অনুপাত,101,cos (π/3) এর মান কত?,1/2,√3/2,1/√2,0,A,π/3 = 60°; cos 60° = 1/2।,1
বিভিন্ন কোণের ত্রিকোণমিতিক অনুপাত,102,sin (π/2 - π/6) এর মান কত?,√3/2,1/2,1/√2,-1/2,B,sin (π/2 - θ) = cos θ; cos (π/6) = √3/2।,2
বিভিন্ন কোণের ত্রিকোণমিতিক অনুপাত,103,tan (-π/4) এর মান কত?,1,-1,√2,-√2,B,tan (-θ) = -tan θ; tan (π/4) = 1।,3
বিভিন্ন কোণের ত্রিকোণমিতিক অনুপাত,104,cos (5π/3) এর মান কত?,1/2,-1/2,√3/2,-√3/2,A,cos (2π - π/3) = cos (π/3) = 1/2।,4
বিভিন্ন কোণের ত্রিকোণমিতিক অনুপাত,105,sec (π + π/6) এর মান কত?,2,-2,2/√3,-2/√3,D,sec (π + θ) = -sec θ; sec (π/6) = 2/√3।,5
বিভিন্ন কোণের ত্রিকোণমিতিক অনুপাত,106,cosec (3π/4) এর মান কত?,√2,-√2,2,-2,A,cosec (π - π/4) = cosec (π/4) = √2।,6
বিভিন্ন কোণের ত্রিকোণমিতিক অনুপাত,107,cot (2π + π/3) এর মান কত?,√3,-√3,1/√3,-1/√3,D,cot (2π + θ) = cot θ; cot (π/3) = 1/√3।,7
বিভিন্ন কোণের ত্রিকোণমিতিক অনুপাত,108,sin (9π/4) এর মান কত?,1/√2,-1/√2,1/2,-1/2,A,sin (2π + π/4) = sin (π/4) = 1/√2।,8
বিভিন্ন কোণের ত্রিকোণমিতিক অনুপাত,109,cos (11π/6) এর মান কত?,√3/2,-√3/2,1/2,-1/2,A,cos (2π - π/6) = cos (π/6) = √3/2।,9
বিভিন্ন কোণের ত্রিকোণমিতিক অনুপাত,110,tan (7π/2 + π/6) এর মান কত?,√3,-√3,1/√3,-1/√3,D,tan (7π/2 + θ) = -cot θ; cot (π/6) = √3।,10
বিভিন্ন কোণের ত্রিকোণমিতিক অনুপাত,111,sin (2π/3) এর মান কত?,√3/2,-√3/2,1/2,-1/2,A,sin (π - π/3) = sin (π/3) = √3/2।,1
বিভিন্ন কোণের ত্রিকোণমিতিক অনুপাত,112,cos (-π/6) এর মান কত?,√3/2,-√3/2,1/2,-1/2,A,cos (-θ) = cos θ; cos (π/6) = √3/2।,2
বিভিন্ন কোণের ত্রিকোণমিতিক অনুপাত,113,tan (π/2 + π/3) এর মান কত?,√3,-√3,1/√3,-1/√3,D,tan (π/2 + θ) = -cot θ; cot (π/3) = 1/√3।,3
বিভিন্ন কোণের ত্রিকোণমিতিক অনুপাত,114,sin (7π/6) এর মান কত?,1/2,-1/2,√3/2,-√3/2,B,sin (π + π/6) = -sin (π/6) = -1/2।,4
বিভিন্ন কোণের ত্রিকোণমিতিক অনুপাত,115,cos (3π/2 + π/4) এর মান কত?,1/√2,-1/√2,1/2,-1/2,A,cos (3π/2 + θ) = sin θ; sin (π/4) = 1/√2।,5
বিভিন্ন কোণের ত্রিকোণমিতিক অনুপাত,116,cot (5π/6) এর মান কত?,√3,-√3,1/√3,-1/√3,B,cot (π - π/6) = -cot (π/6) = -√3।,6
বিভিন্ন কোণের ত্রিকোণমিতিক অনুপাত,117,sec (2π - π/4) এর মান কত?,√2,-√2,2,-2,A,sec (2π - θ) = sec θ; sec (π/4) = √2।,7
বিভিন্ন কোণের ত্রিকোণমিতিক অনুপাত,118,cosec (-π/4) এর মান কত?,√2,-√2,2,-2,B,cosec (-θ) = -cosec θ; cosec (π/4) = √2।,8
বিভিন্ন কোণের ত্রিকোণমিতিক অনুপাত,119,sin (19π/6) এর মান কত?,1/2,-1/2,√3/2,-√3/2,B,sin (3π + π/6) = -sin (π/6) = -1/2।,9
বিভিন্ন কোণের ত্রিকোণমিতিক অনুপাত,120,tan (11π/4) এর মান কত?,1,-1,√2,-√2,A,tan (2π + 3π/4) = tan (3π/4) = -1।,10
বিভিন্ন কোণের ত্রিকোণমিতিক অনুপাত,121,cos (7π/6) এর মান কত?,-√3/2,√3/2,-1/2,1/2,A,cos (π + π/6) = -cos (π/6) = -√3/2।,1
বিভিন্ন কোণের ত্রিকোণমিতিক অনুপাত,122,sin (5π/6) এর মান কত?,1/2,-1/2,√3/2,-√3/2,A,sin (π - π/6) = sin (π/6) = 1/2।,2
বিভিন্ন কোণের ত্রিকোণমিতিক অনুপাত,123,tan (3π/4) এর মান কত?,1,-1,√2,-√2,B,tan (π - π/4) = -tan (π/4) = -1।,3
বিভিন্ন কোণের ত্রিকোণমিতিক অনুপাত,124,cos (9π/4) এর মান কত?,1/√2,-1/√2,1/2,-1/2,A,cos (2π + π/4) = cos (π/4) = 1/√2।,4
বিভিন্ন কোণের ত্রিকোণমিতিক অনুপাত,125,sin (13π/6) এর মান কত?,1/2,-1/2,√3/2,-√3/2,B,sin (2π + π/6) = sin (π/6) = -1/2।,5
জ্যামিতি ও ত্রিকোণমিতিতে কোণ,126,২৪০° কোণটি কোন চতুর্থাংশে অবস্থিত?,প্রথম,দ্বিতীয়,তৃতীয়,চতুর্থ,C,২৪০° = ১৮০° + ৬০°; ঘড়ির কাটার বিপরীত দিকে তৃতীয় চতুর্থাংশে।,1
জ্যামিতি ও ত্রিকোণমিতিতে কোণ,127,-১৩৫° কোণটি কোন চতুর্থাংশে অবস্থিত?,প্রথম,দ্বিতীয়,তৃতীয়,চতুর্থ,D,-১৩৫° ঘড়ির কাটার দিকে চতুর্থ চতুর্থাংশে।,2
জ্যামিতি ও ত্রিকোণমিতিতে কোণ,128,৩০০° কোণটি কোন চতুর্থাংশে অবস্থিত?,প্রথম,দ্বিতীয়,তৃতীয়,চতুর্থ,D,৩০০° = ৩৬০° - ৬০°; ঘড়ির কাটার বিপরীত দিকে চতুর্থ চতুর্থাংশে।,3
জ্যামিতি ও ত্রিকোণমিতিতে কোণ,129,৩০° ৩০' কোণটি রেডিয়ানে কত?,(61π/360) rad,(31π/180) rad,(121π/720) rad,(15π/90) rad,C,30.5° = 30.5 × π/180 = 121π/720 rad।,4
জ্যামিতি ও ত্রিকোণমিতিতে কোণ,130,২ রেডিয়ান কত ডিগ্রিতে সমান?,114° 35' 30'',120° 15' 45'',110° 25' 20'',116° 20' 40'',A,2 rad = 2 × 180/π ≈ 114.59156° ≈ 114° 35' 30''।,5
জ্যামিতি ও ত্রিকোণমিতিতে কোণ,131,১৫০° ১৫' কোণটি রেডিয়ানে কত?,(601π/720) rad,(301π/360) rad,(151π/180) rad,(121π/180) rad,A,150.25° = 150.25 × π/180 = 601π/720 rad।,6
জ্যামিতি ও ত্রিকোণমিতিতে কোণ,132,৯০০° কোণটি কোন চতুর্থাংশে অবস্থিত?,প্রথম,দ্বিতীয়,তৃতীয়,চতুর্থ,A,৯০০° = ২ × ৩৬০° + ১৮০°; দ্বিতীয় চতুর্থাংশে।,7
জ্যামিতি ও ত্রিকোণমিতিতে কোণ,133,একটি বৃত্তের ব্যাসার্ধ ১৪ সে.মি.; ২২ সে.মি. চাপ কেন্দ্রে কত রেডিয়ান কোণ উৎপন্ন করে?,11/7 rad,7/11 rad,22/14 rad,14/22 rad,A,s = rθ; θ = s/r = 22/14 = 11/7 rad।,8
জ্যামিতি ও ত্রিকোণমিতিতে কোণ,134,পৃথিবীর ব্যাসার্ধ ৬৪৪০ কি.মি.; ৪° চাপ কত কি.মি. দূরত্ব উৎপন্ন করে?,৪৪৯.২ কি.মি.,২২৪.৬ কি.মি.,১১২.৩ কি.মি.,৮৯৮.৪ কি.মি.,A,s = rθ = 6440 × 4 × π/180 ≈ 449.2 কি.মি.।,9
জ্যামিতি ও ত্রিকোণমিতিতে কোণ,135,একটি চাকার ব্যাসার্ধ ০.৫৬ মি.; ১৫০০ বিপ্লবে কত দূরত্ব অতিক্রম করে?,৫২৮০ মি.,২৬৪০ মি.,১০৫৬০ মি.,১৭৬০ মি.,A,পরিধি = 2π × 0.56; 1500 × 2π × 0.56 ≈ 5280 মি.।,10
জ্যামিতি ও ত্রিকোণমিতিতে কোণ,136,৫৪০° কোণটি কোন চতুর্থাংশে অবস্থিত?,প্রথম,দ্বিতীয়,তৃতীয়,চতুর্থ,A,৫৪০° = ৩৬০° + ১৮০°; দ্বিতীয় চতুর্থাংশে।,1
জ্যামিতি ও ত্রিকোণমিতিতে কোণ,137,-৩০০° কোণটি কোন চতুর্থাংশে অবস্থিত?,প্রথম,দ্বিতীয়,তৃতীয়,চতুর্থ,D,-৩০০° = -৩৬০° + ৬০°; চতুর্থ চতুর্থাংশে।,2
জ্যামিতি ও ত্রিকোণমিতিতে কোণ,138,৬০° ১৫' কোণটি রেডিয়ানে কত?,(241π/720) rad,(121π/360) rad,(61π/180) rad,(31π/90) rad,A,60.25° = 60.25 × π/180 = 241π/720 rad।,3
জ্যামিতি ও ত্রিকোণমিতিতে কোণ,139,১২০° কোণটি কোন চতুর্থাংশে অবস্থিত?,প্রথম,দ্বিতীয়,তৃতীয়,চতুর্থ,B,১২০° = ৯০° + ৩০°; দ্বিতীয় চতুর্থাংশে।,1
জ্যামিতি ও ত্রিকোণমিতিতে কোণ,140,-৪৫০° কোণটি কোন চতুর্থাংশে অবস্থিত?,প্রথম,দ্বিতীয়,তৃতীয়,চতুর্থ,A,-৪৫০° = -৩৬০° - ৯০°; প্রথম চতুর্থাংশে।,2
জ্যামিতি ও ত্রিকোণমিতিতে কোণ,141,৭২° ৩০' কোণটি রেডিয়ানে কত?,(145π/360) rad,(73π/180) rad,(29π/72) rad,(5π/12) rad,A,72.5° = 72.5 × π/180 = 145π/360 rad।,3
জ্যামিতি ও ত্রিকোণমিতিতে কোণ,142,একটি চাকার পরিধি ৪.৪ মি.; ২০০ বিপ্লবে কত দূরত্ব অতিক্রম করে?,৮৮০ মি.,৪৪০ মি.,১৭৬০ মি.,২২০ মি.,A,দূরত্ব = 200 × 4.4 = 880 মি.।,4
জ্যামিতি ও ত্রিকোণমিতিতে কোণ,143,৩৬০° কোণটি কোন চতুর্থাংশে অবস্থিত?,প্রথম,দ্বিতীয়,তৃতীয়,চতুর্থ,A,৩৬০° = পূর্ণ ঘূর্ণন; প্রথম চতুর্থাংশে।,5
জ্যামিতি ও ত্রিকোণমিতিতে কোণ,144,১৬৮০° কোণটি কোন চতুর্থাংশে অবস্থিত?,প্রথম,দ্বিতীয়,তৃতীয়,চতুর্থ,A,১৬৮০° = ৪ × ৩৬০° + ২৪০°; তৃতীয় চতুর্থাংশে।,6
জ্যামিতি ও ত্রিকোণমিতিতে কোণ,145,পৃথিবীর ব্যাসার্ধ ৬৪৪০ কি.মি.; ৬° চাপ কত কি.মি. দূরত্ব?,৬৭৩.৮ কি.মি.,৩৩৬.৯ কি.মি.,১৩৪৭.৬ কি.মি.,১৬৮.৪ কি.মি.,A,s = 6440 × 6 × π/180 ≈ 673.8 কি.মি.।,7
জ্যামিতি ও ত্রিকোণমিতিতে কোণ,146,১৮ সে.মি. চাপ এবং ৬ সে.মি. ব্যাসার্ধে কেন্দ্রীয় কোণ কত?,3 rad,6 rad,9 rad,12 rad,A,θ = s/r = 18/6 = 3 rad।,8
জ্যামিতি ও ত্রিকোণমিতিতে কোণ,147,একটি চাকার ব্যাস ১.১২ মি.; ৮ বিপ্লব/সেকেন্ডে গতি কত?,২৮.১৬ মি./সে.,১৪.০৮ মি./সে.,৫৬.৩২ মি./সে.,৭.০৪ মি./সে.,A,পরিধি = π × 1.12; গতি = 8 × π × 1.12 ≈ 28.16 মি./সে.।,9
জ্যামিতি ও ত্রিকোণমিতিতে কোণ,148,১৩৫° কোণটি কোন রেখার সাথে মিলে যায়?,X'OX,Y'OY,কোনটিই নয়,উভয়,C,১৩৫° দ্বিতীয় চতুর্থাংশে; কোনো অক্ষের সাথে মিলে না।,10
জ্যামিতি ও ত্রিকোণমিতিতে কোণ,149,৩০০° ৪৫' কোণটি রেডিয়ানে কত?,(1201π/720) rad,(601π/360) rad,(301π/180) rad,(151π/90) rad,A,300.75° = 300.75 × π/180 = 1201π/720 rad।,1
জ্যামিতি ও ত্রিকোণমিতিতে কোণ,150,-১২০° কোণটি কোন চতুর্থাংশে অবস্থিত?,প্রথম,দ্বিতীয়,তৃতীয়,চতুর্থ,D,-১২০° ঘড়ির কাটার দিকে চতুর্থ চতুর্থাংশে।,2
জ্যামিতি ও ত্রিকোণমিতিতে কোণ,151,৪৫° ৪৫' কোণটি রেডিয়ানে কত?,(181π/720) rad,(91π/360) rad,(46π/180) rad,(15π/60) rad,A,45.75° = 45.75 × π/180 = 181π/720 rad।,3
জ্যামিতি ও ত্রিকোণমিতিতে কোণ,152,৭২০° কোণটি কোন চতুর্থাংশে অবস্থিত?,প্রথম,দ্বিতীয়,তৃতীয়,চতুর্থ,A,৭২০° = ২ × ৩৬০°; প্রথম চতুর্থাংশে।,4
জ্যামিতি ও ত্রিকোণমিতিতে কোণ,153,২৭০° ৩০' কোণটি রেডিয়ানে কত?,(1081π/720) rad,(541π/360) rad,(271π/180) rad,(811π/540) rad,A,270.5° = 270.5 × π/180 = 1081π/720 rad।,5
জ্যামিতি ও ত্রিকোণমিতিতে কোণ,154,-৭২০° কোণটি কোন চতুর্থাংশে অবস্থিত?,প্রথম,দ্বিতীয়,তৃতীয়,চতুর্থ,A,-৭২০° = -২ × ৩৬০°; প্রথম চতুর্থাংশে।,6
জ্যামিতি ও ত্রিকোণমিতিতে কোণ,155,৩০ সে.মি. চাপ এবং ১০ সে.মি. ব্যাসার্ধে কেন্দ্রীয় কোণ কত?,3 rad,6 rad,15 rad,30 rad,A,θ = s/r = 30/10 = 3 rad।,7
জ্যামিতি ও ত্রিকোণমিতিতে কোণ,156,একটি চাকার ব্যাসার্ধ ০.৭ মি.; ১২ বিপ্লব/সেকেন্ডে গতি কত?,২৬.৪ মি./সে.,১৩.২ মি./সে.,৫২.৮ মি./সে.,৮.৮ মি./সে.,A,পরিধি = 2π × 0.7; গতি = 12 × 2π × 0.7 ≈ 26.4 মি./সে.।,8
জ্যামিতি ও ত্রিকোণমিতিতে কোণ,157,৬০০° কোণটি কোন চতুর্থাংশে অবস্থিত?,প্রথম,দ্বিতীয়,তৃতীয়,চতুর্থ,A,৬০০° = ৩৬০° + ২৪০°; তৃতীয় চতুর্থাংশে।,9
জ্যামিতি ও ত্রিকোণমিতিতে কোণ,158,৩৬° ১৫' কোণটি রেডিয়ানে কত?,(145π/720) rad,(73π/360) rad,(37π/180) rad,(11π/60) rad,A,36.25° = 36.25 × π/180 = 145π/720 rad।,10
জ্যামিতি ও ত্রিকোণমিতিতে কোণ,159,৩৬০° ৩০' কোণটি রেডিয়ানে কত?,(1441π/720) rad,(721π/360) rad,(361π/180) rad,(541π/360) rad,A,360.5° = 360.5 × π/180 = 1441π/720 rad।,1
জ্যামিতি ও ত্রিকোণমিতিতে কোণ,160,-২৪০° কোণটি কোন চতুর্থাংশে অবস্থিত?,প্রথম,দ্বিতীয়,তৃতীয়,চতুর্থ,C,-২৪০° ঘড়ির কাটার দিকে তৃতীয় চতুর্থাংশে।,2
জ্যামিতি ও ত্রিকোণমিতিতে কোণ,161,৪৮° ৪৫' কোণটি রেডিয়ানে কত?,(195π/720) rad,(97π/360) rad,(49π/180) rad,(13π/60) rad,A,48.75° = 48.75 × π/180 = 195π/720 rad।,3
জ্যামিতি ও ত্রিকোণমিতিতে কোণ,162,৪৮০° কোণটি কোন চতুর্থাংশে অবস্থিত?,প্রথম,দ্বিতীয়,তৃতীয়,চতুর্থ,A,৪৮০° = ৩৬০° + ১২০°; দ্বিতীয় চতুর্থাংশে।,4
জ্যামিতি ও ত্রিকোণমিতিতে কোণ,163,পৃথিবীর ব্যাসার্ধ ৬৪৪০ কি.মি.; ২° চাপ কত কি.মি. দূরত্ব?,২২৪.৬ কি.মি.,১১২.৩ কি.মি.,৪৪৯.২ কি.মি.,৮৯৮.৪ কি.মি.,A,s = 6440 × 2 × π/180 ≈ 224.6 কি.মি.।,5
জ্যামিতি ও ত্রিকোণমিতিতে কোণ,164,২০ সে.মি. চাপ এবং ৪ সে.মি. ব্যাসার্ধে কেন্দ্রীয় কোণ কত?,5 rad,10 rad,2.5 rad,20 rad,A,θ = s/r = 20/4 = 5 rad।,6
জ্যামিতি ও ত্রিকোণমিতিতে কোণ,165,একটি চাকার ব্যাসার্ধ ০.২৮ মি.; ২০০০ বিপ্লবে কত দূরত্ব অতিক্রম করে?,৩৫২০ মি.,১৭৬০ মি.,৭০৪০ মি.,৮৮০ মি.,A,পরিধি = 2π × 0.28; 2000 × 2π × 0.28 ≈ 3520 মি.।,7
জ্যামিতি ও ত্রিকোণমিতিতে কোণ,166,৪৫০° কোণটি কোন রেখার সাথে মিলে যায়?,X'OX,Y'OY,কোনটিই নয়,উভয়,B,৪৫০° = ৩৬০° + ৯০°; Y'OY রেখায় মিলে।,8
জ্যামিতি ও ত্রিকোণমিতিতে কোণ,167,৯০° ১৫' কোণটি রেডিয়ানে কত?,(361π/720) rad,(181π/360) rad,(91π/180) rad,(271π/540) rad,A,90.25° = 90.25 × π/180 = 361π/720 rad।,9
ত্রিকোণমিতিক অনুপাত,168,যদি sin θ = 12/13 হয় তবে cos θ কত?,5/13,12/13,13/12,13/5,A,sin²θ + cos²θ = 1; cos θ = √(1 - 144/169) = 5/13।,1
ত্রিকোণমিতিক অনুপাত,169,যদি cos θ = 3/5 হয় তবে tan θ কত?,4/3,3/4,5/4,4/5,A,sin θ = 4/5; tan θ = sin θ/cos θ = 4/3।,2
ত্রিকোণমিতিক অনুপাত,170,যদি tan θ = -4/3 এবং cos θ ধনাত্মক হয় তবে sin θ কত?,4/5,-4/5,3/5,-3/5,B,tan θ = -4/3; sin θ = -4/5 (চতুর্থ চতুর্থাংশ)।,3
ত্রিকোণমিতিক অনুপাত,171,যদি cosec θ = 13/12 হয় তবে cot θ কত?,5/12,12/5,13/5,5/13,A,cosec²θ = 1 + cot²θ; cot²θ = 169/144 - 1 = 25/144; cot θ = 5/12।,4
ত্রিকোণমিতিক অনুপাত,172,যদি sec θ = 5/3 হয় তবে sin θ কত?,4/5,3/5,4/3,3/4,A,sec θ = 1/cos θ; cos θ = 3/5; sin θ = √(1 - 9/25) = 4/5।,5
ত্রিকোণমিতিক অনুপাত,173,যদি sin θ = -5/13 এবং π < θ < 3π/2 হয় তবে cos θ কত?,-12/13,12/13,-5/13,5/13,A,sin²θ + cos²θ = 1; cos θ = -√(1 - 25/169) = -12/13।,6
ত্রিকোণমিতিক অনুপাত,174,যদি cot θ = 3/4 এবং sin θ ধনাত্মক হয় তবে cos θ কত?,4/5,-4/5,3/5,-3/5,A,cot θ = 3/4; cos θ = 4/5 (প্রথম চতুর্থাংশ)।,7
ত্রিকোণমিতিক অনুপাত,175,যদি sin θ + cos θ = √2 হয় তবে θ কত?,π/4,π/3,π/6,π/2,A,sin θ + cos θ = √2; θ = π/4 সন্তুষ্ট করে।,8
ত্রিকোণমিতিক অনুপাত,176,যদি tan θ = -12/5 এবং cos θ ঋণাত্মক হয় তবে sin θ কত?,-12/13,12/13,-5/13,5/13,A,tan θ = -12/5; sin θ = -12/13 (তৃতীয় চতুর্থাংশ)।,9
ত্রিকোণমিতিক অনুপাত,177,যদি cosec θ = 5/3 হয় তবে tan θ কত?,4/3,3/4,5/4,4/5,A,cosec θ = 5/3; sin θ = 3/5; cos θ = 4/5; tan θ = 4/3।,10
ত্রিকোণমিতিক অনুপাত,178,যদি cos θ = 12/13 হয় তবে sin θ কত?,5/13,12/13,13/12,13/5,A,sin²θ + cos²θ = 1; sin θ = √(1 - 144/169) = 5/13।,1
ত্রিকোণমিতিক অনুপাত,179,যদি sin θ = -3/5 এবং π/2 < θ < π হয় তবে tan θ কত?,-4/3,4/3,-3/4,3/4,A,sin θ = -3/5; cos θ = -4/5; tan θ = (-3)/(-4) = -4/3।,2
ত্রিকোণমিতিক অনুপাত,180,যদি sec θ = 13/5 হয় তবে cot θ কত?,5/12,12/5,5/13,12/13,A,sec θ = 13/5; cos θ = 5/13; sin θ = 12/13; cot θ = 5/12।,3
ত্রিকোণমিতিক অনুপাত,181,যদি tan θ = 1/√3 এবং sin θ ধনাত্মক হয় তবে cos θ কত?,√3/2,1/2,1/√3,√2/2,A,tan θ = 1/√3; cos θ = √3/2 (প্রথম চতুর্থাংশ)।,4
ত্রিকোণমিতিক অনুপাত,182,যদি cosec θ = 2/√3 হয় তবে sin θ কত?,√3/2,2/√3,1/√3,√2/2,A,cosec θ = 1/sin θ; sin θ = √3/2।,5
ত্রিকোণমিতিক অনুপাত,183,যদি sin θ = 4/5 এবং cos θ ধনাত্মক হয় তবে sec θ কত?,5/4,4/5,5/3,3/5,A,cos θ = 3/5; sec θ = 1/cos θ = 5/4।,6
ত্রিকোণমিতিক অনুপাত,184,যদি cot θ = -4/3 এবং cos θ ঋণাত্মক হয় তবে sin θ কত?,-4/5,4/5,-3/5,3/5,A,cot θ = -4/3; sin θ = -4/5 (তৃতীয় চতুর্থাংশ)।,7
ত্রিকোণমিতিক অনুপাত,185,যদি sin θ - cos θ = √2 sin θ হয় তবে cos θ + sin θ কত?,√2 cos θ,√2 sin θ,-√2 cos θ,-√2 sin θ,A,sin θ - cos θ = √2 sin θ; cos θ + sin θ = √2 cos θ।,8
ত্রিকোণমিতিক অনুপাত,186,যদি sec θ = 5/4 হয় তবে cosec θ কত?,5/3,3/5,4/3,5/4,A,sec θ = 5/4; cos θ = 4/5; sin θ = 3/5; cosec θ = 5/3।,9
ত্রিকোণমিতিক অনুপাত,187,যদি tan θ = -3/4 এবং sin θ ধনাত্মক হয় তবে cos θ কত?,-4/5,4/5,-3/5,3/5,A,tan θ = -3/4; cos θ = -4/5 (দ্বিতীয় চতুর্থাংশ)।,10
ত্রিকোণমিতিক অনুপাত,188,যদি sin θ = 3/5 হয় তবে sec θ কত?,5/4,4/5,5/3,3/5,A,sin θ = 3/5; cos θ = 4/5; sec θ = 1/cos θ = 5/4।,1
ত্রিকোণমিতিক অনুপাত,189,যদি cos θ = -5/13 এবং π/2 < θ < π হয় তবে sin θ কত?,12/13,-12/13,5/13,-5/13,A,cos θ = -5/13; sin θ = √(1 - 25/169) = 12/13।,2
ত্রিকোণমিতিক অনুপাত,190,যদি cosec θ = 13/5 হয় তবে cos θ কত?,12/13,5/13,13/12,5/12,A,cosec θ = 13/5; sin θ = 5/13; cos θ = √(1 - 25/169) = 12/13।,3
ত্রিকোণমিতিক অনুপাত,191,যদি tan θ = 5/12 এবং cos θ ধনাত্মক হয় তবে sin θ কত?,5/13,12/13,5/12,12/5,A,tan θ = 5/12; sin θ = 5/13 (প্রথম চতুর্থাংশ)।,4
ত্রিকোণমিতিক অনুপাত,192,যদি sec θ = 2 হয় তবে tan²θ কত?,1,2,3,4,A,sec²θ = 1 + tan²θ; tan²θ = 4 - 1 = 1।,5
ত্রিকোণমিতিক অনুপাত,193,যদি sin θ = -12/13 এবং π < θ < 3π/2 হয় তবে tan θ কত?,12/5,-12/5,5/12,-5/12,A,sin θ = -12/13; cos θ = -5/13; tan θ = (-12)/(-5) = 12/5।,6
ত্রিকোণমিতিক অনুপাত,194,যদি cot θ = 5/12 এবং sin θ ধনাত্মক হয় তবে cosec θ কত?,13/5,5/13,12/5,5/12,A,cot θ = 5/12; cosec θ = 13/5 (প্রথম চতুর্থাংশ)।,7
ত্রিকোণমিতিক অনুপাত,195,যদি sin θ + cos θ = 1 হয় তবে θ কত?,0,π/2,π,3π/2,D,sin θ + cos θ = 1; θ = 3π/2 সন্তুষ্ট করে।,8
ত্রিকোণমিতিক অনুপাত,196,যদি cos θ = 4/5 এবং sin θ ধনাত্মক হয় তবে cot θ কত?,4/3,3/4,5/4,4/5,A,sin θ = 3/5; cot θ = cos θ/sin θ = 4/3।,9
ত্রিকোণমিতিক অনুপাত,197,যদি tan θ = -1/√3 এবং cos θ ঋণাত্মক হয় তবে sin θ কত?,-1/2,1/2,-√3/2,√3/2,A,tan θ = -1/√3; sin θ = -1/2 (তৃতীয় চতুর্থাংশ)।,10
ত্রিকোণমিতিক অনুপাত,198,যদি sin θ = 5/13 হয় তবে cot θ কত?,12/5,5/12,13/5,5/13,A,sin θ = 5/13; cos θ = 12/13; cot θ = 12/5।,1
ত্রিকোণমিতিক অনুপাত,199,যদি cos θ = -3/5 এবং π < θ < 3π/2 হয় তবে sin θ কত?,-4/5,4/5,-3/5,3/5,A,cos θ = -3/5; sin θ = -√(1 - 9/25) = -4/5।,2
ত্রিকোণমিতিক অনুপাত,200,যদি sec θ = 13/12 হয় তবে sin θ কত?,5/13,12/13,13/12,12/5,A,sec θ = 13/12; cos θ = 12/13; sin θ = √(1 - 144/169) = 5/13।,3
ত্রিকোণমিতিক অনুপাত,201,যদি tan θ = 3/4 এবং sin θ ঋণাত্মক হয় তবে cos θ কত?,-4/5,4/5,-3/5,3/5,A,tan θ = 3/4; cos θ = -4/5 (তৃতীয় চতুর্থাংশ)।,4
ত্রিকোণমিতিক অনুপাত,202,যদি cosec θ = √2 হয় তবে cos θ কত?,1/√2,√2/2,1/2,√3/2,A,cosec θ = √2; sin θ = 1/√2; cos θ = √(1 - 1/2) = 1/√2।,5
ত্রিকোণমিতিক অনুপাত,203,যদি sin θ = -4/5 এবং π/2 < θ < π হয় তবে cot θ কত?,-4/3,4/3,-3/4,3/4,A,sin θ = -4/5; cos θ = -3/5; cot θ = (-3)/(-4) = -4/3।,6
ত্রিকোণমিতিক অনুপাত,204,যদি sec θ = √5 হয় তবে tan θ কত?,2,√5,1/2,√5/2,A,sec²θ = 1 + tan²θ; tan²θ = 5 - 1 = 4; tan θ = 2।,7
ত্রিকোণমিতিক অনুপাত,205,যদি sin θ = 1/2 এবং cos θ ধনাত্মক হয় তবে tan θ কত?,1/√3,√3,1/2,√2,A,sin θ = 1/2; cos θ = √3/2; tan θ = 1/√3।,8
ত্রিকোণমিতিক অনুপাত,206,যদি cot θ = -12/5 এবং cos θ ধনাত্মক হয় তবে sin θ কত?,12/13,-12/13,5/13,-5/13,B,cot θ = -12/5; sin θ = -12/13 (চতুর্থ চতুর্থাংশ)।,9
ত্রিকোণমিতিক অনুপাত,207,যদি cos θ + sin θ = √2 cos θ হয় তবে tan θ কত?,1,-1,√2,-√2,A,cos θ + sin θ = √2 cos θ; sin θ/cos θ = 1; tan θ = 1।,10
বিভিন্ন কোণের ত্রিকোণমিতিক অনুপাত,208,sin (π/4) এর মান কত?,1/√2,√3/2,1/2,0,A,π/4 = 45°; sin 45° = 1/√2।,1
বিভিন্ন কোণের ত্রিকোণমিতিক অনুপাত,209,cos (π - π/6) এর মান কত?,√3/2,-√3/2,1/2,-1/2,B,cos (π - θ) = -cos θ; cos (π/6) = √3/2।,2
বিভিন্ন কোণের ত্রিকোণমিতিক অনুপাত,210,tan (3π/2 - π/4) এর মান কত?,1,-1,√2,-√2,A,tan (3π/2 - θ) = cot θ; cot (π/4) = 1।,3
বিভিন্ন কোণের ত্রিকোণমিতিক অনুপাত,211,sin (7π/4) এর মান কত?,1/√2,-1/√2,1/2,-1/2,B,sin (2π - π/4) = -sin (π/4) = -1/√2।,4
বিভিন্ন কোণের ত্রিকোণমিতিক অনুপাত,212,cos (π/2 - π/3) এর মান কত?,√3/2,1/2,1/√2,-1/2,B,cos (π/2 - θ) = sin θ; sin (π/3) = √3/2।,5
বিভিন্ন কোণের ত্রিকোণমিতিক অনুপাত,213,tan (2π + π/6) এর মান কত?,1/√3,-1/√3,√3,-√3,A,tan (2π + θ) = tan θ; tan (π/6) = 1/√3।,6
বিভিন্ন কোণের ত্রিকোণমিতিক অনুপাত,214,sec (5π/6) এর মান কত?,2,-2,2/√3,-2/√3,D,sec (π - π/6) = -sec (π/6); sec (π/6) = 2/√3।,7
বিভিন্ন কোণের ত্রিকোণমিতিক অনুপাত,215,cosec (11π/6) এর মান কত?,2,-2,2/√3,-2/√3,B,cosec (2π - π/6) = -cosec (π/6); cosec (π/6) = 2।,8
বিভিন্ন কোণের ত্রিকোণমিতিক অনুপাত,216,cot (7π/4) এর মান কত?,1,-1,√2,-√2,A,cot (2π - π/4) = cot (π/4) = 1।,9
বিভিন্ন কোণের ত্রিকোণমিতিক অনুপাত,217,sin (17π/6) এর মান কত?,1/2,-1/2,√3/2,-√3/2,B,sin (2π + 5π/6) = -sin (π/6) = -1/2।,10
বিভিন্ন কোণের ত্রিকোণমিতিক অনুপাত,218,cos (-π/3) এর মান কত?,1/2,-1/2,√3/2,-√3/2,A,cos (-θ) = cos θ; cos (π/3) = 1/2।,1
বিভিন্ন কোণের ত্রিকোণমিতিক অনুপাত,219,tan (7π/6) এর মান কত?,1/√3,-1/√3,√3,-√3,A,tan (π + π/6) = tan (π/6) = 1/√3।,2
বিভিন্ন কোণের ত্রিকোণমিতিক অনুপাত,220,sin (π/2 + π/4) এর মান কত?,1/√2,-1/√2,1/2,-1/2,A,sin (π/2 + θ) = cos θ; cos (π/4) = 1/√2।,3
বিভিন্ন কোণের ত্রিকোণমিতিক অনুপাত,221,cos (11π/4) এর মান কত?,1/√2,-1/√2,1/2,-1/2,B,cos (2π + 3π/4) = -cos (π/4) = -1/√2।,4
বিভিন্ন কোণের ত্রিকোণমিতিক অনুপাত,222,tan (5π/2 - π/6) এর মান কত?,√3,-√3,1/√3,-1/√3,A,tan (5π/2 - θ) = cot θ; cot (π/6) = √3।,5
বিভিন্ন কোণের ত্রিকোণমিতিক অনুপাত,223,sec (3π/2 + π/4) এর মান কত?,√2,-√2,2,-2,A,sec (3π/2 + θ) = -cosec θ; cosec (π/4) = √2।,6
বিভিন্ন কোণের ত্রিকোণমিতিক অনুপাত,224,cosec (π - π/3) এর মান কত?,2/√3,-2/√3,2,-2,A,cosec (π - θ) = cosec θ; cosec (π/3) = 2/√3।,7
বিভিন্ন কোণের ত্রিকোণমিতিক অনুপাত,225,cot (-π/6) এর মান কত?,√3,-√3,1/√3,-1/√3,B,cot (-θ) = -cot θ; cot (π/6) = √3।,8
বিভিন্ন কোণের ত্রিকোণমিতিক অনুপাত,226,sin (13π/4) এর মান কত?,1/√2,-1/√2,1/2,-1/2,A,sin (3π + π/4) = sin (π/4) = 1/√2।,9
বিভিন্ন কোণের ত্রিকোণমিতিক অনুপাত,227,cos (15π/6) এর মান কত?,1/2,-1/2,√3/2,-√3/2,A,cos (2π + π/6) = cos (π/6) = √3/2।,10
বিভিন্ন কোণের ত্রিকোণমিতিক অনুপাত,228,tan (π/3) এর মান কত?,√3,-√3,1/√3,-1/√3,A,π/3 = 60°; tan 60° = √3।,1
বিভিন্ন কোণের ত্রিকোণমিতিক অনুপাত,229,sin (π - π/4) এর মান কত?,1/√2,-1/√2,1/2,-1/2,A,sin (π - θ) = sin θ; sin (π/4) = 1/√2।,2
বিভিন্ন কোণের ত্রিকোণমিতিক অনুপাত,230,cos (3π/4) এর মান কত?,1/√2,-1/√2,1/2,-1/2,B,cos (π - π/4) = -cos (π/4) = -1/√2।,3
বিভিন্ন কোণের ত্রিকোণমিতিক অনুপাত,231,tan (π/2 - π/6) এর মান কত?,√3,-√3,1/√3,-1/√3,A,tan (π/2 - θ) = cot θ; cot (π/6) = √3।,4
বিভিন্ন কোণের ত্রিকোণমিতিক অনুপাত,232,sin (-π/6) এর মান কত?,1/2,-1/2,√3/2,-√3/2,B,sin (-θ) = -sin θ; sin (π/6) = 1/2।,5
বিভিন্ন কোণের ত্রিকোণমিতিক অনুপাত,233,cos (7π/2 - π/4) এর মান কত?,1/√2,-1/√2,1/2,-1/2,A,cos (7π/2 - θ) = -sin θ; sin (π/4) = -1/√2।,6
বিভিন্ন কোণের ত্রিকোণমিতিক অনুপাত,234,sec (π/3) এর মান কত?,2,-2,2/√3,-2/√3,A,sec (π/3) = 1/cos (π/3); cos (π/3) = 1/2।,7
বিভিন্ন কোণের ত্রিকোণমিতিক অনুপাত,235,cosec (5π/4) এর মান কত?,√2,-√2,2,-2,B,cosec (π + π/4) = -cosec (π/4); cosec (π/4) = √2।,8
বিভিন্ন কোণের ত্রিকোণমিতিক অনুপাত,236,cot (11π/6) এর মান কত?,√3,-√3,1/√3,-1/√3,B,cot (2π - π/6) = -cot (π/6) = -√3।,9
বিভিন্ন কোণের ত্রিকোণমিতিক অনুপাত,237,sin (3π/2 - π/3) এর মান কত?,1/2,-1/2,√3/2,-√3/2,B,sin (3π/2 - θ) = -cos θ; cos (π/3) = 1/2।,10
বিভিন্ন কোণের ত্রিকোণমিতিক অনুপাত,238,cos (π/6) এর মান কত?,√3/2,-√3/2,1/2,-1/2,A,π/6 = 30°; cos 30° = √3/2।,1
বিভিন্ন কোণের ত্রিকোণমিতিক অনুপাত,239,tan (5π/4) এর মান কত?,1,-1,√2,-√2,A,tan (π + π/4) = tan (π/4) = 1।,2
বিভিন্ন কোণের ত্রিকোণমিতিক অনুপাত,240,sin (9π/2 + π/6) এর মান কত?,1/2,-1/2,√3/2,-√3/2,A,sin (9π/2 + θ) = cos θ; cos (π/6) = √3/2।,3
বিভিন্ন কোণের ত্রিকোণমিতিক অনুপাত,241,cos (13π/6) এর মান কত?,√3/2,-√3/2,1/2,-1/2,A,cos (2π + π/6) = cos (π/6) = √3/2।,4
বিভিন্ন কোণের ত্রিকোণমিতিক অনুপাত,242,tan (-π/3) এর মান কত?,√3,-√3,1/√3,-1/√3,B,tan (-θ) = -tan θ; tan (π/3) = √3।,5
বিভিন্ন কোণের ত্রিকোণমিতিক অনুপাত,243,sec (7π/4) এর মান কত?,√2,-√2,2,-2,A,sec (2π - π/4) = sec (π/4) = √2।,6
বিভিন্ন কোণের ত্রিকোণমিতিক অনুপাত,244,cosec (-π/3) এর মান কত?,2/√3,-2/√3,2,-2,B,cosec (-θ) = -cosec θ; cosec (π/3) = 2/√3।,7
বিভিন্ন কোণের ত্রিকোণমিতিক অনুপাত,245,sin (19π/4) এর মান কত?,1/√2,-1/√2,1/2,-1/2,B,sin (4π + 3π/4) = -sin (π/4) = -1/√2।,8
বিভিন্ন কোণের ত্রিকোণমিতিক অনুপাত,246,cot (π/2 + π/4) এর মান কত?,1,-1,√2,-√2,B,cot (π/2 + θ) = -tan θ; tan (π/4) = 1।,9
বিভিন্ন কোণের ত্রিকোণমিতিক অনুপাত,247,cos (17π/6) এর মান কত?,√3/2,-√3/2,1/2,-1/2,B,cos (2π + 5π/6) = -cos (π/6) = -√3/2।,10
বিভিন্ন কোণের ত্রিকোণমিতিক অনুপাত,248,sin (5π/3) এর মান কত?,√3/2,-√3/2,1/2,-1/2,B,sin (2π - π/3) = -sin (π/3) = -√3/2।,1
বিভিন্ন কোণের ত্রিকোণমিতিক অনুপাত,249,cos (π/2 + π/6) এর মান কত?,√3/2,-√3/2,1/2,-1/2,B,cos (π/2 + θ) = -sin θ; sin (π/6) = 1/2।,2
বিভিন্ন কোণের ত্রিকোণমিতিক অনুপাত,250,tan (11π/4) এর মান কত?,1,-1,√2,-√2,B,tan (2π + 3π/4) = -tan (π/4) = -1।,3
জ্যামিতি ও ত্রিকোণমিতিতে কোণ,251,২১০° কোণটি কোন চতুর্থাংশে অবস্থিত?,প্রথম,দ্বিতীয়,তৃতীয়,চতুর্থ,C,২১০° = ১৮০° + ৩০°; ঘড়ির কাটার বিপরীত দিকে তৃতীয় চতুর্থাংশে।,1
জ্যামিতি ও ত্রিকোণমিতিতে কোণ,252,-২১০° কোণটি কোন চতুর্থাংশে অবস্থিত?,প্রথম,দ্বিতীয়,তৃতীয়,চতুর্থ,C,-২১০° ঘড়ির কাটার দিকে তৃতীয় চতুর্থাংশে।,1
জ্যামিতি ও ত্রিকোণমিতিতে কোণ,253,৩৩০° কোণটি কোন চতুর্থাংশে অবস্থিত?,প্রথম,দ্বিতীয়,তৃতীয়,চতুর্থ,D,৩৩০° = ৩৬০° - ৩০°; ঘড়ির কাটার বিপরীত দিকে চতুর্থ চতুর্থাংশে।,1
জ্যামিতি ও ত্রিকোণমিতিতে কোণ,254,৪৫° ৩০' কোণটি রেডিয়ানে কত?,(91π/360) rad,(181π/720) rad,(45π/180) rad,(15π/60) rad,B,45.5° = 45.5 × π/180 = 181π/720 rad।,2
জ্যামিতি ও ত্রিকোণমিতিতে কোণ,255,৩ রেডিয়ান কত ডিগ্রিতে সমান?,171° 53' 15'',170° 45' 30'',172° 15' 20'',171° 30' 40'',A,3 rad = 3 × 180/π ≈ 171.88734° ≈ 171° 53' 15''।,2
জ্যামিতি ও ত্রিকোণমিতিতে কোণ,256,১৩৫° ৪৫' কোণটি রেডিয়ানে কত?,(541π/720) rad,(271π/360) rad,(136π/180) rad,(121π/180) rad,A,135.75° = 135.75 × π/180 = 541π/720 rad।,3
জ্যামিতি ও ত্রিকোণমিতিতে কোণ,257,-৬৩০° কোণটি কোন চতুর্থাংশে অবস্থিত?,প্রথম,দ্বিতীয়,তৃতীয়,চতুর্থ,D,-৬৩০° = -২ × ৩৬০° + ৯০°; চতুর্থ চতুর্থাংশে।,3
জ্যামিতি ও ত্রিকোণমিতিতে কোণ,258,একটি বৃত্তের ব্যাসার্ধ ১০ সে.মি.; ১৫ সে.মি. চাপ কেন্দ্রে কত রেডিয়ান কোণ উৎপন্ন করে?,3/2 rad,2/3 rad,15/10 rad,10/15 rad,A,s = rθ; θ = s/r = 15/10 = 3/2 rad।,4
জ্যামিতি ও ত্রিকোণমিতিতে কোণ,259,পৃথিবীর ব্যাসার্ধ ৬৪০০ কি.মি.; ৩° চাপ কত কি.মি. দূরত্ব উৎপন্ন করে?,৩৩৫.১ কি.মি.,১৬৭.৬ কি.মি.,৬৭০.২ কি.মি.,৮৩.৮ কি.মি.,A,s = 6400 × 3 × π/180 ≈ 335.1 কি.মি.।,4
জ্যামিতি ও ত্রিকোণমিতিতে কোণ,260,একটি চাকার ব্যাসার্ধ ০.৩৫ মি.; ১২০০ বিপ্লবে কত দূরত্ব অতিক্রম করে?,২৬৪০ মি.,১৩২০ মি.,৫২৮০ মি.,৮৮০ মি.,A,পরিধি = 2π × 0.35; 1200 × 2π × 0.35 ≈ 2640 মি.।,5
জ্যামিতি ও ত্রিকোণমিতিতে কোণ,261,৬৩০° কোণটি কোন চতুর্থাংশে অবস্থিত?,প্রথম,দ্বিতীয়,তৃতীয়,চতুর্থ,D,৬৩০° = ৩৬০° + ২৭০°; চতুর্থ চতুর্থাংশে।,5
জ্যামিতি ও ত্রিকোণমিতিতে কোণ,262,১৮০° ১৫' কোণটি রেডিয়ানে কত?,(721π/720) rad,(361π/360) rad,(181π/180) rad,(541π/540) rad,A,180.25° = 180.25 × π/180 = 721π/720 rad।,6
জ্যামিতি ও ত্রিকোণমিতিতে কোণ,263,একটি চাকার ব্যাস ০.৭ মি.; ১০ বিপ্লব/সেকেন্ডে গতি কত?,২২ মি./সে.,১১ মি./সে.,৪৪ মি./সে.,৫.৫ মি./সে.,A,পরিধি = π × 0.7; গতি = 10 × π × 0.7 ≈ 22 মি./সে.।,6
জ্যামিতি ও ত্রিকোণমিতিতে কোণ,264,৭২০° ৩০' কোণটি রেডিয়ানে কত?,(2881π/720) rad,(1441π/360) rad,(721π/180) rad,(541π/360) rad,A,720.5° = 720.5 × π/180 = 2881π/720 rad।,7
জ্যামিতি ও ত্রিকোণমিতিতে কোণ,265,১২ সে.মি. চাপ এবং ৩ সে.মি. ব্যাসার্ধে কেন্দ্রীয় কোণ কত?,4 rad,3 rad,6 rad,12 rad,A,θ = s/r = 12/3 = 4 rad।,7
জ্যামিতি ও ত্রিকোণমিতিতে কোণ,266,-৩৩০° কোণটি কোন চতুর্থাংশে অবস্থিত?,প্রথম,দ্বিতীয়,তৃতীয়,চতুর্থ,A,-৩৩০° = -৩৬০° + ৩০°; প্রথম চতুর্থাংশে।,8
জ্যামিতি ও ত্রিকোণমিতিতে কোণ,267,৩৬° ৩০' কোণটি রেডিয়ানে কত?,(73π/360) rad,(146π/720) rad,(37π/180) rad,(11π/60) rad,A,36.5° = 36.5 × π/180 = 73π/360 rad।,8
জ্যামিতি ও ত্রিকোণমিতিতে কোণ,268,৯০০° কোণটি কোন রেখার সাথে মিলে যায়?,X'OX,Y'OY,কোনটিই নয়,উভয়,B,৯০০° = ২ × ৩৬০° + ১৮০°; Y'OY রেখায় মিলে।,9
জ্যামিতি ও ত্রিকোণমিতিতে কোণ,269,পৃথিবীর ব্যাসার্ধ ৬৪০০ কি.মি.; ১.৫° চাপ কত কি.মি. দূরত্ব?,১৬৭.৬ কি.মি.,৩৩৫.১ কি.মি.,৮৩.৮ কি.মি.,৬৭০.২ কি.মি.,A,s = 6400 × 1.5 × π/180 ≈ 167.6 কি.মি.।,9
জ্যামিতি ও ত্রিকোণমিতিতে কোণ,270,১০৮০° কোণটি কোন চতুর্থাংশে অবস্থিত?,প্রথম,দ্বিতীয়,তৃতীয়,চতুর্থ,A,১০৮০° = ৩ × ৩৬০°; প্রথম চতুর্থাংশে।,10
জ্যামিতি ও ত্রিকোণমিতিতে কোণ,271,১৫০° ৩০' কোণটি রেডিয়ানে কত?,(601π/720) rad,(301π/360) rad,(151π/180) rad,(121π/180) rad,A,150.5° = 150.5 × π/180 = 601π/720 rad।,1
জ্যামিতি ও ত্রিকোণমিতিতে কোণ,272,-১৫০° কোণটি কোন চতুর্থাংশে অবস্থিত?,প্রথম,দ্বিতীয়,তৃতীয়,চতুর্থ,C,-১৫০° ঘড়ির কাটার দিকে তৃতীয় চতুর্থাংশে।,1
জ্যামিতি ও ত্রিকোণমিতিতে কোণ,273,৩০° ৪৫' কোণটি রেডিয়ানে কত?,(121π/480) rad,(61π/240) rad,(31π/120) rad,(15π/60) rad,B,30.75° = 30.75 × π/180 = 61π/240 rad।,2
জ্যামিতি ও ত্রিকোণমিতিতে কোণ,274,৬০০° কোণটি কোন চতুর্থাংশে অবস্থিত?,প্রথম,দ্বিতীয়,তৃতীয়,চতুর্থ,C,৬০০° = ৩৬০° + ২৪০°; তৃতীয় চতুর্থাংশে।,2
জ্যামিতি ও ত্রিকোণমিতিতে কোণ,275,একটি চাকার পরিধি ৩.১৪ মি.; ৩০০ বিপ্লবে কত দূরত্ব অতিক্রম করে?,৯৪২ মি.,৪৭১ মি.,১৮৮৪ মি.,২৩৫.৫ মি.,A,দূরত্ব = 300 × 3.14 = 942 মি.।,3
জ্যামিতি ও ত্রিকোণমিতিতে কোণ,276,৩৬০° ৪৫' কোণটি রেডিয়ানে কত?,(1441π/720) rad,(721π/360) rad,(361π/180) rad,(541π/360) rad,A,360.75° = 360.75 × π/180 = 1441π/720 rad।,3
জ্যামিতি ও ত্রিকোণমিতিতে কোণ,277,-৯০০° কোণটি কোন চতুর্থাংশে অবস্থিত?,প্রথম,দ্বিতীয়,তৃতীয়,চতুর্থ,D,-৯০০° = -২ × ৩৬০° - ১৮০°; চতুর্থ চতুর্থাংশে।,4
জ্যামিতি ও ত্রিকোণমিতিতে কোণ,278,১৮ সে.মি. চাপ এবং ৯ সে.মি. ব্যাসার্ধে কেন্দ্রীয় কোণ কত?,2 rad,4 rad,9 rad,18 rad,A,θ = s/r = 18/9 = 2 rad।,4
জ্যামিতি ও ত্রিকোণমিতিতে কোণ,279,৪৮০° কোণটি কোন চতুর্থাংশে অবস্থিত?,প্রথম,দ্বিতীয়,তৃতীয়,চতুর্থ,B,৪৮০° = ৩৬০° + ১২০°; দ্বিতীয় চতুর্থাংশে।,5
জ্যামিতি ও ত্রিকোণমিতিতে কোণ,280,১২০° ৩০' কোণটি রেডিয়ানে কত?,(481π/720) rad,(241π/360) rad,(121π/180) rad,(361π/540) rad,A,120.5° = 120.5 × π/180 = 481π/720 rad।,5
জ্যামিতি ও ত্রিকোণমিতিতে কোণ,281,একটি চাকার ব্যাসার্ধ ০.৪২ মি.; ১৫ বিপ্লব/সেকেন্ডে গতি কত?,৩৯.৬ মি./সে.,১৯.৮ মি./সে.,৭৯.২ মি./সে.,৯.৯ মি./সে.,A,পরিধি = 2π × 0.42; গতি = 15 × 2π × 0.42 ≈ 39.6 মি./সে.।,6
জ্যামিতি ও ত্রিকোণমিতিতে কোণ,282,২৪০° ১৫' কোণটি রেডিয়ানে কত?,(961π/720) rad,(481π/360) rad,(241π/180) rad,(721π/540) rad,A,240.25° = 240.25 × π/180 = 961π/720 rad।,6
জ্যামিতি ও ত্রিকোণমিতিতে কোণ,283,-১২০০° কোণটি কোন চতুর্থাংশে অবস্থিত?,প্রথম,দ্বিতীয়,তৃতীয়,চতুর্থ,A,-১২০০° = -৩ × ৩৬০° - ১২০°; প্রথম চতুর্থাংশে।,7
জ্যামিতি ও ত্রিকোণমিতিতে কোণ,284,৪২° ১৫' কোণটি রেডিয়ানে কত?,(169π/720) rad,(85π/360) rad,(43π/180) rad,(13π/60) rad,A,42.25° = 42.25 × π/180 = 169π/720 rad।,7
জ্যামিতি ও ত্রিকোণমিতিতে কোণ,285,পৃথিবীর ব্যাসার্ধ ৬৪০০ কি.মি.; ৪.৫° চাপ কত কি.মি. দূরত্ব?,৫০২.৭ কি.মি.,২৫১.৩ কি.মি.,১০০৫.৪ কি.মি.,১২৫.৬ কি.মি.,A,s = 6400 × 4.5 × π/180 ≈ 502.7 কি.মি.।,8
জ্যামিতি ও ত্রিকোণমিতিতে কোণ,286,২৭ সে.মি. চাপ এবং ৯ সে.মি. ব্যাসার্ধে কেন্দ্রীয় কোণ কত?,3 rad,6 rad,9 rad,27 rad,A,θ = s/r = 27/9 = 3 rad।,8
জ্যামিতি ও ত্রিকোণমিতিতে কোণ,287,৫৪০° কোণটি কোন রেখার সাথে মিলে যায়?,X'OX,Y'OY,কোনটিই নয়,উভয়,B,৫৪০° = ৩৬০° + ১৮০°; Y'OY রেখায় মিলে।,9
জ্যামিতি ও ত্রিকোণমিতিতে কোণ,288,১৫০০° কোণটি কোন চতুর্থাংশে অবস্থিত?,প্রথম,দ্বিতীয়,তৃতীয়,চতুর্থ,A,১৫০০° = ৪ × ৩৬০° + ৬০°; প্রথম চতুর্থাংশে।,9
জ্যামিতি ও ত্রিকোণমিতিতে কোণ,289,৩০০° ১৫' কোণটি রেডিয়ানে কত?,(1201π/720) rad,(601π/360) rad,(301π/180) rad,(151π/90) rad,A,300.25° = 300.25 × π/180 = 1201π/720 rad।,10
জ্যামিতি ও ত্রিকোণমিতিতে কোণ,290,-৪৮০° কোণটি কোন চতুর্থাংশে অবস্থিত?,প্রথম,দ্বিতীয়,তৃতীয়,চতুর্থ,B,-৪৮০° = -৩৬০° - ১২০°; দ্বিতীয় চতুর্থাংশে।,10
জ্যামিতি ও ত্রিকোণমিতিতে কোণ,291,১০৮° ৩০' কোণটি রেডিয়ানে কত?,(433π/720) rad,(217π/360) rad,(109π/180) rad,(325π/540) rad,A,108.5° = 108.5 × π/180 = 433π/720 rad।,1
জ্যামিতি ও ত্রিকোণমিতিতে কোণ,292,একটি চাকার ব্যাসার্ধ ০.২১ মি.; ২৫০০ বিপ্লবে কত দূরত্ব অতিক্রম করে?,৩৩০০ মি.,১৬৫০ মি.,৬৬০০ মি.,৮২৫ মি.,A,পরিধি = 2π × 0.21; 2500 × 2π × 0.21 ≈ 3300 মি.।,2
জ্যামিতি ও ত্রিকোণমিতিতে কোণ,293,২৭০° ১৫' কোণটি রেডিয়ানে কত?,(1081π/720) rad,(541π/360) rad,(271π/180) rad,(811π/540) rad,A,270.25° = 270.25 × π/180 = 1081π/720 rad।,3
জ্যামিতি ও ত্রিকোণমিতিতে কোণ,294,-১৮০০° কোণটি কোন চতুর্থাংশে অবস্থিত?,প্রথম,দ্বিতীয়,তৃতীয়,চতুর্থ,A,-১৮০০° = -৫ × ৩৬০°; প্রথম চতুর্থাংশে।,4
জ্যামিতি ও ত্রিকোণমিতিতে কোণ,295,৩৬° ৪৫' কোণটি রেডিয়ানে কত?,(147π/720) rad,(74π/360) rad,(37π/180) rad,(11π/60) rad,A,36.75° = 36.75 × π/180 = 147π/720 rad।,5
জ্যামিতি ও ত্রিকোণমিতিতে কোণ,296,৩৯০° কোণটি কোন চতুর্থাংশে অবস্থিত?,প্রথম,দ্বিতীয়,তৃতীয়,চতুর্থ,A,৩৯০° = ৩৬০° + ৩০°; প্রথম চতুর্থাংশে।,6
জ্যামিতি ও ত্রিকোণমিতিতে কোণ,297,২৪ সে.মি. চাপ এবং ৪ সে.মি. ব্যাসার্ধে কেন্দ্রীয় কোণ কত?,6 rad,4 rad,8 rad,12 rad,A,θ = s/r = 24/4 = 6 rad।,7
জ্যামিতি ও ত্রিকোণমিতিতে কোণ,298,পৃথিবীর ব্যাসার্ধ ৬৪০০ কি.মি.; ২.৫° চাপ কত কি.মি. দূরত্ব?,২৭৯.৩ কি.মি.,১৩৯.৬ কি.মি.,৫৫৮.৬ কি.মি.,৬৯.৮ কি.মি.,A,s = 6400 × 2.5 × π/180 ≈ 279.3 কি.মি.।,8
জ্যামিতি ও ত্রিকোণমিতিতে কোণ,299,৭২০° কোণটি কোন রেখার সাথে মিলে যায়?,X'OX,Y'OY,কোনটিই নয়,উভয়,A,৭২০° = ২ × ৩৬০°; X'OX রেখায় মিলে।,9
জ্যামিতি ও ত্রিকোণমিতিতে কোণ,300,৪২০° ৩০' কোণটি রেডিয়ানে কত?,(1681π/720) rad,(841π/360) rad,(421π/180) rad,(631π/360) rad,A,420.5° = 420.5 × π/180 = 1681π/720 rad।,10
ত্রিকোণমিতিক অনুপাত,301,যদি sin θ = 3/5 হয় তবে cos θ কত?,4/5,3/5,5/4,4/3,A,sin²θ + cos²θ = 1; cos θ = √(1 - 9/25) = 4/5।,1
ত্রিকোণমিতিক অনুপাত,302,যদি cos θ = 5/13 হয় তবে sin θ কত?,12/13,5/12,13/12,12/5,A,sin²θ + cos²θ = 1; sin θ = √(1 - 25/169) = 12/13।,1
ত্রিকোণমিতিক অনুপাত,303,যদি tan θ = 4/3 হয় তবে cosec θ কত?,5/4,4/5,5/3,3/5,A,tan θ = 4/3; r = √(4² + 3²) = 5; cosec θ = 5/3।,1
ত্রিকোণমিতিক অনুপাত,304,যদি sec θ = 13/5 হয় তবে tan θ কত?,12/5,5/12,13/12,12/13,A,sec²θ = 1 + tan²θ; tan²θ = (13/5)² - 1 = 144/25; tan θ = 12/5।,2
ত্রিকোণমিতিক অনুপাত,305,যদি sin θ = -4/5 এবং π < θ < 3π/2 হয় তবে cos θ কত?,-3/5,3/5,-4/5,4/5,A,sin²θ + cos²θ = 1; cos θ = -√(1 - 16/25) = -3/5।,2
ত্রিকোণমিতিক অনুপাত,306,যদি cosec θ = 5/4 হয় তবে cot θ কত?,3/4,4/3,5/3,3/5,A,cosec²θ = 1 + cot²θ; cot²θ = 25/16 - 1 = 9/16; cot θ = 3/4।,2
ত্রিকোণমিতিক অনুপাত,307,যদি cos θ = -12/13 এবং π/2 < θ < π হয় তবে sin θ কত?,5/13,-5/13,12/13,-12/13,A,cos θ = -12/13; sin θ = √(1 - 144/169) = 5/13।,3
ত্রিকোণমিতিক অনুপাত,308,যদি tan θ = -3/4 এবং sin θ ধনাত্মক হয় তবে cos θ কত?,-4/5,4/5,-3/5,3/5,A,tan θ = -3/4; cos θ = -4/5 (দ্বিতীয় চতুর্থাংশ)।,3
ত্রিকোণমিতিক অনুপাত,309,যদি sin θ = 12/13 এবং cos θ ধনাত্মক হয় তবে sec θ কত?,13/5,5/13,13/12,12/13,A,cos θ = 5/13; sec θ = 1/cos θ = 13/5।,3
ত্রিকোণমিতিক অনুপাত,310,যদি cot θ = 12/5 এবং sin θ ধনাত্মক হয় তবে cosec θ কত?,13/5,5/13,12/5,5/12,A,cot θ = 12/5; cosec θ = 13/5 (প্রথম চতুর্থাংশ)।,4
ত্রিকোণমিতিক অনুপাত,311,যদি sin θ = -5/13 এবং π < θ < 3π/2 হয় তবে tan θ কত?,5/12,-5/12,12/5,-12/5,A,sin θ = -5/13; cos θ = -12/13; tan θ = (-5)/(-12) = 5/12।,4
ত্রিকোণমিতিক অনুপাত,312,যদি cos θ = 4/5 এবং sin θ ধনাত্মক হয় তবে cot θ কত?,4/3,3/4,5/4,4/5,A,sin θ = 3/5; cot θ = cos θ/sin θ = 4/3।,4
ত্রিকোণমিতিক অনুপাত,313,যদি sec θ = √2 হয় তবে cos θ কত?,1/√2,√2/2,1/2,√3/2,A,sec θ = 1/cos θ; cos θ = 1/√2।,5
ত্রিকোণমিতিক অনুপাত,314,যদি tan θ = 1/√3 এবং cos θ ধনাত্মক হয় তবে sin θ কত?,1/2,√3/2,1/√3,√2/2,A,tan θ = 1/√3; sin θ = 1/2 (প্রথম চতুর্থাংশ)।,5
ত্রিকোণমিতিক অনুপাত,315,যদি cosec θ = 13/12 হয় তবে cos θ কত?,5/13,12/13,13/12,12/5,A,cosec θ = 13/12; sin θ = 12/13; cos θ = √(1 - 144/169) = 5/13।,5
ত্রিকোণমিতিক অনুপাত,316,যদি sin θ = -3/5 এবং π/2 < θ < π হয় তবে cot θ কত?,-4/3,4/3,-3/4,3/4,A,sin θ = -3/5; cos θ = -4/5; cot θ = (-4)/(-3) = -4/3।,6
ত্রিকোণমিতিক অনুপাত,317,যদি cos θ = -5/13 এবং π < θ < 3π/2 হয় তবে sin θ কত?,-12/13,12/13,-5/13,5/13,A,cos θ = -5/13; sin θ = -√(1 - 25/169) = -12/13।,6
ত্রিকোণমিতিক অনুপাত,318,যদি tan θ = 5/12 এবং cos θ ধনাত্মক হয় তবে sin θ কত?,5/13,12/13,5/12,12/5,A,tan θ = 5/12; sin θ = 5/13 (প্রথম চতুর্থাংশ)।,6
ত্রিকোণমিতিক অনুপাত,319,যদি sec θ = 5/3 হয় তবে cosec θ কত?,5/4,4/5,5/3,3/5,A,sec θ = 5/3; cos θ = 3/5; sin θ = 4/5; cosec θ = 5/4।,7
ত্রিকোণমিতিক অনুপাত,320,যদি cot θ = -3/4 এবং sin θ ঋণাত্মক হয় তবে cos θ কত?,-4/5,4/5,-3/5,3/5,A,cot θ = -3/4; cos θ = -4/5 (তৃতীয় চতুর্থাংশ)।,7
ত্রিকোণমিতিক অনুপাত,321,যদি sin θ + cos θ = √2 হয় তবে θ কত?,π/4,π/3,π/6,π/2,A,sin θ + cos θ = √2; θ = π/4 সন্তুষ্ট করে।,7
ত্রিকোণমিতিক অনুপাত,322,যদি tan θ = -12/5 এবং cos θ ঋণাত্মক হয় তবে sin θ কত?,-12/13,12/13,-5/13,5/13,A,tan θ = -12/5; sin θ = -12/13 (তৃতীয় চতুর্থাংশ)।,8
ত্রিকোণমিতিক অনুপাত,323,যদি cosec θ = 2 হয় তবে tan θ কত?,√3,1/√3,1,√2,A,cosec θ = 2; sin θ = 1/2; cos θ = √3/2; tan θ = √3।,8
ত্রিকোণমিতিক অনুপাত,324,যদি sin θ = 4/5 এবং cos θ ধনাত্মক হয় তবে tan θ কত?,4/3,3/4,4/5,5/4,A,sin θ = 4/5; cos θ = 3/5; tan θ = 4/3।,8
ত্রিকোণমিতিক অনুপাত,325,যদি cos θ = -4/5 এবং π/2 < θ < π হয় তবে sin θ কত?,3/5,-3/5,4/5,-4/5,A,cos θ = -4/5; sin θ = √(1 - 16/25) = 3/5।,9
ত্রিকোণমিতিক অনুপাত,326,যদি sec θ = 13/12 হয় তবে sin θ কত?,5/13,12/13,13/12,12/5,A,sec θ = 13/12; cos θ = 12/13; sin θ = √(1 - 144/169) = 5/13।,9
ত্রিকোণমিতিক অনুপাত,327,যদি tan θ = -4/3 এবং sin θ ধনাত্মক হয় তবে cos θ কত?,-3/5,3/5,-4/5,4/5,A,tan θ = -4/3; cos θ = -4/5 (দ্বিতীয় চতুর্থাংশ)।,9
ত্রিকোণমিতিক অনুপাত,328,যদি cosec θ = 5/3 হয় তবে cos θ কত?,4/5,3/5,5/4,4/3,A,cosec θ = 5/3; sin θ = 3/5; cos θ = √(1 - 9/25) = 4/5।,10
ত্রিকোণমিতিক অনুপাত,329,যদি sin θ = -12/13 এবং π < θ < 3π/2 হয় তবে cot θ কত?,5/12,-5/12,12/5,-12/5,A,sin θ = -12/13; cos θ = -5/13; cot θ = (-5)/(-12) = 5/12।,10
ত্রিকোণমিতিক অনুপাত,330,যদি cos θ + sin θ = √2 cos θ হয় তবে tan θ কত?,1,-1,√2,-√2,A,cos θ + sin θ = √2 cos θ; sin θ/cos θ = 1; tan θ = 1।,10
ত্রিকোণমিতিক অনুপাত,331,যদি sin θ = 5/13 হয় তবে sec θ কত?,13/12,12/13,13/5,5/13,A,sin θ = 5/13; cos θ = 12/13; sec θ = 1/cos θ = 13/5।,1
ত্রিকোণমিতিক অনুপাত,332,যদি cos θ = 3/5 হয় তবে cot θ কত?,3/4,4/3,5/4,4/5,A,sin θ = 4/5; cot θ = cos θ/sin θ = 4/3।,1
ত্রিকোণমিতিক অনুপাত,333,যদি tan θ = -5/12 এবং cos θ ধনাত্মক হয় তবে sin θ কত?,5/13,-5/13,12/13,-12/13,B,tan θ = -5/12; sin θ = -5/13 (চতুর্থ চতুর্থাংশ)।,1
ত্রিকোণমিতিক অনুপাত,334,যদি sec θ = 5/4 হয় তবে cosec θ কত?,5/3,3/5,4/3,5/4,A,sec θ = 5/4; cos θ = 4/5; sin θ = 3/5; cosec θ = 5/3।,2
ত্রিকোণমিতিক অনুপাত,335,যদি sin θ = -1/2 এবং π < θ < 3π/2 হয় তবে cos θ কত?,-√3/2,√3/2,-1/2,1/2,A,sin θ = -1/2; cos θ = -√3/2 (তৃতীয় চতুর্থাংশ)।,2
ত্রিকোণমিতিক অনুপাত,336,যদি cosec θ = √5 হয় তবে sin θ কত?,1/√5,√5/2,2/√5,√5,A,cosec θ = 1/sin θ; sin θ = 1/√5।,2
ত্রিকোণমিতিক অনুপাত,337,যদি cos θ = -3/5 এবং π/2 < θ < π হয় তবে tan θ কত?,-4/3,4/3,-3/4,3/4,A,cos θ = -3/5; sin θ = 4/5; tan θ = 4/(-3) = -4/3।,3
ত্রিকোণমিতিক অনুপাত,338,যদি tan θ = 12/5 এবং sin θ ধনাত্মক হয় তবে cosec θ কত?,13/12,12/13,13/5,5/13,A,tan θ = 12/5; cosec θ = 13/5 (প্রথম চতুর্থাংশ)।,3
ত্রিকোণমিতিক অনুপাত,339,যদি sec θ = 2 হয় তবে tan²θ কত?,1,2,3,4,A,sec²θ = 1 + tan²θ; tan²θ = 4 - 1 = 1।,3
ত্রিকোণমিতিক অনুপাত,340,যদি cot θ = -4/3 এবং cos θ ধনাত্মক হয় তবে sin θ কত?,4/5,-4/5,3/5,-3/5,B,cot θ = -4/3; sin θ = -4/5 (চতুর্থ চতুর্থাংশ)।,4
ত্রিকোণমিতিক অনুপাত,341,যদি sin θ = 1/√2 হয় তবে cosec θ কত?,√2,1/√2,1,2,A,cosec θ = 1/sin θ = 1/(1/√2) = √2।,4
ত্রিকোণমিতিক অনুপাত,342,যদি cos θ = -12/13 এবং π < θ < 3π/2 হয় তবে tan θ কত?,5/12,-5/12,12/5,-12/5,A,cos θ = -12/13; sin θ = -5/13; tan θ = (-5)/(-12) = 5/12।,4
ত্রিকোণমিতিক অনুপাত,343,যদি tan θ = 3/4 এবং cos θ ধনাত্মক হয় তবে sin θ কত?,3/5,4/5,3/4,4/3,A,tan θ = 3/4; sin θ = 3/5 (প্রথম চতুর্থাংশ)।,5
ত্রিকোণমিতিক অনুপাত,344,যদি cosec θ = 13/5 হয় তবে tan θ কত?,12/5,5/12,13/12,12/13,A,cosec θ = 13/5; sin θ = 5/13; cos θ = 12/13; tan θ = 12/5।,5
ত্রিকোণমিতিক অনুপাত,345,যদি sin θ = -5/13 এবং π/2 < θ < π হয় তবে cos θ কত?,-12/13,12/13,-5/13,5/13,A,sin θ = -5/13; cos θ = -√(1 - 25/169) = -12/13।,5
ত্রিকোণমিতিক অনুপাত,346,যদি cos θ = 1/2 এবং sin θ ধনাত্মক হয় তবে tan θ কত?,√3,1/√3,1,√2,A,cos θ = 1/2; sin θ = √3/2; tan θ = √3/1 = √3।,6
ত্রিকোণমিতিক অনুপাত,347,যদি sec θ = 5/4 হয় তবে cot θ কত?,4/3,3/4,5/3,3/5,A,sec θ = 5/4; cos θ = 4/5; sin θ = 3/5; cot θ = 4/3।,6
ত্রিকোণমিতিক অনুপাত,348,যদি tan θ = -1/√3 এবং sin θ ঋণাত্মক হয় তবে cos θ কত?,-√3/2,√3/2,-1/2,1/2,A,tan θ = -1/√3; cos θ = -√3/2 (তৃতীয় চতুর্থাংশ)।,6
ত্রিকোণমিতিক অনুপাত,349,যদি cosec θ = √2 হয় তবে cos θ কত?,1/√2,√2/2,1/2,√3/2,A,cosec θ = √2; sin θ = 1/√2; cos θ = √(1 - 1/2) = 1/√2।,7
ত্রিকোণমিতিক অনুপাত,350,যদি sin θ = -3/5 এবং π < θ < 3π/2 হয় তবে sec θ কত?,-5/4,5/4,-4/5,4/5,A,sin θ = -3/5; cos θ = -4/5; sec θ = 1/(-4/5) = -5/4।,7
বিভিন্ন কোণের ত্রিকোণমিতিক অনুপাত,351,sin (π/6) এর মান কত?,1/2,√3/2,1/√2,0,A,π/6 = 30°; sin 30° = 1/2।,1
বিভিন্ন কোণের ত্রিকোণমিতিক অনুপাত,352,cos (π/3) এর মান কত?,1/2,√3/2,1/√2,0,A,π/3 = 60°; cos 60° = 1/2।,1
বিভিন্ন কোণের ত্রিকোণমিতিক অনুপাত,353,tan (π/4) এর মান কত?,1,-1,√2,-√2,A,π/4 = 45°; tan 45° = 1।,1
বিভিন্ন কোণের ত্রিকোণমিতিক অনুপাত,354,sin (π - π/6) এর মান কত?,1/2,-1/2,√3/2,-√3/2,A,sin (π - θ) = sin θ; sin (π/6) = 1/2।,2
বিভিন্ন কোণের ত্রিকোণমিতিক অনুপাত,355,cos (π/2 - π/4) এর মান কত?,1/√2,-1/√2,1/2,-1/2,A,cos (π/2 - θ) = sin θ; sin (π/4) = 1/√2।,2
বিভিন্ন কোণের ত্রিকোণমিতিক অনুপাত,356,tan (3π/4) এর মান কত?,1,-1,√2,-√2,B,tan (π - π/4) = -tan (π/4) = -1।,2
বিভিন্ন কোণের ত্রিকোণমিতিক অনুপাত,357,sin (5π/6) এর মান কত?,1/2,-1/2,√3/2,-√3/2,A,sin (π - π/6) = sin (π/6) = 1/2।,3
বিভিন্ন কোণের ত্রিকোণমিতিক অনুপাত,358,cos (7π/6) এর মান কত?,-√3/2,√3/2,-1/2,1/2,A,cos (π + π/6) = -cos (π/6) = -√3/2।,3
বিভিন্ন কোণের ত্রিকোণমিতিক অনুপাত,359,tan (5π/6) এর মান কত?,1/√3,-1/√3,√3,-√3,B,tan (π - π/6) = -tan (π/6) = -1/√3।,3
বিভিন্ন কোণের ত্রিকোণমিতিক অনুপাত,360,sin (7π/4) এর মান কত?,1/√2,-1/√2,1/2,-1/2,B,sin (2π - π/4) = -sin (π/4) = -1/√2।,4
বিভিন্ন কোণের ত্রিকোণমিতিক অনুপাত,361,cos (5π/4) এর মান কত?,1/√2,-1/√2,1/2,-1/2,B,cos (π + π/4) = -cos (π/4) = -1/√2।,4
বিভিন্ন কোণের ত্রিকোণমিতিক অনুপাত,362,tan (π/2 + π/3) এর মান কত?,√3,-√3,1/√3,-1/√3,D,tan (π/2 + θ) = -cot θ; cot (π/3) = 1/√3।,4
বিভিন্ন কোণের ত্রিকোণমিতিক অনুপাত,363,sec (π/6) এর মান কত?,2/√3,-2/√3,2,-2,A,sec (π/6) = 1/cos (π/6); cos (π/6) = √3/2।,5
বিভিন্ন কোণের ত্রিকোণমিতিক অনুপাত,364,cosec (3π/4) এর মান কত?,√2,-√2,2,-2,A,cosec (π - π/4) = cosec (π/4) = √2।,5
বিভিন্ন কোণের ত্রিকোণমিতিক অনুপাত,365,cot (5π/6) এর মান কত?,√3,-√3,1/√3,-1/√3,B,cot (π - π/6) = -cot (π/6) = -√3।,5
বিভিন্ন কোণের ত্রিকোণমিতিক অনুপাত,366,sin (11π/6) এর মান কত?,1/2,-1/2,√3/2,-√3/2,B,sin (2π - π/6) = -sin (π/6) = -1/2।,6
বিভিন্ন কোণের ত্রিকোণমিতিক অনুপাত,367,cos (3π/2 - π/6) এর মান কত?,√3/2,-√3/2,1/2,-1/2,D,cos (3π/2 - θ) = -sin θ; sin (π/6) = 1/2।,6
বিভিন্ন কোণের ত্রিকোণমিতিক অনুপাত,368,tan (7π/4) এর মান কত?,1,-1,√2,-√2,A,tan (2π - π/4) = tan (π/4) = 1।,6
বিভিন্ন কোণের ত্রিকোণমিতিক অনুপাত,369,sec (5π/4) এর মান কত?,√2,-√2,2,-2,B,sec (π + π/4) = -sec (π/4); sec (π/4) = √2।,7
বিভিন্ন কোণের ত্রিকোণমিতিক অনুপাত,370,cosec (7π/6) এর মান কত?,2,-2,2/√3,-2/√3,B,cosec (π + π/6) = -cosec (π/6); cosec (π/6) = 2।,7
বিভিন্ন কোণের ত্রিকোণমিতিক অনুপাত,371,cot (π - π/3) এর মান কত?,√3,-√3,1/√3,-1/√3,D,cot (π - θ) = -cot θ; cot (π/3) = 1/√3।,7
বিভিন্ন কোণের ত্রিকোণমিতিক অনুপাত,372,sin (-π/4) এর মান কত?,1/√2,-1/√2,1/2,-1/2,B,sin (-θ) = -sin θ; sin (π/4) = 1/√2।,8
বিভিন্ন কোণের ত্রিকোণমিতিক অনুপাত,373,cos (9π/4) এর মান কত?,1/√2,-1/√2,1/2,-1/2,A,cos (2π + π/4) = cos (π/4) = 1/√2।,8
বিভিন্ন কোণের ত্রিকোণমিতিক অনুপাত,374,tan (11π/6) এর মান কত?,1/√3,-1/√3,√3,-√3,A,tan (2π - π/6) = tan (π/6) = 1/√3।,8
বিভিন্ন কোণের ত্রিকোণমিতিক অনুপাত,375,sin (13π/6) এর মান কত?,1/2,-1/2,√3/2,-√3/2,B,sin (2π + π/6) = -sin (π/6) = -1/2।,9
বিভিন্ন কোণের ত্রিকোণমিতিক অনুপাত,376,cos (-π/6) এর মান কত?,√3/2,-√3/2,1/2,-1/2,A,cos (-θ) = cos θ; cos (π/6) = √3/2।,9
বিভিন্ন কোণের ত্রিকোণমিতিক অনুপাত,377,tan (3π/2 + π/4) এর মান কত?,1,-1,√2,-√2,B,tan (3π/2 + θ) = -cot θ; cot (π/4) = 1।,9
বিভিন্ন কোণের ত্রিকোণমিতিক অনুপাত,378,sec (π/2 - π/3) এর মান কত?,2,-2,2/√3,-2/√3,A,sec (π/2 - θ) = cosec θ; cosec (π/3) = 2/√3।,10
বিভিন্ন কোণের ত্রিকোণমিতিক অনুপাত,379,cosec (9π/4) এর মান কত?,√2,-√2,2,-2,A,cosec (2π + π/4) = cosec (π/4) = √2।,10
বিভিন্ন কোণের ত্রিকোণমিতিক অনুপাত,380,cot (7π/6) এর মান কত?,√3,-√3,1/√3,-1/√3,A,cot (π + π/6) = cot (π/6) = √3।,10
বিভিন্ন কোণের ত্রিকোণমিতিক অনুপাত,381,sin (2π/3) এর মান কত?,√3/2,-√3/2,1/2,-1/2,A,sin (π - π/3) = sin (π/3) = √3/2।,1
বিভিন্ন কোণের ত্রিকোণমিতিক অনুপাত,382,cos (5π/6) এর মান কত?,-√3/2,√3/2,-1/2,1/2,A,cos (π - π/6) = -cos (π/6) = -√3/2।,1
বিভিন্ন কোণের ত্রিকোণমিতিক অনুপাত,383,tan (-π/6) এর মান কত?,1/√3,-1/√3,√3,-√3,B,tan (-θ) = -tan θ; tan (π/6) = 1/√3।,1
বিভিন্ন কোণের ত্রিকোণমিতিক অনুপাত,384,sin (π/2 + π/4) এর মান কত?,1/√2,-1/√2,1/2,-1/2,A,sin (π/2 + θ) = cos θ; cos (π/4) = 1/√2।,2
বিভিন্ন কোণের ত্রিকোণমিতিক অনুপাত,385,cos (11π/6) এর মান কত?,√3/2,-√3/2,1/2,-1/2,A,cos (2π - π/6) = cos (π/6) = √3/2।,2
বিভিন্ন কোণের ত্রিকোণমিতিক অনুপাত,386,tan (π - π/3) এর মান কত?,√3,-√3,1/√3,-1/√3,D,tan (π - θ) = -tan θ; tan (π/3) = √3।,2
বিভিন্ন কোণের ত্রিকোণমিতিক অনুপাত,387,sin (-π/3) এর মান কত?,√3/2,-√3/2,1/2,-1/2,B,sin (-θ) = -sin θ; sin (π/3) = √3/2।,3
বিভিন্ন কোণের ত্রিকোণমিতিক অনুপাত,388,cos (3π/4) এর মান কত?,1/√2,-1/√2,1/2,-1/2,B,cos (π - π/4) = -cos (π/4) = -1/√2।,3
বিভিন্ন কোণের ত্রিকোণমিতিক অনুপাত,389,tan (5π/2 - π/6) এর মান কত?,√3,-√3,1/√3,-1/√3,A,tan (5π/2 - θ) = cot θ; cot (π/6) = √3।,3
বিভিন্ন কোণের ত্রিকোণমিতিক অনুপাত,390,sec (7π/6) এর মান কত?,2,-2,2/√3,-2/√3,D,sec (π + π/6) = -sec (π/6); sec (π/6) = 2/√3।,4
বিভিন্ন কোণের ত্রিকোণমিতিক অনুপাত,391,cosec (π/2 - π/6) এর মান কত?,2/√3,-2/√3,2,-2,A,cosec (π/2 - θ) = sec θ; sec (π/6) = 2/√3।,4
বিভিন্ন কোণের ত্রিকোণমিতিক অনুপাত,392,cot (9π/4) এর মান কত?,1,-1,√2,-√2,A,cot (2π + π/4) = cot (π/4) = 1।,4
বিভিন্ন কোণের ত্রিকোণমিতিক অনুপাত,393,sin (17π/6) এর মান কত?,1/2,-1/2,√3/2,-√3/2,B,sin (2π + 5π/6) = -sin (π/6) = -1/2।,5
বিভিন্ন কোণের ত্রিকোণমিতিক অনুপাত,394,cos (13π/4) এর মান কত?,1/√2,-1/√2,1/2,-1/2,B,cos (3π + π/4) = -cos (π/4) = -1/√2।,5
বিভিন্ন কোণের ত্রিকোণমিতিক অনুপাত,395,tan (-π/4) এর মান কত?,1,-1,√2,-√2,B,tan (-θ) = -tan θ; tan (π/4) = 1।,5
বিভিন্ন কোণের ত্রিকোণমিতিক অনুপাত,396,sin (3π/2 + π/4) এর মান কত?,1/√2,-1/√2,1/2,-1/2,A,sin (3π/2 + θ) = -cos θ; cos (π/4) = 1/√2।,6
বিভিন্ন কোণের ত্রিকোণমিতিক অনুপাত,397,cos (π/2 + π/3) এর মান কত?,√3/2,-√3/2,1/2,-1/2,D,cos (π/2 + θ) = -sin θ; sin (π/3) = √3/2।,6
বিভিন্ন কোণের ত্রিকোণমিতিক অনুপাত,398,tan (11π/4) এর মান কত?,1,-1,√2,-√2,B,tan (2π + 3π/4) = -tan (π/4) = -1।,6
বিভিন্ন কোণের ত্রিকোণমিতিক অনুপাত,399,sec (-π/3) এর মান কত?,2,-2,2/√3,-2/√3,A,sec (-θ) = sec θ; sec (π/3) = 2।,7
বিভিন্ন কোণের ত্রিকোণমিতিক অনুপাত,400,cosec (5π/3) এর মান কত?,2/√3,-2/√3,2,-2,B,cosec (2π - π/3) = -cosec (π/3); cosec (π/3) = 2/√3।,7
জ্যামিতি ও ত্রিকোণমিতিতে কোণ,451,১৫০° কোণটি কোন চতুর্থাংশে অবস্থিত?,প্রথম,দ্বিতীয়,তৃতীয়,চতুর্থ,B,১৫০° = ১৮০° - ৩০°; ঘড়ির কাটার বিপরীত দিকে দ্বিতীয় চতুর্থাংশে।,1
জ্যামিতি ও ত্রিকোণমিতিতে কোণ,452,-১৮০° কোণটি কোন রেখার সাথে মিলে যায়?,X'OX,Y'OY,কোনটিই নয়,উভয়,B,-১৮০° = Y'OY রেখায় মিলে।,1
জ্যামিতি ও ত্রিকোণমিতিতে কোণ,453,৩০০° কোণটি কোন চতুর্থাংশে অবস্থিত?,প্রথম,দ্বিতীয়,তৃতীয়,চতুর্থ,D,৩০০° = ৩৬০° - ৬০°; চতুর্থ চতুর্থাংশে।,1
জ্যামিতি ও ত্রিকোণমিতিতে কোণ,454,১২০° ৪৫' কোণটি রেডিয়ানে কত?,(483π/720) rad,(241π/360) rad,(121π/180) rad,(361π/540) rad,A,120.75° = 120.75 × π/180 = 483π/720 rad।,2
জ্যামিতি ও ত্রিকোণমিতিতে কোণ,455,২ রেডিয়ান কত ডিগ্রিতে সমান?,114° 35' 30'',115° 45' 20'',114° 30' 40'',115° 53' 15'',A,2 rad = 2 × 180/π ≈ 114.59156° ≈ 114° 35' 30''।,2
জ্যামিতি ও ত্রিকোণমিতিতে কোণ,456,২৭০° ৩০' কোণটি রেডিয়ানে কত?,(1081π/720) rad,(541π/360) rad,(271π/180) rad,(811π/540) rad,A,270.5° = 270.5 × π/180 = 1081π/720 rad।,3
জ্যামিতি ও ত্রিকোণমিতিতে কোণ,457,-৫৪০° কোণটি কোন চতুর্থাংশে অবস্থিত?,প্রথম,দ্বিতীয়,তৃতীয়,চতুর্থ,B,-৫৪০° = -৩৬০° - ১৮০°; দ্বিতীয় চতুর্থাংশে।,3
জ্যামিতি ও ত্রিকোণমিতিতে কোণ,458,একটি বৃত্তের ব্যাসার্ধ ৫ সে.মি.; ১০ সে.মি. চাপ কেন্দ্রে কত রেডিয়ান কোণ উৎপন্ন করে?,2 rad,1 rad,5 rad,10 rad,A,s = rθ; θ = s/r = 10/5 = 2 rad।,4
জ্যামিতি ও ত্রিকোণমিতিতে কোণ,459,পৃথিবীর ব্যাসার্ধ ৬৪০০ কি.মি.; ২° চাপ কত কি.মি. দূরত্ব উৎপন্ন করে?,২২৩.৪ কি.মি.,১১১.৭ কি.মি.,৪৪৬.৮ কি.মি.,৫৫.৮ কি.মি.,A,s = 6400 × 2 × π/180 ≈ 223.4 কি.মি.।,4
জ্যামিতি ও ত্রিকোণমিতিতে কোণ,460,একটি চাকার ব্যাসার্ধ ০.৫ মি.; ৮০০ বিপ্লবে কত দূরত্ব অতিক্রম করে?,২৫১৩.২ মি.,১২৫৬.৬ মি.,৫০২৬.৪ মি.,৬২৮.৩ মি.,A,পরিধি = 2π × 0.5; 800 × 2π × 0.5 ≈ 2513.2 মি.।,5
জ্যামিতি ও ত্রিকোণমিতিতে কোণ,461,৪৫০° কোণটি কোন চতুর্থাংশে অবস্থিত?,প্রথম,দ্বিতীয়,তৃতীয়,চতুর্থ,A,৪৫০° = ৩৬০° + ৯০°; প্রথম চতুর্থাংশে।,5
জ্যামিতি ও ত্রিকোণমিতিতে কোণ,462,৯০° ১৫' কোণটি রেডিয়ানে কত?,(361π/720) rad,(181π/360) rad,(91π/180) rad,(271π/540) rad,A,90.25° = 90.25 × π/180 = 361π/720 rad।,6
জ্যামিতি ও ত্রিকোণমিতিতে কোণ,463,একটি চাকার ব্যাস ০.৮ মি.; ১২ বিপ্লব/সেকেন্ডে গতি কত?,৩০.২ মি./সে.,১৫.১ মি./সে.,৬০.৪ মি./সে.,৭.৫ মি./সে.,A,পরিধি = π × 0.8; গতি = 12 × π × 0.8 ≈ 30.2 মি./সে.।,6
জ্যামিতি ও ত্রিকোণমিতিতে কোণ,464,৳৬০০° ৪৫' কোণটি রেডিয়ানে কত?,(2401π/720) rad,(1201π/360) rad,(601π/180) rad,(451π/360) rad,A,600.75° = 600.75 × π/180 = 2401π/720 rad।,7
জ্যামিতি ও ত্রিকোণমিতিতে কোণ,465,১৫ সে.মি. চাপ এবং ৫ সে.মি. ব্যাসার্ধে কেন্দ্রীয় কোণ কত?,3 rad,5 rad,10 rad,15 rad,A,θ = s/r = 15/5 = 3 rad।,7
জ্যামিতি ও ত্রিকোণমিতিতে কোণ,466,-৪২০° কোণটি কোন চতুর্থাংশে অবস্থিত?,প্রথম,দ্বিতীয়,তৃতীয়,চতুর্থ,A,-৪২০° = -৩৬০° - ৬০°; প্রথম চতুর্থাংশে।,8
জ্যামিতি ও ত্রিকোণমিতিতে কোণ,467,৫৪° ৩০' কোণটি রেডিয়ানে কত?,(109π/360) rad,(55π/180) rad,(163π/720) rad,(17π/60) rad,A,54.5° = 54.5 × π/180 = 109π/360 rad।,8
জ্যামিতি ও ত্রিকোণমিতিতে কোণ,468,১২৬০° কোণটি কোন রেখার সাথে মিলে যায়?,X'OX,Y'OY,কোনটিই নয়,উভয়,A,১২৬০° = ৩ × ৩৬০° + ১৮০°; X'OX রেখায় মিলে।,9
জ্যামিতি ও ত্রিকোণমিতিতে কোণ,469,পৃথিবীর ব্যাসার্ধ ৬৪০০ কি.মি.; ০.৫° চাপ কত কি.মি. দূরত্ব?,৫৫.৮ কি.মি.,১১১.৭ কি.মি.,২২৩.৪ কি.মি.,২৭.৯ কি.মি.,A,s = 6400 × 0.5 × π/180 ≈ 55.8 কি.মি.।,9
জ্যামিতি ও ত্রিকোণমিতিতে কোণ,470,১৬২০° কোণটি কোন চতুর্থাংশে অবস্থিত?,প্রথম,দ্বিতীয়,তৃতীয়,চতুর্থ,B,১৬২০° = ৪ × ৩৬০° + ১৮০°; দ্বিতীয় চতুর্থাংশে।,10
জ্যামিতি ও ত্রিকোণমিতিতে কোণ,471,১৮০° ৪৫' কোণটি রেডিয়ানে কত?,(723π/720) rad,(361π/360) rad,(181π/180) rad,(541π/540) rad,A,180.75° = 180.75 × π/180 = 723π/720 rad।,1
জ্যামিতি ও ত্রিকোণমিতিতে কোণ,472,-১২০° কোণটি কোন চতুর্থাংশে অবস্থিত?,প্রথম,দ্বিতীয়,তৃতীয়,চতুর্থ,D,-১২০° ঘড়ির কাটার দিকে চতুর্থ চতুর্থাংশে।,1
জ্যামিতি ও ত্রিকোণমিতিতে কোণ,473,৬০° ১৫' কোণটি রেডিয়ানে কত?,(241π/720) rad,(121π/360) rad,(61π/180) rad,(181π/540) rad,A,60.25° = 60.25 × π/180 = 241π/720 rad।,2
জ্যামিতি ও ত্রিকোণমিতিতে কোণ,474,৫১০° কোণটি কোন চতুর্থাংশে অবস্থিত?,প্রথম,দ্বিতীয়,তৃতীয়,চতুর্থ,A,৫১০° = ৩৬০° + ১৫০°; প্রথম চতুর্থাংশে।,2
জ্যামিতি ও ত্রিকোণমিতিতে কোণ,475,একটি চাকার পরিধি ৪.৭১ মি.; ৪০০ বিপ্লবে কত দূরত্ব অতিক্রম করে?,১৮৮৪ মি.,৯৪২ মি.,৩৭৬৮ মি.,৪৭১ মি.,A,দূরত্ব = 400 × 4.71 = 1884 মি.।,3
জ্যামিতি ও ত্রিকোণমিতিতে কোণ,476,৩০০° ৩০' কোণটি রেডিয়ানে কত?,(1201π/720) rad,(601π/360) rad,(301π/180) rad,(451π/360) rad,A,300.5° = 300.5 × π/180 = 1201π/720 rad।,3
জ্যামিতি ও ত্রিকোণমিতিতে কোণ,477,-৭২০° কোণটি কোন চতুর্থাংশে অবস্থিত?,প্রথম,দ্বিতীয়,তৃতীয়,চতুর্থ,A,-৭২০° = -২ × ৩৬০°; প্রথম চতুর্থাংশে।,4
জ্যামিতি ও ত্রিকোণমিতিতে কোণ,478,২১ সে.মি. চাপ এবং ৭ সে.মি. ব্যাসার্ধে কেন্দ্রীয় কোণ কত?,3 rad,7 rad,21 rad,14 rad,A,θ = s/r = 21/7 = 3 rad।,4
জ্যামিতি ও ত্রিকোণমিতিতে কোণ,479,৬৯০° কোণটি কোন চতুর্থাংশে অবস্থিত?,প্রথম,দ্বিতীয়,তৃতীয়,চতুর্থ,A,৬৯০° = ৩৬০° + ৩৩০°; প্রথম চতুর্থাংশে।,5
জ্যামিতি ও ত্রিকোণমিতিতে কোণ,480,২৪০° ৩০' কোণটি রেডিয়ানে কত?,(961π/720) rad,(481π/360) rad,(241π/180) rad,(721π/540) rad,A,240.5° = 240.5 × π/180 = 961π/720 rad।,5
জ্যামিতি ও ত্রিকোণমিতিতে কোণ,481,একটি চাকার ব্যাসার্ধ ০.৬ মি.; ২০ বিপ্লব/সেকেন্ডে গতি কত?,৭৫.৪ মি./সে.,৩৭.৭ মি./সে.,১৫০.৮ মি./সে.,১৮.৮ মি./সে.,A,পরিধি = 2π × 0.6; গতি = 20 × 2π × 0.6 ≈ 75.4 মি./সে.।,6
জ্যামিতি ও ত্রিকোণমিতিতে কোণ,482,৳৩৬০° ১৫' কোণটি রেডিয়ানে কত?,(1441π/720) rad,(721π/360) rad,(361π/180) rad,(541π/360) rad,A,360.25° = 360.25 × π/180 = 1441π/720 rad।,6
জ্যামিতি ও ত্রিকোণমিতিতে কোণ,483,-১০৮০° কোণটি কোন চতুর্থাংশে অবস্থিত?,প্রথম,দ্বিতীয়,তৃতীয়,চতুর্থ,A,-১০৮০° = -৩ × ৩৬০°; প্রথম চতুর্থাংশে।,7
জ্যামিতি ও ত্রিকোণমিতিতে কোণ,484,৪৮° ৪৫' কোণটি রেডিয়ানে কত?,(195π/720) rad,(97π/360) rad,(49π/180) rad,(145π/540) rad,A,48.75° = 48.75 × π/180 = 195π/720 rad।,7
জ্যামিতি ও ত্রিকোণমিতিতে কোণ,485,পৃথিবীর ব্যাসার্ধ ৬৪০০ কি.মি.; ১° চাপ কত কি.মি. দূরত্ব?,১১১.৭ কি.মি.,২২৩.৪ কি.মি.,৫৫.৮ কি.মি.,৪৪৬.৮ কি.মি.,A,s = 6400 × 1 × π/180 ≈ 111.7 কি.মি.।,8
জ্যামিতি ও ত্রিকোণমিতিতে কোণ,486,৩০ সে.মি. চাপ এবং ৬ সে.মি. ব্যাসার্ধে কেন্দ্রীয় কোণ কত?,5 rad,6 rad,10 rad,15 rad,A,θ = s/r = 30/6 = 5 rad।,8
জ্যামিতি ও ত্রিকোণমিতিতে কোণ,487,১৪৪০° কোণটি কোন রেখার সাথে মিলে যায়?,X'OX,Y'OY,কোনটিই নয়,উভয়,A,১৪৪০° = ৪ × ৩৬০°; X'OX রেখায় মিলে।,9
জ্যামিতি ও ত্রিকোণমিতিতে কোণ,488,১৮০০° কোণটি কোন চতুর্থাংশে অবস্থিত?,প্রথম,দ্বিতীয়,তৃতীয়,চতুর্থ,A,১৮০০° = ৫ × ৩৬০°; প্রথম চতুর্থাংশে।,9
জ্যামিতি ও ত্রিকোণমিতিতে কোণ,489,৳৪২০° ১৫' কোণটি রেডিয়ানে কত?,(1681π/720) rad,(841π/360) rad,(421π/180) rad,(631π/360) rad,A,420.25° = 420.25 × π/180 = 1681π/720 rad।,10
জ্যামিতি ও ত্রিকোণমিতিতে কোণ,490,-৳৬৯০° কোণটি কোন চতুর্থাংশে অবস্থিত?,প্রথম,দ্বিতীয়,তৃতীয়,চতুর্থ,D,-৳৬৯০° = -৩৬০° - ৩৩০°; চতুর্থ চতুর্থাংশে।,10
জ্যামিতি ও ত্রিকোণমিতিতে কোণ,491,৷২° ৩০' কোণটি রেডিয়ানে কত?,(145π/360) rad,(73π/180) rad,(217π/720) rad,(22π/60) rad,A,72.5° = 72.5 × π/180 = 145π/360 rad।,1
জ্যামিতি ও ত্রিকোণমিতিতে কোণ,492,একটি চাকার ব্যাসার্ধ ০.৩ মি.; ১৫০০ বিপ্লবে কত দূরত্ব অতিক্রম করে?,২৮২৭.৪ মি.,১৪১৩.৭ মি.,৫৬৫৪.৮ মি.,৭০৬.৮ মি.,A,পরিধি = 2π × 0.3; 1500 × 2π × 0.3 ≈ 2827.4 মি.।,2
জ্যামিতি ও ত্রিকোণমিতিতে কোণ,493,৳১৫০° ১৫' কোণটি রেডিয়ানে কত?,(601π/720) rad,(301π/360) rad,(151π/180) rad,(451π/540) rad,A,150.25° = 150.25 × π/180 = 601π/720 rad।,3
জ্যামিতি ও ত্রিকোণমিতিতে কোণ,494,-৳১৪৪০° কোণটি কোন চতুর্থাংশে অবস্থিত?,প্রথম,দ্বিতীয়,তৃতীয়,চতুর্থ,A,-৳১৪৪০° = -৪ × ৩৬০°; প্রথম চতুর্থাংশে।,4
জ্যামিতি ও ত্রিকোণমিতিতে কোণ,495,৳৩৬° ১৫' কোণটি রেডিয়ানে কত?,(145π/720) rad,(73π/360) rad,(37π/180) rad,(11π/60) rad,A,36.25° = 36.25 × π/180 = 145π/720 rad।,5
জ্যামিতি ও ত্রিকোণমিতিতে কোণ,496,৳৫৭০° কোণটি কোন চতুর্থাংশে অবস্থিত?,প্রথম,দ্বিতীয়,তৃতীয়,চতুর্থ,B,৳৫৭০° = ৩৬০° + ২১০°; দ্বিতীয় চতুর্থাংশে।,6
জ্যামিতি ও ত্রিকোণমিতিতে কোণ,497,৳১৮ সে.মি. চাপ এবং ৩ সে.মি. ব্যাসার্ধে কেন্দ্রীয় কোণ কত?,6 rad,3 rad,9 rad,12 rad,A,θ = s/r = 18/3 = 6 rad।,7
জ্যামিতি ও ত্রিকোণমিতিতে কোণ,498,পৃথিবীর ব্যাসার্ধ ৬৪০০ কি.মি.; ০.৭৫° চাপ কত কি.মি. দূরত্ব?,৮৩.৮ কি.মি.,১৬৭.৬ কি.মি.,৩৩৫.১ কি.মি.,৪১.৯ কি.মি.,A,s = 6400 × 0.75 × π/180 ≈ 83.8 কি.মি.।,8
জ্যামিতি ও ত্রিকোণমিতিতে কোণ,499,৳৯০০° কোণটি কোন রেখার সাথে মিলে যায়?,X'OX,Y'OY,কোনটিই নয়,উভয়,B,৳৯০০° = ২ × ৩৬০° + ১৮০°; Y'OY রেখায় মিলে।,9
জ্যামিতি ও ত্রিকোণমিতিতে কোণ,500,৳৩৩০° ৪৫' কোণটি রেডিয়ানে কত?,(1321π/720) rad,(661π/360) rad,(331π/180) rad,(991π/540) rad,A,330.75° = 330.75 × π/180 = 1321π/720 rad।,10
ত্রিকোণমিতিক অনুপাত,501,যদি sin θ = 8/17 হয় তবে cos θ কত?,15/17,8/15,17/15,15/8,A,sin²θ + cos²θ = 1; cos θ = √(1 - 64/289) = 15/17।,1
ত্রিকোণমিতিক অনুপাত,502,যদি cos θ = 7/25 হয় তবে sin θ কত?,24/25,7/24,25/24,24/7,A,sin²θ + cos²θ = 1; sin θ = √(1 - 49/625) = 24/25।,1
ত্রিকোণমিতিক অনুপাত,503,যদি tan θ = 5/12 হয় তবে cosec θ কত?,13/5,5/13,12/5,5/12,A,tan θ = 5/12; r = √(5² + 12²) = 13; cosec θ = 13/5।,1
ত্রিকোণমিতিক অনুপাত,504,যদি sec θ = 17/8 হয় তবে tan θ কত?,15/8,8/15,17/15,15/17,A,sec²θ = 1 + tan²θ; tan²θ = (17/8)² - 1 = 225/64; tan θ = 15/8।,2
ত্রিকোণমিতিক অনুপাত,505,যদি sin θ = -7/25 এবং π < θ < 3π/2 হয় তবে cos θ কত?,-24/25,24/25,-7/25,7/25,A,sin²θ + cos²θ = 1; cos θ = -√(1 - 49/625) = -24/25।,2
ত্রিকোণমিতিক অনুপাত,506,যদি cosec θ = 13/12 হয় তবে cot θ কত?,5/12,12/5,13/5,5/13,A,cosec²θ = 1 + cot²θ; cot²θ = 169/144 - 1 = 25/144; cot θ = 5/12।,2
ত্রিকোণমিতিক অনুপাত,507,যদি cos θ = -15/17 এবং π/2 < θ < π হয় তবে sin θ কত?,8/17,-8/17,15/17,-15/17,A,cos θ = -15/17; sin θ = √(1 - 225/289) = 8/17।,3
ত্রিকোণমিতিক অনুপাত,508,যদি tan θ = -8/15 এবং sin θ ধনাত্মক হয় তবে cos θ কত?,-15/17,15/17,-8/17,8/17,A,tan θ = -8/15; cos θ = -15/17 (দ্বিতীয় চতুর্থাংশ)।,3
ত্রিকোণমিতিক অনুপাত,509,যদি sin θ = 24/25 এবং cos θ ধনাত্মক হয় তবে sec θ কত?,25/7,7/25,25/24,24/25,A,cos θ = 7/25; sec θ = 1/cos θ = 25/7।,3
ত্রিকোণমিতিক অনুপাত,510,যদি cot θ = 15/8 এবং sin θ ধনাত্মক হয় তবে cosec θ কত?,17/8,8/17,15/8,8/15,A,cot θ = 15/8; cosec θ = 17/8 (প্রথম চতুর্থাংশ)।,4
ত্রিকোণমিতিক অনুপাত,511,যদি sin θ = -12/13 এবং π < θ < 3π/2 হয় তবে tan θ কত?,12/5,-12/5,5/12,-5/12,A,sin θ = -12/13; cos θ = -5/13; tan θ = (-12)/(-5) = 12/5।,4
ত্রিকোণমিতিক অনুপাত,512,যদি cos θ = 8/17 এবং sin θ ধনাত্মক হয় তবে cot θ কত?,8/15,15/8,17/8,8/17,A,sin θ = 15/17; cot θ = cos θ/sin θ = 8/15।,4
ত্রিকোণমিতিক অনুপাত,513,যদি sec θ = √5 হয় তবে cos θ কত?,1/√5,√5/2,2/√5,√5,A,sec θ = 1/cos θ; cos θ = 1/√5।,5
ত্রিকোণমিতিক অনুপাত,514,যদি tan θ = 1/2 এবং cos θ ধনাত্মক হয় তবে sin θ কত?,1/√5,√5/2,2/√5,√5,A,tan θ = 1/2; sin θ = 1/√5 (প্রথম চতুর্থাংশ)।,5
ত্রিকোণমিতিক অনুপাত,515,যদি cosec θ = 17/15 হয় তবে cos θ কত?,8/17,15/17,17/15,15/8,A,cosec θ = 17/15; sin θ = 15/17; cos θ = √(1 - 225/289) = 8/17।,5
ত্রিকোণমিতিক অনুপাত,516,যদি sin θ = -15/17 এবং π/2 < θ < π হয় তবে cot θ কত?,-8/15,8/15,-15/8,15/8,A,sin θ = -15/17; cos θ = -8/17; cot θ = (-8)/(-15) = -8/15।,6
ত্রিকোণমিতিক অনুপাত,517,যদি cos θ = -7/25 এবং π < θ < 3π/2 হয় তবে sin θ কত?,-24/25,24/25,-7/25,7/25,A,cos θ = -7/25; sin θ = -√(1 - 49/625) = -24/25।,6
ত্রিকোণমিতিক অনুপাত,518,যদি tan θ = 12/5 এবং cos θ ধনাত্মক হয় তবে sin θ কত?,12/13,5/13,12/5,5/12,A,tan θ = 12/5; sin θ = 12/13 (প্রথম চতুর্থাংশ)।,6
ত্রিকোণমিতিক অনুপাত,519,যদি sec θ = 25/7 হয় তবে cosec θ কত?,25/24,24/25,25/7,7/25,A,sec θ = 25/7; cos θ = 7/25; sin θ = 24/25; cosec θ = 25/24।,7
ত্রিকোণমিতিক অনুপাত,520,যদি cot θ = -12/5 এবং sin θ ঋণাত্মক হয় তবে cos θ কত?,-5/13,5/13,-12/13,12/13,A,cot θ = -12/5; cos θ = -5/13 (তৃতীয় চতুর্থাংশ)।,7
ত্রিকোণমিতিক অনুপাত,521,যদি sin θ + cos θ = √2/2 হয় তবে θ কত?,π/4,π/3,π/6,π/8,A,sin θ + cos θ = √2/2; θ = π/4 সন্তুষ্ট করে।,7
ত্রিকোণমিতিক অনুপাত,522,যদি tan θ = -15/8 এবং cos θ ঋণাত্মক হয় তবে sin θ কত?,-15/17,15/17,-8/17,8/17,A,tan θ = -15/8; sin θ = -15/17 (তৃতীয় চতুর্থাংশ)।,8
ত্রিকোণমিতিক অনুপাত,523,যদি cosec θ = 5/3 হয় তবে tan θ কত?,4/3,3/4,5/4,4/5,A,cosec θ = 5/3; sin θ = 3/5; cos θ = 4/5; tan θ = 4/3।,8
ত্রিকোণমিতিক অনুপাত,524,যদি sin θ = 15/17 এবং cos θ ধনাত্মক হয় তবে tan θ কত?,15/8,8/15,17/8,8/17,A,sin θ = 15/17; cos θ = 8/17; tan θ = 15/8।,8
ত্রিকোণমিতিক অনুপাত,525,যদি cos θ = -8/17 এবং π/2 < θ < π হয় তবে sin θ কত?,15/17,-15/17,8/17,-8/17,A,cos θ = -8/17; sin θ = √(1 - 64/289) = 15/17।,9
ত্রিকোণমিতিক অনুপাত,526,যদি sec θ = 17/15 হয় তবে sin θ কত?,8/17,15/17,17/15,15/8,A,sec θ = 17/15; cos θ = 15/17; sin θ = √(1 - 225/289) = 8/17।,9
ত্রিকোণমিতিক অনুপাত,527,যদি tan θ = -5/12 এবং sin θ ধনাত্মক হয় তবে cos θ কত?,-12/13,12/13,-5/13,5/13,A,tan θ = -5/12; cos θ = -12/13 (দ্বিতীয় চতুর্থাংশ)।,9
ত্রিকোণমিতিক অনুপাত,528,যদি cosec θ = 25/24 হয় তবে cos θ কত?,7/25,24/25,25/24,24/7,A,cosec θ = 25/24; sin θ = 24/25; cos θ = √(1 - 576/625) = 7/25।,10
ত্রিকোণমিতিক অনুপাত,529,যদি sin θ = -24/25 এবং π < θ < 3π/2 হয় তবে cot θ কত?,7/24,-7/24,24/7,-24/7,A,sin θ = -24/25; cos θ = -7/25; cot θ = (-7)/(-24) = 7/24।,10
ত্রিকোণমিতিক অনুপাত,530,যদি cos θ + sin θ = √2 sin θ হয় তবে tan θ কত?,1,-1,√2,-√2,A,cos θ + sin θ = √2 sin θ; cos θ/sin θ = 1; tan θ = 1।,10
ত্রিকোণমিতিক অনুপাত,531,যদি sin θ = 7/25 হয় তবে sec θ কত?,25/24,24/25,25/7,7/25,A,sin θ = 7/25; cos θ = 24/25; sec θ = 1/cos θ = 25/7।,1
ত্রিকোণমিতিক অনুপাত,532,যদি cos θ = 12/13 হয় তবে cot θ কত?,12/5,5/12,13/5,5/13,A,sin θ = 5/13; cot θ = cos θ/sin θ = 12/5।,1
ত্রিকোণমিতিক অনুপাত,533,যদি tan θ = -15/8 এবং cos θ ধনাত্মক হয় তবে sin θ কত?,15/17,-15/17,8/17,-8/17,B,tan θ = -15/8; sin θ = -15/17 (চতুর্থ চতুর্থাংশ)।,1
ত্রিকোণমিতিক অনুপাত,534,যদি sec θ = 13/12 হয় তবে cosec θ কত?,13/5,5/13,12/5,5/12,A,sec θ = 13/12; cos θ = 12/13; sin θ = 5/13; cosec θ = 13/5।,2
ত্রিকোণমিতিক অনুপাত,535,যদি sin θ = -1/√5 এবং π < θ < 3π/2 হয় তবে cos θ কত?,-2/√5,2/√5,-1/√5,1/√5,A,sin θ = -1/√5; cos θ = -√(1 - 1/5) = -2/√5।,2
ত্রিকোণমিতিক অনুপাত,536,যদি cosec θ = √13 হয় তবে sin θ কত?,1/√13,√13/2,2/√13,√13,A,cosec θ = 1/sin θ; sin θ = 1/√13।,2
ত্রিকোণমিতিক অনুপাত,537,যদি cos θ = -24/25 এবং π/2 < θ < π হয় তবে tan θ কত?,-7/24,7/24,-24/7,24/7,A,cos θ = -24/25; sin θ = 7/25; tan θ = 7/(-24) = -7/24।,3
ত্রিকোণমিতিক অনুপাত,538,যদি tan θ = 8/15 এবং sin θ ধনাত্মক হয় তবে cosec θ কত?,17/8,8/17,15/8,8/15,A,tan θ = 8/15; cosec θ = 17/8 (প্রথম চতুর্থাংশ)।,3
ত্রিকোণমিতিক অনুপাত,539,যদি sec θ = 2/√3 হয় তবে tan²θ কত?,1/3,2/3,1,4/3,A,sec²θ = 1 + tan²θ; tan²θ = (2/√3)² - 1 = 1/3।,3
ত্রিকোণমিতিক অনুপাত,540,যদি cot θ = -15/8 এবং cos θ ধনাত্মক হয় তবে sin θ কত?,15/17,-15/17,8/17,-8/17,B,cot θ = -15/8; sin θ = -15/17 (চতুর্থ চতুর্থাংশ)।,4
ত্রিকোণমিতিক অনুপাত,541,যদি sin θ = 1/√13 হয় তবে cosec θ কত?,√13,1/√13,1,13,A,cosec θ = 1/sin θ = 1/(1/√13) = √13।,4
ত্রিকোণমিতিক অনুপাত,542,যদি cos θ = -5/13 এবং π < θ < 3π/2 হয় তবে tan θ কত?,12/5,-12/5,5/12,-5/12,A,cos θ = -5/13; sin θ = -12/13; tan θ = (-12)/(-5) = 12/5।,4
ত্রিকোণমিতিক অনুপাত,543,যদি tan θ = 7/24 এবং cos θ ধনাত্মক হয় তবে sin θ কত?,7/25,24/25,7/24,24/7,A,tan θ = 7/24; sin θ = 7/25 (প্রথম চতুর্থাংশ)।,5
ত্রিকোণমিতিক অনুপাত,544,যদি cosec θ = 17/8 হয় তবে tan θ কত?,15/8,8/15,17/15,15/17,A,cosec θ = 17/8; sin θ = 8/17; cos θ = 15/17; tan θ = 15/8।,5
ত্রিকোণমিতিক অনুপাত,545,যদি sin θ = -8/17 এবং π/2 < θ < π হয় তবে cos θ কত?,-15/17,15/17,-8/17,8/17,A,sin θ = -8/17; cos θ = -√(1 - 64/289) = -15/17।,5
ত্রিকোণমিতিক অনুপাত,546,যদি cos θ = 1/√5 এবং sin θ ধনাত্মক হয় তবে tan θ কত?,2,1/2,√5,1/√5,A,cos θ = 1/√5; sin θ = 2/√5; tan θ = 2/1 = 2।,6
ত্রিকোণমিতিক অনুপাত,547,যদি sec θ = 25/24 হয় তবে cot θ কত?,24/7,7/24,25/7,7/25,A,sec θ = 25/24; cos θ = 24/25; sin θ = 7/25; cot θ = 24/7।,6
ত্রিকোণমিতিক অনুপাত,548,যদি tan θ = -1/2 এবং sin θ ঋণাত্মক হয় তবে cos θ কত?,-2/√5,2/√5,-1/√5,1/√5,A,tan θ = -1/2; cos θ = -2/√5 (তৃতীয় চতুর্থাংশ)।,6
ত্রিকোণমিতিক অনুপাত,549,যদি cosec θ = √5 হয় তবে cos θ কত?,2/√5,√5/2,1/√5,√5,A,cosec θ = √5; sin θ = 1/√5; cos θ = √(1 - 1/5) = 2/√5।,7
ত্রিকোণমিতিক অনুপাত,550,যদি sin θ = -7/25 এবং π < θ < 3π/2 হয় তবে sec θ কত?,-25/24,25/24,-24/25,24/25,A,sin θ = -7/25; cos θ = -24/25; sec θ = 1/(-24/25) = -25/24।,7
বিভিন্ন কোণের ত্রিকোণমিতিক অনুপাত,551,sin (π/4) এর মান কত?,1/√2,-1/√2,1/2,-1/2,A,π/4 = 45°; sin 45° = 1/√2।,1
বিভিন্ন কোণের ত্রিকোণমিতিক অনুপাত,552,cos (π/6) এর মান কত?,√3/2,-√3/2,1/2,-1/2,A,π/6 = 30°; cos 30° = √3/2।,1
বিভিন্ন কোণের ত্রিকোণমিতিক অনুপাত,553,tan (π/3) এর মান কত?,√3,-√3,1/√3,-1/√3,A,π/3 = 60°; tan 60° = √3।,1
বিভিন্ন কোণের ত্রিকোণমিতিক অনুপাত,554,sin (π - π/4) এর মান কত?,1/√2,-1/√2,1/2,-1/2,A,sin (π - θ) = sin θ; sin (π/4) = 1/√2।,2
বিভিন্ন কোণের ত্রিকোণমিতিক অনুপাত,555,cos (π/2 - π/6) এর মান কত?,1/2,-1/2,√3/2,-√3/2,A,cos (π/2 - θ) = sin θ; sin (π/6) = 1/2।,2
বিভিন্ন কোণের ত্রিকোণমিতিক অনুপাত,556,tan (5π/4) এর মান কত?,1,-1,√2,-√2,A,tan (π + π/4) = tan (π/4) = 1।,2
বিভিন্ন কোণের ত্রিকোণমিতিক অনুপাত,557,sin (7π/6) এর মান কত?,1/2,-1/2,√3/2,-√3/2,B,sin (π + π/6) = -sin (π/6) = -1/2।,3
বিভিন্ন কোণের ত্রিকোণমিতিক অনুপাত,558,cos (11π/6) এর মান কত?,√3/2,-√3/2,1/2,-1/2,A,cos (2π - π/6) = cos (π/6) = √3/2।,3
বিভিন্ন কোণের ত্রিকোণমিতিক অনুপাত,559,tan (7π/6) এর মান কত?,1/√3,-1/√3,√3,-√3,A,tan (π + π/6) = tan (π/6) = 1/√3।,3
বিভিন্ন কোণের ত্রিকোণমিতিক অনুপাত,560,sin (9π/4) এর মান কত?,1/√2,-1/√2,1/2,-1/2,A,sin (2π + π/4) = sin (π/4) = 1/√2।,4
বিভিন্ন কোণের ত্রিকোণমিতিক অনুপাত,561,cos (7π/4) এর মান কত?,1/√2,-1/√2,1/2,-1/2,A,cos (2π - π/4) = cos (π/4) = 1/√2।,4
বিভিন্ন কোণের ত্রিকোণমিতিক অনুপাত,562,tan (π/2 + π/6) এর মান কত?,√3,-√3,1/√3,-1/√3,B,tan (π/2 + θ) = -cot θ; cot (π/6) = √3।,4
বিভিন্ন কোণের ত্রিকোণমিতিক অনুপাত,563,sec (π/4) এর মান কত?,√2,-√2,2,-2,A,sec (π/4) = 1/cos (π/4); cos (π/4) = 1/√2।,5
বিভিন্ন কোণের ত্রিকোণমিতিক অনুপাত,564,cosec (5π/6) এর মান কত?,2,-2,2/√3,-2/√3,A,cosec (π - π/6) = cosec (π/6) = 2।,5
বিভিন্ন কোণের ত্রিকোণমিতিক অনুপাত,565,cot (7π/4) এর মান কত?,1,-1,√2,-√2,B,cot (2π - π/4) = -cot (π/4) = -1।,5
বিভিন্ন কোণের ত্রিকোণমিতিক অনুপাত,566,sin (13π/4) এর মান কত?,1/√2,-1/√2,1/2,-1/2,B,sin (3π + π/4) = -sin (π/4) = -1/√2।,6
বিভিন্ন কোণের ত্রিকোণমিতিক অনুপাত,567,cos (3π/2 - π/4) এর মান কত?,1/√2,-1/√2,1/2,-1/2,B,cos (3π/2 - θ) = -sin θ; sin (π/4) = 1/√2।,6
বিভিন্ন কোণের ত্রিকোণমিতিক অনুপাত,568,tan (9π/4) এর মান কত?,1,-1,√2,-√2,A,tan (2π + π/4) = tan (π/4) = 1।,6
বিভিন্ন কোণের ত্রিকোণমিতিক অনুপাত,569,sec (11π/6) এর মান কত?,2/√3,-2/√3,2,-2,A,sec (2π - π/6) = sec (π/6); sec (π/6) = 2/√3।,7
বিভিন্ন কোণের ত্রিকোণমিতিক অনুপাত,570,cosec (5π/4) এর মান কত?,√2,-√2,2,-2,B,cosec (π + π/4) = -cosec (π/4); cosec (π/4) = √2।,7
বিভিন্ন কোণের ত্রিকোণমিতিক অনুপাত,571,cot (π - π/6) এর মান কত?,√3,-√3,1/√3,-1/√3,A,cot (π - θ) = -cot θ; cot (π/6) = √3।,7
বিভিন্ন কোণের ত্রিকোণমিতিক অনুপাত,572,sin (-π/6) এর মান কত?,1/2,-1/2,√3/2,-√3/2,B,sin (-θ) = -sin θ; sin (π/6) = 1/2।,8
বিভিন্ন কোণের ত্রিকোণমিতিক অনুপাত,573,cos (17π/6) এর মান কত?,√3/2,-√3/2,1/2,-1/2,A,cos (2π + π/6) = cos (π/6) = √3/2।,8
বিভিন্ন কোণের ত্রিকোণমিতিক অনুপাত,574,tan (13π/6) এর মান কত?,1/√3,-1/√3,√3,-√3,A,tan (2π + π/6) = tan (π/6) = 1/√3।,8
বিভিন্ন কোণের ত্রিকোণমিতিক অনুপাত,575,sin (15π/4) এর মান কত?,1/√2,-1/√2,1/2,-1/2,B,sin (3π + π/4) = -sin (π/4) = -1/√2।,9
বিভিন্ন কোণের ত্রিকোণমিতিক অনুপাত,576,cos (-π/4) এর মান কত?,1/√2,-1/√2,1/2,-1/2,A,cos (-θ) = cos θ; cos (π/4) = 1/√2।,9
বিভিন্ন কোণের ত্রিকোণমিতিক অনুপাত,577,tan (3π/2 + π/6) এর মান কত?,√3,-√3,1/√3,-1/√3,A,tan (3π/2 + θ) = -cot θ; cot (π/6) = √3।,9
বিভিন্ন কোণের ত্রিকোণমিতিক অনুপাত,578,sec (π/2 - π/6) এর মান কত?,2,-2,2/√3,-2/√3,A,sec (π/2 - θ) = cosec θ; cosec (π/6) = 2।,10
বিভিন্ন কোণের ত্রিকোণমিতিক অনুপাত,579,cosec (11π/4) এর মান কত?,√2,-√2,2,-2,B,cosec (2π + 3π/4) = -cosec (π/4) = -√2।,10
বিভিন্ন কোণের ত্রিকোণমিতিক অনুপাত,580,cot (5π/4) এর মান কত?,1,-1,√2,-√2,A,cot (π + π/4) = cot (π/4) = 1।,10
বিভিন্ন কোণের ত্রিকোণমিতিক অনুপাত,581,sin (5π/3) এর মান কত?,√3/2,-√3/2,1/2,-1/2,B,sin (2π - π/3) = -sin (π/3) = -√3/2।,1
বিভিন্ন কোণের ত্রিকোণমিতিক অনুপাত,582,cos (7π/6) এর মান কত?,-√3/2,√3/2,-1/2,1/2,A,cos (π + π/6) = -cos (π/6) = -√3/2।,1
বিভিন্ন কোণের ত্রিকোণমিতিক অনুপাত,583,tan (-π/3) এর মান কত?,√3,-√3,1/√3,-1/√3,B,tan (-θ) = -tan θ; tan (π/3) = √3।,1
বিভিন্ন কোণের ত্রিকোণমিতিক অনুপাত,584,sin (π/2 + π/6) এর মান কত?,√3/2,-√3/2,1/2,-1/2,A,sin (π/2 + θ) = cos θ; cos (π/6) = √3/2।,2
বিভিন্ন কোণের ত্রিকোণমিতিক অনুপাত,585,cos (13π/6) এর মান কত?,√3/2,-√3/2,1/2,-1/2,A,cos (2π + π/6) = cos (π/6) = √3/2।,2
বিভিন্ন কোণের ত্রিকোণমিতিক অনুপাত,586,tan (π - π/4) এর মান কত?,1,-1,√2,-√2,B,tan (π - θ) = -tan θ; tan (π/4) = 1।,2
বিভিন্ন কোণের ত্রিকোণমিতিক অনুপাত,587,sin (-π/4) এর মান কত?,1/√2,-1/√2,1/2,-1/2,B,sin (-θ) = -sin θ; sin (π/4) = 1/√2।,3
বিভিন্ন কোণের ত্রিকোণমিতিক অনুপাত,588,cos (5π/4) এর মান কত?,1/√2,-1/√2,1/2,-1/2,B,cos (π + π/4) = -cos (π/4) = -1/√2।,3
বিভিন্ন কোণের ত্রিকোণমিতিক অনুপাত,589,tan (7π/2 - π/6) এর মান কত?,√3,-√3,1/√3,-1/√3,A,tan (7π/2 - θ) = cot θ; cot (π/6) = √3।,3
বিভিন্ন কোণের ত্রিকোণমিতিক অনুপাত,590,sec (5π/6) এর মান কত?,2,-2,2/√3,-2/√3,B,sec (π - π/6) = -sec (π/6); sec (π/6) = 2।,4
বিভিন্ন কোণের ত্রিকোণমিতিক অনুপাত,591,cosec (π/2 - π/4) এর মান কত?,√2,-√2,2,-2,A,cosec (π/2 - θ) = sec θ; sec (π/4) = √2।,4
বিভিন্ন কোণের ত্রিকোণমিতিক অনুপাত,592,cot (11π/6) এর মান কত?,√3,-√3,1/√3,-1/√3,A,cot (2π - π/6) = cot (π/6) = √3।,4
বিভিন্ন কোণের ত্রিকোণমিতিক অনুপাত,593,sin (19π/6) এর মান কত?,1/2,-1/2,√3/2,-√3/2,B,sin (3π + π/6) = -sin (π/6) = -1/2।,5
বিভিন্ন কোণের ত্রিকোণমিতিক অনুপাত,594,cos (15π/4) এর মান কত?,1/√2,-1/√2,1/2,-1/2,B,cos (3π + π/4) = -cos (π/4) = -1/√2।,5
বিভিন্ন কোণের ত্রিকোণমিতিক অনুপাত,595,tan (-π/6) এর মান কত?,1/√3,-1/√3,√3,-√3,B,tan (-θ) = -tan θ; tan (π/6) = 1/√3।,5
বিভিন্ন কোণের ত্রিকোণমিতিক অনুপাত,596,sin (3π/2 + π/3) এর মান কত?,√3/2,-√3/2,1/2,-1/2,A,sin (3π/2 + θ) = -cos θ; cos (π/3) = 1/2।,6
বিভিন্ন কোণের ত্রিকোণমিতিক অনুপাত,597,cos (π/2 + π/4) এর মান কত?,1/√2,-1/√2,1/2,-1/2,B,cos (π/2 + θ) = -sin θ; sin (π/4) = 1/√2।,6
বিভিন্ন কোণের ত্রিকোণমিতিক অনুপাত,598,tan (13π/4) এর মান কত?,1,-1,√2,-√2,A,tan (3π + π/4) = tan (π/4) = 1।,6
বিভিন্ন কোণের ত্রিকোণমিতিক অনুপাত,599,sec (-π/6) এর মান কত?,2/√3,-2/√3,2,-2,A,sec (-θ) = sec θ; sec (π/6) = 2/√3।,7
বিভিন্ন কোণের ত্রিকোণমিতিক অনুপাত,600,cosec (7π/4) এর মান কত?,√2,-√2,2,-2,B,cosec (2π - π/4) = -cosec (π/4); cosec (π/4) = √2।,7
